#ID	#CHROM	POS	A1	rsID	cV2F_BLOOD	Criterion 1	Criterion 2	group
1:949608:G:A	1	949608	A	rs1921	0.721561747789383	0.0057367341886677	0.0002593044950497999	Group D
1:1551927:T:C	1	1551927	C	rs7418389	0.432583773136139	-0.001882279671878	0.0004740159325412	Group D
1:1849529:A:G	1	1849529	G	rs28640257	0.446316650509834	0.0008289174025936	9.648336695129993e-05	Group D
1:1888193:C:A	1	1888193	A	rs3820011	0.399754321575165	0.0	1.46955549504287e-05	Group D
1:2085033:A:G	1	2085033	G	rs262662	0.338148257136345	0.0	2.9656716431836e-05	Group D
1:2091397:A:G	1	2091397	G	rs262651	0.543807974457741	-0.0037555936950932	0.0005541284022635004	Group D
1:2245633:C:T	1	2245633	T	rs2843151	0.5764722853899	-0.0020011623097065	0.0007679319675808999	Group D
1:2320702:T:C	1	2320702	C	rs4648633	0.656728172302246	0.0004932876661958	0.001073654405834	Group D
1:3328659:C:T	1	3328659	T	rs2493292	0.718707340955734	0.002009754500882	0.0009246962588066003	Group D
1:3594105:A:G	1	3594105	Group D	rs1122723	0.768792372941971	-0.0008834631202223	0.0008834631202223	Group D
1:3602340:A:G	1	3602340	Group D	rs3753206	0.754732298851013	-0.0001579036465723	0.0001579036465723	Group D
1:3669205:C:G	1	3669205	G	rs10910021	0.237093150615692	0.0	0.0003044804902194	Group D
1:4068052:G:A	1	4068052	A	rs6675979	0.815153443813324	0.0021643550539524	0.0013598744386194	Group D
1:4130684:T:C	1	4130684	C	rs4391636	0.642262196540833	-0.0006433148070978	0.00040447123857820005	Group D
1:5031561:A:G	1	5031561	G	rs7518523	0.323800820112228	0.0	4.53977316303532e-05	Group D
1:5113911:C:A	1	5113911	A	rs10799157	0.51526326239109	0.0	0.0004114762232373	Group D
1:5643758:C:T	1	5643758	T	rs1695645	0.418639579415321	-0.0017335762726046	0.0005877975565797998	Group D
1:6278414:A:G	1	6278414	G	rs709209	0.467590248584747	-0.0003796028617371	0.00011684027023160001	Group D
1:6279370:G:C	1	6279370	C	rs846111	0.482159775495529	-0.0008056774361847	0.0004079387648709999	Group D
1:6614535:G:A	1	6614535	A	rs4908923	0.784651112556458	-0.0048368239815558	0.0008370845391513998	Group D
1:6685851:C:A	1	6685851	Group D	rs12127219	0.805302357673645	0.000613273396687	0.000613273396687	Group D
1:6693097:A:G	1	6693097	G	rs3174820	0.31915862262249	0.0	0.0002277814994298	Group D
1:7375258:C:T	1	7375258	T	rs12128469	0.422529035806656	-0.0022439101836016	0.0006977399524937	Group D
1:7830262:T:C	1	7830262	Group D	rs2153733	0.754562765359879	0.0005590615692137	0.0005590615692137	Group D
1:7890117:T:C	1	7890117	C	rs2640909	0.564185193181038	0.0010392831673267	0.0008276773083899	Group D
1:8292471:T:G	1	8292471	Group D	rs299500	0.838953459262848	-0.0015171051101378	0.0015171051101378	Group D
1:8292761:G:A	1	8292761	A	rs299499	0.58536365032196	0.0	0.0004913706183686	Group D
1:8469789:C:T	1	8469789	Group D	rs2661868	0.886785513162613	0.0005451274078869	0.0005451274078869	Group D
1:8569906:C:T	1	8569906	T	rs11121194	0.553100103139877	0.0	0.0033573745822351	Group D
1:8581227:C:A	1	8581227	A	rs6577496	0.78877564072609	-0.004660436379408	0.0045905592922654654	Group B
1:9243811:G:T	1	9243811	T	rs797257	0.671765995025635	0.001335398733043	0.0005140844108466	Group D
1:9389218:T:C	1	9389218	C	rs732591	0.402488777041435	0.0	0.0001075045095794	Group D
1:9466292:C:A	1	9466292	Group D	rs11121406	0.771045577526093	-0.0002208229099212	0.0002208229099212	Group D
1:9713386:C:T	1	9713386	T	rs4240895	0.827192634344101	-0.0038688258566695	0.0013512514283991	Group D
1:10003320:G:A	1	10003320	Group D	rs1234694	0.765154159069061	0.0010142814203208	0.0010142814203208	Group D
1:10063098:A:G	1	10063098	G	rs3003378	0.444492819905281	0.0	0.0019876627391462	Group D
1:10093457:C:T	1	10093457	Group D	rs7528979	0.832522749900818	-0.0004186535838533	0.0004186535838533	Group D
1:10271688:C:G	1	10271688	Group D	rs11121529	0.853764885663986	0.0041758111797777	0.0041758111797777	Group B
1:10490111:T:C	1	10490111	Group D	rs649101	0.792853277921677	-0.0004671445367148	0.0004671445367148	Group D
1:10566272:C:T	1	10566272	T	rs616402	0.304392826557159	0.0	0.0007183981618738	Group D
1:10596341:C:T	1	10596341	Group D	rs12375	0.817548960447311	-0.0015148315282277	0.0015148315282277	Group D
1:10633273:G:A	1	10633273	A	rs6687502	0.383963862061501	0.0	0.0004055206426389	Group D
1:10734800:A:G	1	10734800	G	rs284315	0.628803163766861	0.0010549962565085	0.0008880551067856999	Group D
1:10789697:T:C	1	10789697	C	rs284279	0.493736574053764	0.000903742365123	0.0010281047421594	Group D
1:10957719:A:C	1	10957719	C	rs6670956	0.483414289355278	0.0	0.0005534853015233	Group D
1:11797234:T:C	1	11797234	C	rs17875913	0.838862419128418	-0.007955313063185	0.004035798525432799	Group B
1:11856378:G:A	1	11856378	A	rs1801133	0.404656445980072	-0.0040840612015961	0.0004371248225773002	Group D
1:11899033:G:T	1	11899033	T	rs1023252	0.540901044011116	0.0015166257935384	0.00017641971775489993	Group D
1:11906068:A:G	1	11906068	G	rs5065	0.609232565760613	0.0	0.000311668124193	Group D
1:12042261:A:G	1	12042261	Group D	rs2236055	0.862300115823746	0.002913004021163	0.002913004021163	Group D
1:12044164:C:T	1	12044164	T	rs1474868	0.720420330762863	0.0	0.0012675773728606	Group D
1:12082461:C:T	1	12082461	T	rs11588712	0.653099322319031	0.0	0.0004873635812394	Group D
1:12082926:A:G	1	12082926	G	rs2295283	0.355818277597427	0.0017736381181462	0.0005228235830639998	Group D
1:13744712:G:C	1	13744712	C	rs199886862	0.0	0.0	0.000204151893914	Group D
1:13802325:T:C	1	13802325	C	rs3013105	0.55582849085331	6.04325984041331e-06	7.018656826226749e-05	Group D
1:14752452:A:G	1	14752452	Group D	rs74724543	0.786513423919678	-0.0006361789700896	0.0006361789700896	Group D
1:14878386:G:A	1	14878386	A	rs12031233	0.690945875644684	0.0	0.0007455362883611	Group D
1:15089952:A:C	1	15089952	C	rs35437590	0.294045631587505	0.0018738411451745	0.0006205305536621001	Group D
1:15516299:T:C	1	15516299	Group D	rs10927709	0.848512232303619	-0.001195448723837	0.001195448723837	Group D
1:15569712:G:A	1	15569712	A	rs11585810	0.561525627970696	0.0012660569212079	0.0014793327565231999	Group D
1:15613478:G:A	1	15613478	Group D	rs536364	0.73389977812767	0.00151621146638	0.00151621146638	Group D
1:15708540:A:G	1	15708540	G	rs1010294	0.653124392032623	-0.0003395794643074	0.0005921055068338001	Group D
1:15808872:G:A	1	15808872	A	rs3766160	0.234663844108582	9.94517674679155e-05	0.0003675009376304845	Group D
1:16481366:C:T	1	16481366	Group D	rs61769950	0.902129036188126	-1.84507600302449e-05	1.84507600302449e-05	Group D
1:16508534:A:G	1	16508534	Group D	rs12057222	0.858141815662384	-0.000831838465421	0.000831838465421	Group D
1:16577908:G:C	1	16577908	C	rs12069239	0.211956396698952	0.0	0.0015672653216422	Group D
1:16679847:G:A	1	16679847	Group D	rs11588920	0.832358354330063	-0.0025191399883668	0.0025191399883668	Group D
1:16727305:G:GCTT	1	16727305	GCTT	rs139527123	0.0	-0.0007039118871509	0.0018567499290920002	Group D
1:17516523:A:G	1	17516523	Group D	rs2935944	0.814031451940537	-0.0026966799130204	0.0026966799130204	Group D
1:17520008:A:G	1	17520008	G	rs11203327	0.460113483667374	0.0	0.0023830139200162	Group D
1:17630727:T:C	1	17630727	Group D	rs2501787	0.893698489665985	-0.0005897303253925	0.0005897303253925	Group D
1:17630964:C:A	1	17630964	Group D	rs4625336	0.807719373703003	-0.0021148087649134	0.0021148087649134	Group D
1:17668563:G:A	1	17668563	A	rs35903413	0.719939976930618	-0.0003635035303542	0.0026894586209132	Group D
1:17918600:G:A	1	17918600	A	rs4920380	0.678044074773789	0.0	0.0003315255089503	Group D
1:18023690:A:G	1	18023690	G	rs2270976	0.700655102729797	0.0	0.0002971482079232	Group D
1:18110105:G:A	1	18110105	A	rs56041930	0.270784556865692	-0.0015921554422246	0.0005228242576258999	Group D
1:18159533:C:A	1	18159533	A	rs708090	0.541672828793526	-0.0009343924084001	0.0006362677355442	Group D
1:18669450:G:A	1	18669450	Group D	rs648097	0.851173156499863	0.0028384290249935	0.0028384290249935	Group D
1:18672774:G:A	1	18672774	A	rs542634	0.2872618958354	0.0	0.0014128396455579	Group D
1:18687883:A:G	1	18687883	G	rs2003724	0.555807399749756	0.0	0.0010351368045062	Group D
1:18730305:T:C	1	18730305	C	rs7523920	0.30582372546196	0.0	0.0003057846095409	Group D
1:18807938:C:A	1	18807938	A	rs2992754	0.464717704057694	0.0039147555910396	0.0006512634183142999	Group D
1:19170078:T:G	1	19170078	G	rs7534618	0.584756326675415	0.0	0.0001737852195514	Group D
1:19322851:G:A	1	19322851	A	rs1925704	0.383572602272034	-0.0004211785665252	0.0006772874602745001	Group D
1:19882170:T:G	1	19882170	G	rs10917493	0.478607511520386	0.0021689575894079	0.0010486630891941	Group D
1:19978895:A:G	1	19978895	G	rs753612	0.893275111913681	0.002626284913954	0.0019766589252592	Group D
1:20014753:G:A	1	20014753	Group D	rs7527271	0.884312230348587	0.0002745543930773	0.0002745543930773	Group D
1:20020994:C:T	1	20020994	T	rs4515815	0.438486647605896	0.0	0.0007941096305977	Group D
1:20171860:G:A	1	20171860	Group D	rs6426833	0.855769902467728	-0.0002761718009357	0.0002761718009357	Group D
1:20295022:T:G	1	20295022	G	rs4655020	0.334495297074318	-0.0003400563165856	4.03770667474e-05	Group D
1:20296319:C:T	1	20296319	T	rs17402685	0.289389397203922	-0.001566005243914	0.0006213525523161001	Group D
1:20915701:A:C	1	20915701	C	rs2072671	0.729127460718155	0.005366416443929	0.00024925001995900007	Group D
1:21072577:A:G	1	21072577	G	rs667687	0.343119949102402	-0.0031259655366478	0.0007845608375997002	Group D
1:21180181:C:T	1	21180181	T	rs2305463	0.311464500427246	0.0044729259798499	6.828814752890024e-05	Group D
1:21895008:C:T	1	21895008	T	rs1256331	0.730315071344376	0.0	0.0004037869633956	Group D
1:22030189:T:C	1	22030189	Group D	rs829372	0.777846902608872	0.0006724277484648	0.0006724277484648	Group D
1:22046558:A:C	1	22046558	C	rs10799708	0.441493824124336	0.0	0.0004020825504173	Group D
1:22214127:A:G	1	22214127	G	rs2229478	0.624726516008377	-0.0004821320413498	0.0003342676233229	Group D
1:22726495:A:G	1	22726495	G	rs4525015	0.293198043107986	-0.0005273291833601	0.0005613626637513	Group D
1:23409538:G:A	1	23409538	A	rs2235546	0.453784295916557	-0.0007202231409223	0.0003919703038273001	Group D
1:23419383:C:T	1	23419383	T	rs477830	0.417462861537933	-0.0015306356268112	0.0001088137015227001	Group D
1:23432346:C:T	1	23432346	T	rs1208930	0.129816760122776	-0.0056898303193748	0.00021111653381000045	Group D
1:23464415:T:G	1	23464415	G	rs9426803	0.14571859613061	0.0	3.31630164986331e-07	Group D
1:23724183:C:T	1	23724183	T	rs2275355	0.52077499628067	-0.0001117800401089	0.0003078520790405	Group D
1:23847464:C:A	1	23847464	A	rs2075995	0.542603859305382	0.0	0.0001077372862076	Group D
1:23849346:C:T	1	23849346	Group D	rs1555027	0.876023137569428	-0.0017166308359059	0.0017166308359059	Group D
1:23850023:G:C	1	23850023	C	rs6684709	0.39708759188652	0.0	0.0015239510953067	Group D
1:24134721:T:C	1	24134721	C	rs719400	0.603282681107521	0.0	0.0021244987760921	Group D
1:24175763:A:G	1	24175763	Group D	rs12404321	0.862379842996597	0.003993510074647	0.003993510074647	Group B
1:24180962:T:C	1	24180962	C	rs13551	0.347058573365212	-0.0007431610342414	0.0007723524272872001	Group D
1:24419496:A:G	1	24419496	G	rs4233050	0.293824501335621	0.0	0.000397494712778	Group D
1:24421474:G:A	1	24421474	A	rs6678540	0.342466446757317	0.0002724084137686	0.0004742496461649	Group D
1:24447468:G:C	1	24447468	C	rs3795299	0.585063701868057	0.0015683340358181	0.00019228411638329995	Group D
1:24466259:T:C	1	24466259	C	rs10751768	0.397773239016533	0.0	0.0009883246675689	Group D
1:24516690:G:A	1	24516690	Group D	rs1538633	0.901678609848022	0.0025933564467093	0.0025933564467093	Group D
1:24656001:T:G	1	24656001	Group D	rs12059221	0.783752888441086	0.0020483492874152	0.0020483492874152	Group D
1:24813422:T:G	1	24813422	Group D	rs195705	0.877369183301926	-0.0003074956226568	0.0003074956226568	Group D
1:24861704:G:A	1	24861704	A	rs196432	0.529180735349655	0.0	0.0003835296136658	Group D
1:25015530:A:G	1	25015530	G	rs4649014	0.618305903673172	-0.0007637467406865	0.00012768230932999993	Group D
1:25251424:G:A	1	25251424	A	rs742230	0.761706465482712	0.0094937850901682	0.0014495287654347003	Group D
1:25447125:G:A	1	25447125	Group D	rs6692950	0.771591597795487	-5.91027976898942e-05	5.91027976898942e-05	Group D
1:25570081:T:C	1	25570081	C	rs1043879	0.750049728155136	0.0009785963944717	0.0019005918887205	Group D
1:25688276:A:G	1	25688276	G	rs9689	0.605074483156204	0.0	0.0007364300224411	Group D
1:25719511:T:C	1	25719511	Group D	rs666686	0.75776127576828	-0.0030659991983633	0.0030659991983633	Group D
1:26664968:C:T	1	26664968	T	rs11247919	0.620194631814957	-4.04121440149858e-05	0.00022085202529341423	Group D
1:26673076:G:A	1	26673076	A	rs11247924	0.547979992628098	0.0008974291469829	0.000617373165796	Group D
1:26719115:T:C	1	26719115	C	rs11247946	0.208984845876694	0.0	0.0008177252698756	Group D
1:26735773:A:G	1	26735773	Group D	rs12122703	0.761321407556534	0.001209816505385	0.001209816505385	Group D
1:26869610:G:A	1	26869610	A	rs921893	0.897607409954071	-0.0096969891982831	0.0074375435120409995	Group B
1:26883511:A:C	1	26883511	C	rs2229712	0.699273747205734	0.0	0.0070742175319063	Group B
1:26900920:A:T	1	26900920	T	rs12118436	0.66747841835022	0.0	0.0001622593786712	Group D
1:27239920:C:G	1	27239920	G	rs6659176	0.569942265748978	-0.0037971753103	0.0009384909312788996	Group D
1:28216191:C:A	1	28216191	A	rs10751725	0.399707013368607	-0.0014358717312481	0.0005199843945427999	Group D
1:28800380:C:A	1	28800380	A	rs61785974	0.571659564971924	-0.0025180951699562	0.0018653741034258004	Group D
1:28983021:T:C	1	28983021	Group D	rs9426297	0.754145920276642	-0.0020498643139173	0.0020498643139173	Group D
1:30029261:T:C	1	30029261	C	rs28567981	0.0	0.0001473110508859	0.0007044619084136	Group D
1:30394090:T:C	1	30394090	C	rs12063790	0.350979462265968	0.0002101292059876	0.0007314032159424	Group D
1:30755532:G:A	1	30755532	A	rs58245	0.413897922635078	0.0	0.0002572712699011	Group D
1:30917152:T:C	1	30917152	C	rs55931246	0.311922587454319	0.0004937984750592	0.0010027617194185	Group D
1:30975928:C:T	1	30975928	T	rs12408702	0.351546028256416	0.0	0.0007438845500007	Group D
1:31151319:C:A	1	31151319	A	rs2700541	0.496524265408516	-0.0008686421576819	0.0006281761873401	Group D
1:31306486:T:C	1	31306486	C	rs4949310	0.630030155181885	0.0	0.0005167886315281	Group D
1:31314613:A:G	1	31314613	Group D	rs11589934	0.780301928520203	-0.0013027704317013	0.0013027704317013	Group D
1:31350566:T:C	1	31350566	C	rs2491133	0.814882165193558	-0.0065592390151151	0.0015091369951287003	Group D
1:32297561:A:G	1	32297561	Group D	rs61779657	0.764617818593979	-0.0014617075740432	0.0014617075740432	Group D
1:32345980:T:C	1	32345980	Group D	rs652112	0.882597434520721	4.03230514037667e-05	4.03230514037667e-05	Group D
1:34270498:G:A	1	34270498	A	rs10737374	0.412907227873802	0.0	0.0001561273163862	Group D
1:34473767:G:A	1	34473767	A	rs12085816	0.337320360541344	-0.0010458694511204	0.0005706474692489	Group D
1:34740456:T:C	1	34740456	C	rs879319	0.36445160806179	-0.0012327390684992	0.0003562934705002999	Group D
1:34753885:G:A	1	34753885	A	rs10914898	0.592476409673691	-0.0001560329714458	0.000407872997816	Group D
1:34996348:T:C	1	34996348	Group D	rs10799066	0.78224413394928	-0.002638707058852	0.002638707058852	Group D
1:34997944:G:A	1	34997944	A	rs1418483	0.68075795173645	0.0	0.0015753699703399	Group D
1:35154013:C:T	1	35154013	Group D	rs565742	0.745220404863358	-0.0001484266308008	0.0001484266308008	Group D
1:35378934:T:G	1	35378934	G	rs4652869	0.5462103754282	0.0	0.0001093770933818	Group D
1:35968899:A:G	1	35968899	G	rs1203148	0.239737810194492	0.0008853515894079	0.0007919614882118001	Group D
1:37169665:C:T	1	37169665	T	rs218985	0.560530632734299	0.0	2.38291504498451e-05	Group D
1:37410906:A:C	1	37410906	C	rs3767081	0.63411665558815	0.0029839021330985	0.0003800895501742999	Group D
1:37596240:G:T	1	37596240	T	rs215773	0.365784722566605	0.0	0.0003851148672608	Group D
1:37737330:G:A	1	37737330	A	rs884405	0.27152686715126	0.0	0.0002835038066291	Group D
1:38023316:C:T	1	38023316	T	rs11749	0.493701243400574	6.0953690439915e-05	0.00033657048280438497	Group D
1:38188841:G:A	1	38188841	A	rs12121777	0.391823074221611	0.0061887747429926	0.0007260536252514998	Group D
1:38224635:T:G	1	38224635	G	rs565645	0.201671969890594	0.0	0.000380755961545	Group D
1:38227086:A:T	1	38227086	T	rs4653328	0.533456656336784	-0.0014024160648486	0.00015517146266839986	Group D
1:38731931:C:A	1	38731931	Group D	rs2637883	0.736163991689682	0.0002893783985717	0.0002893783985717	Group D
1:39059003:C:T	1	39059003	T	rs1925383	0.585742032527924	0.0005468037202442	0.0007229748940767	Group D
1:39284747:A:G	1	39284747	G	rs1008045	0.454772397875786	0.0	0.0001993223233346	Group D
1:39339256:G:A	1	39339256	A	rs2296456	0.867067140340805	-0.0003579909599857	0.00026525953288769995	Group D
1:39407589:C:A	1	39407589	Group D	rs11811894	0.79614971280098	-0.0008080581030084	0.0008080581030084	Group D
1:39458110:A:G	1	39458110	Group D	rs7553434	0.777388179302216	0.0004606455336699	0.0004606455336699	Group D
1:39511058:G:A	1	39511058	A	rs3901310	0.639308780431747	-0.0022067281751148	0.0008906347459481001	Group D
1:39914363:G:C	1	39914363	C	rs668556	0.264082838594914	-0.0040875381530194	0.00023526347700649972	Group D
1:40363054:G:C	1	40363054	C	rs3134614	0.59017995595932	0.0	0.0003780263204916	Group D
1:40395169:A:G	1	40395169	G	rs3103780	0.359649848937988	0.0062932146470204	0.0004004788801564999	Group D
1:40493965:A:G	1	40493965	G	rs7549080	0.421273669600487	0.0006100765185039	0.0009566260804371	Group D
1:40773149:T:C	1	40773149	C	rs2228564	0.535806912183762	-0.0007547862029511	0.0005475714261074001	Group D
1:40845981:T:C	1	40845981	Group D	rs209580	0.832509166002274	-0.0026721858013112	0.0026721858013112	Group D
1:40867801:A:G	1	40867801	G	rs393985	0.620389378070831	0.0	0.0005772701734304	Group D
1:40904757:C:T	1	40904757	T	rs209619	0.530855080485344	0.0015029880198915	0.0019167123799638	Group D
1:40915365:T:C	1	40915365	Group D	rs12727226	0.858959996700287	0.0009192610676751	0.0009192610676751	Group D
1:41346428:T:C	1	41346428	C	rs35809276	0.510851603746414	0.0	4.44743288784158e-05	Group D
1:42092152:A:G	1	42092152	Group D	rs943375	0.81757829785347	0.0028077386959527	0.0028077386959527	Group D
1:42120011:A:G	1	42120011	G	rs10890160	0.361564669013023	0.0	0.0026244848446383	Group D
1:42630364:G:A	1	42630364	A	rs2071499	0.646286654472351	0.0	0.0014791979661039	Group D
1:42748731:C:A	1	42748731	A	rs3754280	0.805252140760422	-0.0028223241225307	0.0024461716006101003	Group D
1:43201534:G:A	1	43201534	A	rs4660658	0.605439585447311	-0.0002903116832023	0.0006070460483471001	Group D
1:43381026:A:G	1	43381026	Group D	rs1098782	0.629069286584854	-3.72570759464835e-05	3.72570759464835e-05	Group D
1:43398396:A:G	1	43398396	G	rs3820548	0.571309292316437	0.0025445897465354	0.0006649195333096	Group D
1:43439346:A:G	1	43439346	G	rs16830164	0.52231796681881	0.0	0.0007209730714568	Group D
1:43450729:C:T	1	43450729	T	rs11210774	0.579345262050629	0.0009142585833647	3.856553186100007e-06	Group D
1:43524599:T:C	1	43524599	Group D	rs17140052	0.736974835395813	-0.001815624587471	0.001815624587471	Group D
1:43649508:A:G	1	43649508	G	rs663824	0.557102093100548	0.000378297296465	0.0013769889085101	Group D
1:44137257:C:A	1	44137257	A	rs586339	0.562212190032005	-0.0029255351749556	0.0002996003587278002	Group D
1:44319373:G:A	1	44319373	A	rs3011225	0.697585237026215	0.0	2.49405804247617e-07	Group D
1:44595047:T:A	1	44595047	A	rs11210969	0.297712150216103	-0.0027794365054032	0.00037650417791330014	Group D
1:45224998:A:C	1	45224998	C	rs4342887	0.561757838726044	0.0017704711187284	0.0002963762646162999	Group D
1:45716285:G:T	1	45716285	T	rs3121730	0.379819968342781	0.004301470337615	0.0012559736297538	Group D
1:45810865:G:A	1	45810865	A	rs17853159	0.66406044960022	0.0	0.0002522937609452	Group D
1:45957039:G:T	1	45957039	Group D	rs937291	0.777469646930695	0.0027568428194578	0.0027568428194578	Group D
1:45971759:T:C	1	45971759	C	rs10789465	0.238036312162876	0.0	0.0005035400450193	Group D
1:46087577:G:A	1	46087577	A	rs3014242	0.426460489630699	0.0009659310023871	0.0013484938120038	Group D
1:46476587:T:G	1	46476587	G	rs11211247	0.378780898451805	-0.0063116252510222	0.0007065615560875003	Group D
1:47398496:A:G	1	47398496	G	rs1126742	0.360551977157593	0.0010208293203118	0.0009760469148063001	Group D
1:47645995:T:C	1	47645995	Group D	rs2245122	0.798579722642899	-0.0008155863583079	0.0008155863583079	Group D
1:47676233:A:G	1	47676233	G	rs741959	0.623381513357163	0.0	0.0049191614706243	Group B
1:47702368:T:C	1	47702368	Group D	rs2008713	0.889680147171021	-0.0063058289173327	0.0063058289173327	Group B
1:47767914:G:A	1	47767914	A	rs3125630	0.430962494015694	0.0	8.25478509323282e-06	Group D
1:49025436:A:G	1	49025436	G	rs11205506	0.465517017245293	0.0	2.82966491564446e-05	Group D
1:49043898:T:G	1	49043898	G	rs2798123	0.30536701977253	-0.0001647531858929	0.0005805200585743001	Group D
1:50588665:C:T	1	50588665	T	rs2480693	0.430199438333511	0.0	0.0004909569052782	Group D
1:51826921:T:C	1	51826921	C	rs17567	0.580105876922607	0.0033345289643055	0.0007290200415332	Group D
1:53076663:T:C	1	53076663	C	rs7529595	0.313992138206959	0.0	3.61388677698909e-05	Group D
1:53153432:T:C	1	53153432	C	rs443751	0.630829882621765	0.0002246330955103	0.0004574749206152	Group D
1:53309097:A:G	1	53309097	Group D	rs536621	0.79376802444458	0.0002253675423629	0.0002253675423629	Group D
1:53320274:G:T	1	53320274	T	rs480299	0.760762518644333	0.0003011675426821	0.00041221560859199994	Group D
1:53764635:G:A	1	53764635	A	rs2782500	0.423458930850029	0.0	0.0004787598237391	Group D
1:53765419:A:G	1	53765419	G	rs2782499	0.409218016266823	6.94548762552285e-05	0.00042412272358317155	Group D
1:53980389:C:T	1	53980389	T	rs41313369	0.696110540628433	0.0007583415627227	0.0006943723427423001	Group D
1:54382357:C:G	1	54382357	G	rs34779808	0.628328776359558	5.6491522809967e-05	0.0010705143724038329	Group D
1:54591322:G:A	1	54591322	A	rs612368	0.407179579138756	0.0	0.0001441119374015	Group D
1:54638374:T:C	1	54638374	C	rs12138007	0.647831702232361	0.0006997639621731	0.0010066205385905	Group D
1:54875311:A:C	1	54875311	Group D	rs213495	0.878758180141449	-0.0015955897564559	0.0015955897564559	Group D
1:55119534:C:T	1	55119534	T	rs17399810	0.484818449616432	0.0	0.0004469898571423	Group D
1:55910621:T:C	1	55910621	C	rs4927236	0.697111505270004	0.0	0.0014285533449929	Group D
1:55912184:C:T	1	55912184	Group D	rs1986518	0.733097314834595	0.0034073256645258	0.0034073256645258	Group D
1:55976706:G:A	1	55976706	A	rs1740122	0.474516808986664	0.0	0.0001884918708774	Group D
1:55984933:T:C	1	55984933	C	rs12757934	0.363342180848122	0.0	0.0008842773601352	Group D
1:56269443:C:T	1	56269443	T	rs4607937	0.680101418495178	0.0	0.0003116073223497	Group D
1:56292252:A:C	1	56292252	Group D	rs17112883	0.7576111972332	-0.0021209170678568	0.0021209170678568	Group D
1:56328596:G:T	1	56328596	T	rs4926698	0.362528815865517	0.000796838463973	0.0010524212070247	Group D
1:56446296:G:A	1	56446296	A	rs10749703	0.586197072267532	-0.0030736838400917	0.00029083852770309983	Group D
1:56766626:C:T	1	56766626	T	rs1417772	0.377287104725838	-0.0028741742034737	0.0006448149306928002	Group D
1:56898998:C:T	1	56898998	T	rs4363444	0.680840802192688	-0.0060287989899075	0.0005615612738804005	Group D
1:56900270:C:T	1	56900270	T	rs875153	0.398417207598686	-0.0005230272680853	0.0002515735212163	Group D
1:57632487:G:A	1	57632487	A	rs155288	0.320022547245026	0.0007454788929452	0.00037426677881340005	Group D
1:57645301:C:A	1	57645301	A	rs1504589	0.546069532632828	7.87092996868102e-05	0.0004413957499169898	Group D
1:57646055:G:A	1	57646055	A	rs4912432	0.617612451314926	0.0002878693445772	0.0005150465189034	Group D
1:57850717:A:C	1	57850717	C	rs11805025	0.270075875520706	0.0	0.0001128493510537	Group D
1:57883320:T:C	1	57883320	C	rs574726	0.334562441706657	0.0002918563291411	0.0006682312457215	Group D
1:59423103:G:A	1	59423103	A	rs3949912	0.412705138325691	0.0012793910040673	0.0006510942596707999	Group D
1:59647365:T:C	1	59647365	C	rs11207422	0.487344801425934	-0.0005785392014301	0.0004616440471871	Group D
1:60460733:C:A	1	60460733	Group D	rs642307	0.762667107582092	0.0008470432985597	0.0008470432985597	Group D
1:61522880:C:T	1	61522880	Group D	rs12565220	0.887708747386932	0.0026088400377487	0.0026088400377487	Group D
1:61880714:A:G	1	61880714	G	rs2474373	0.550177815556526	0.0	0.0007992250221193	Group D
1:61999181:A:G	1	61999181	G	rs11801816	0.323525246977806	0.0	0.0002803929669204	Group D
1:62026961:T:C	1	62026961	C	rs12723850	0.365940549969673	0.0	0.0003120370853507	Group D
1:62351893:G:A	1	62351893	A	rs10889265	0.27504668533802	-0.001218616738533	0.0008111621687427999	Group D
1:62456014:G:A	1	62456014	A	rs1134767	0.640267777442932	0.001014064509463	0.00039799686808369983	Group D
1:62676091:C:A	1	62676091	A	rs11207933	0.911587023735046	0.0003144543577058	0.00042108238473419993	Group D
1:62901807:C:A	1	62901807	Group D	rs631106	0.813798046112061	-0.0004487372729485	0.0004487372729485	Group D
1:64709250:G:A	1	64709250	Group D	rs34824399	0.807909071445465	0.0001731334992757	0.0001731334992757	Group D
1:66166499:T:C	1	66166499	C	rs7524581	0.510126572847366	0.001373707631209	9.123130466009988e-05	Group D
1:66169679:G:A	1	66169679	A	rs12753193	0.659106409549713	0.0031668721539487	0.000388759050254	Group D
1:67142675:T:C	1	67142675	C	rs11208943	0.695387887954712	0.0	0.0001194995587491	Group D
1:67390468:C:G	1	67390468	G	rs1886686	0.861117136478424	-0.0165082742490037	0.0011667227972431988	Group C
1:67470843:C:T	1	67470843	T	rs2755253	0.457435771822929	-0.0007165097071128	0.0017076010760336	Group D
1:67472280:G:A	1	67472280	A	rs2815349	0.452391329407692	-0.0004276599031457	0.00016651259584719998	Group D
1:67560956:C:T	1	67560956	T	rs11208997	0.60245007276535	-0.0019696010987125	0.0009243459539831998	Group D
1:67601132:G:T	1	67601132	Group D	rs11209003	0.84157400727272	-0.0034655381432119	0.0034655381432119	Group D
1:67618678:A:G	1	67618678	G	rs11209005	0.375881397724152	0.0	0.001362204861806	Group D
1:67655954:A:G	1	67655954	G	rs6688383	0.377742648124695	0.0	0.0010730493979577	Group D
1:68115186:T:C	1	68115186	C	rs173180	0.337600958347321	-0.0028928618569947	0.0009055764404667	Group D
1:68195741:G:A	1	68195741	Group D	rs7528997	0.781271243095398	0.0002050767128548	0.0002050767128548	Group D
1:68313138:T:C	1	68313138	C	rs12083080	0.61510893702507	0.0	0.0002132155436006	Group D
1:68343517:C:T	1	68343517	T	rs11581047	0.574964332580566	0.0	0.001758903493011	Group D
1:68355649:T:C	1	68355649	Group D	rs4548410	0.734249341487885	0.0033853585727221	0.0033853585727221	Group D
1:68358177:C:T	1	68358177	T	rs7520899	0.466815280914307	-0.0002996191065183	0.0013247057620339	Group D
1:68946030:A:C	1	68946030	C	rs10493446	0.394611436128616	-7.75675001674695e-06	2.789932904474175e-05	Group D
1:68958675:A:C	1	68958675	C	rs6658851	0.513321200013161	-0.0015841648255626	0.00020074763818670014	Group D
1:70013954:T:C	1	70013954	C	rs7526574	0.426536285877228	0.0005164729273027	0.0006143729092245	Group D
1:70236419:G:T	1	70236419	T	rs1340771	0.261885920166969	0.0050382736202711	0.0002075862401102	Group D
1:70396007:C:T	1	70396007	T	rs12756253	0.457003179192543	-0.0008210182772068	0.0005116136743212	Group D
1:70411044:G:A	1	70411044	A	rs12025026	0.322665822505951	-0.0013227376198783	0.0001399914451261999	Group D
1:70904800:G:T	1	70904800	T	rs1021737	0.410624051094055	0.0	0.0002628431372221	Group D
1:70930788:G:A	1	70930788	A	rs6424388	0.375718474388123	0.0004389788435121	0.0004103869775666	Group D
1:73302426:C:A	1	73302426	A	rs67133442	0.32533286511898	0.0	0.0001258097541757	Group D
1:73551507:G:A	1	73551507	A	rs12138334	0.257885454595089	0.0	0.0001409793206699	Group D
1:73665844:A:G	1	73665844	G	rs4650201	0.295133192837238	0.0005997519840999	3.3570490034799975e-05	Group D
1:73880654:A:G	1	73880654	G	rs10465868	0.335633857548237	-0.0021871424257705	3.9804968531099993e-05	Group D
1:74041576:T:C	1	74041576	C	rs12025606	0.415143355727196	0.0	0.0001249719686143	Group D
1:75149512:A:G	1	75149512	Group D	rs696667	0.758174818754196	-0.0034136320416967	0.0034136320416967	Group D
1:75149922:G:T	1	75149922	T	rs696668	0.380830553174019	0.0	0.0020670162880526	Group D
1:75523698:G:A	1	75523698	A	rs12065538	0.193842644989491	0.0	0.0002123611161602	Group D
1:76023860:G:T	1	76023860	T	rs7518629	0.42653514444828	0.0	0.0003309987342576	Group D
1:76055098:C:T	1	76055098	T	rs396106	0.17129237651825	0.0	0.0002226169747929	Group D
1:76612002:A:G	1	76612002	G	rs392809	0.290777838230133	0.0	0.0002306251242499	Group D
1:77004685:G:A	1	77004685	A	rs6593544	0.26239019036293	-0.0043337616961743	0.0012272753325224999	Group D
1:78392446:G:A	1	78392446	A	rs1166698	0.880630397796631	-0.0006880790536913	0.0026344418896912	Group D
1:78469660:A:G	1	78469660	G	rs11162405	0.741077667474747	-0.0034757979904035	0.0029547631665488	Group D
1:78875298:G:A	1	78875298	A	rs490938	0.499710527062416	-0.0038792249650137	0.0009362225227574996	Group D
1:79357360:G:C	1	79357360	C	rs2275902	0.558878529071808	-0.0034939476826207	0.0007372220559393006	Group D
1:79839639:C:T	1	79839639	T	rs12734357	0.663747727870941	0.0	0.0001966101734627	Group D
1:79851489:C:T	1	79851489	T	rs11581855	0.2812374740839	0.0	5.76266278346549e-06	Group D
1:79944160:T:C	1	79944160	C	rs12754109	0.58064369559288	0.0006032375751495	0.0004909760272782	Group D
1:81598364:A:G	1	81598364	G	rs1768388	0.31182117164135	0.0001392217555844	0.0001886479210471	Group D
1:81696823:T:C	1	81696823	C	rs3934259	0.478108924627304	-4.39719238385619e-05	0.0007836851157499381	Group D
1:81780409:T:C	1	81780409	Group D	rs17452772	0.81299684047699	0.0017881071110734	0.0017881071110734	Group D
1:81796081:T:G	1	81796081	G	rs4362025	0.550731700658798	0.0	0.0003288710792586	Group D
1:82143805:C:T	1	82143805	T	rs489438	0.497245311737061	0.0006210990957948	0.0009713982900890999	Group D
1:83358442:G:A	1	83358442	A	rs1146366	0.39745309650898	0.0	0.0005681876278304	Group D
1:83468985:G:A	1	83468985	A	rs6703784	0.436140844225884	0.0	0.0001468784137221	Group D
1:83891406:G:T	1	83891406	T	rs3850432	0.5502122849226	0.0	0.0001577924838849	Group D
1:83980082:C:T	1	83980082	T	rs12040151	0.522273567318916	-0.0012891957712161	0.0006807313641243999	Group D
1:84026971:A:G	1	84026971	G	rs7516317	0.389788416028023	0.0005120102795203	0.00036340428882789997	Group D
1:84384825:G:A	1	84384825	Group D	rs1324486	0.770435696840286	0.0001822177343369	0.0001822177343369	Group D
1:84873835:A:G	1	84873835	Group D	rs1981254	0.781135886907578	0.0062984213445096	0.0062984213445096	Group B
1:84875173:C:T	1	84875173	T	rs6576700	0.650550556182861	0.0	0.0044184930632118	Group B
1:84878228:C:T	1	84878228	T	rs7511984	0.361501359939575	0.0	0.001396326985994	Group D
1:85246297:A:G	1	85246297	G	rs9724696	0.52242431640625	0.0	0.0005142292236277	Group D
1:85335709:A:G	1	85335709	G	rs7512497	0.472526693344116	0.0018358258435913	0.0004494619601474999	Group D
1:85341348:T:C	1	85341348	C	rs10158066	0.341070955991745	0.0004336374183247	8.855662336800039e-06	Group D
1:85396158:T:C	1	85396158	C	rs607345	0.595510250329971	0.0	1.40492717655643e-05	Group D
1:85690187:C:A	1	85690187	Group D	rs1498380	0.771655696630478	-0.0008853936927218	0.0008853936927218	Group D
1:85712287:C:T	1	85712287	T	rs3942955	0.395193427801132	0.0	0.0006555395006354	Group D
1:86037931:C:T	1	86037931	Group D	rs2297138	0.776732498407364	-0.0008849244674802	0.0008849244674802	Group D
1:86488232:G:A	1	86488232	A	rs641712	0.144197332859039	-0.004544987256708	0.0005076027808104998	Group D
1:86900372:C:G	1	86900372	G	rs17409304	0.59649076461792	0.0031597826924554	0.00026296144350869974	Group D
1:87371762:C:T	1	87371762	T	rs561104	0.466819301247597	0.0014138982271664	0.0007665509586829	Group D
1:89271574:T:C	1	89271574	C	rs786906	0.136959674209356	-0.0033484077675543	0.0006367510370907997	Group D
1:89505043:G:T	1	89505043	Group D	rs2149186	0.766606485843658	-0.001692354337814	0.001692354337814	Group D
1:90072888:C:T	1	90072888	Group D	rs1215547	0.885902035236359	-0.0019358387808312	0.0019358387808312	Group D
1:90125566:G:A	1	90125566	Group D	rs2390794	0.800543755292893	0.0003615167595998	0.0003615167595998	Group D
1:90179532:A:G	1	90179532	G	rs12032393	0.503894400596619	0.0	0.0003874299896498	Group D
1:90227682:T:C	1	90227682	Group D	rs10922710	0.794488924741745	-0.0008077733414345	0.0008077733414345	Group D
1:90456097:C:G	1	90456097	Group D	rs2490113	0.787794464826584	-0.0002406227437784	0.0002406227437784	Group D
1:91322623:G:A	1	91322623	A	rs1624782	0.594861489534378	0.0011315493171502	0.0006264300650739001	Group D
1:92021705:A:G	1	92021705	G	rs17501937	0.799492329359055	0.0065239503481725	0.0016336762932203002	Group D
1:92036340:T:C	1	92036340	C	rs12141173	0.537905690073967	0.0	0.0003577530145621	Group D
1:92146890:A:G	1	92146890	Group D	rs17571088	0.759970515966415	0.0004332795138566	0.0004332795138566	Group D
1:92296222:A:C	1	92296222	Group D	rs12726500	0.808667027950287	0.0006076879581799	0.0006076879581799	Group D
1:92373349:A:G	1	92373349	G	rs2479871	0.475012904405594	0.0	0.000383227202047	Group D
1:92445257:C:G	1	92445257	G	rs3088232	0.57714895606041	0.0029041234273278	0.0004129313759140001	Group D
1:93620393:G:A	1	93620393	A	rs1060622	0.395613098144531	3.67897766659669e-06	0.0002294527759085033	Group D
1:93646418:C:T	1	93646418	T	rs10874763	0.879072320461273	0.0031893359088061	0.00022158671385910005	Group D
1:94445839:T:C	1	94445839	C	rs41353346	0.696261239051819	0.0020393354838577	0.0006112874551072998	Group D
1:94549083:T:C	1	94549083	C	rs574741	0.45229098200798	-0.004576632310737	0.0006882441933230002	Group D
1:95110434:G:A	1	95110434	A	rs715813	0.432694366574287	-0.0008210450791285	0.0003724514645484999	Group D
1:95352399:G:A	1	95352399	A	rs6541374	0.412237519025803	0.0009450623801922	0.0011668162959565002	Group D
1:95353206:G:T	1	95353206	T	rs943199	0.442640542984009	0.0	5.20913665983475e-05	Group D
1:95428051:T:C	1	95428051	Group D	rs10493881	0.766530001163483	0.0013558601511593	0.0013558601511593	Group D
1:96701718:G:A	1	96701718	A	rs574735	0.619481468200684	0.0	4.71318516370018e-06	Group D
1:96737383:C:T	1	96737383	T	rs161670	0.247372874617577	0.0	4.87918327569492e-05	Group D
1:96745594:A:G	1	96745594	G	rs161994	0.26134308129549	0.0	0.0003206025252645	Group D
1:96836370:G:A	1	96836370	Group D	rs11165603	0.819562256336212	-0.0002194201617931	0.0002194201617931	Group D
1:97571799:A:G	1	97571799	G	rs993568	0.374310258030891	-0.0004826052661468	0.0005456345462514999	Group D
1:97887414:T:C	1	97887414	C	rs10875086	0.4499526232481	-0.0016148869247612	0.0006163624235344001	Group D
1:97918306:C:T	1	97918306	T	rs3897854	0.469775751233101	0.0	7.1897559269841e-05	Group D
1:97920956:T:C	1	97920956	C	rs12354219	0.311541903018951	0.0	2.51220758260176e-05	Group D
1:98652088:T:G	1	98652088	G	rs822559	0.391877239942551	-0.0010965272173037	0.00045538202361010004	Group D
1:98676367:G:A	1	98676367	A	rs12097515	0.864343047142029	0.0018078008204276	0.0002544472378204002	Group D
1:99610153:A:G	1	99610153	G	rs863686	0.43605762720108	0.000473832689725	0.00012910560901289997	Group D
1:99637572:G:A	1	99637572	A	rs687101	0.25847804993391	0.0009170980948108	0.000390460195309	Group D
1:99731437:T:G	1	99731437	G	rs6577371	0.382388132810593	-0.000430343875224	0.0002139731970327	Group D
1:100931073:A:C	1	100931073	Group D	rs3754131	0.747604513168335	-3.00301165829994e-05	3.00301165829994e-05	Group D
1:101203698:C:T	1	101203698	T	rs3176878	0.666876792907715	-0.0061378011272134	0.0009711864777017	Group D
1:101222657:A:G	1	101222657	G	rs10875333	0.392594313621521	0.0	0.0019055293219823	Group D
1:101231300:T:C	1	101231300	C	rs10875335	0.374659135937691	0.0	0.0004416140149202	Group D
1:101235841:A:G	1	101235841	G	rs1409423	0.552667334675789	0.0	0.0094442170242724	Group B
1:101260555:C:A	1	101260555	Group D	rs2182465	0.745566338300705	0.0130190736638237	0.0130190736638237	Group A
1:101386179:T:C	1	101386179	C	rs12569174	0.587406897544861	0.001881941196678	0.0019073571233873998	Group D
1:101638999:G:A	1	101638999	A	rs7367938	0.413359525799751	0.0006521350798712	0.0012159029715431	Group D
1:101644898:G:A	1	101644898	Group D	rs12090198	0.845217901468277	-0.0032261792751219	0.0032261792751219	Group D
1:101703249:T:C	1	101703249	Group D	rs1411017	0.912120515108109	-0.0034393547016487	0.0034393547016487	Group D
1:101704577:C:G	1	101704577	G	rs41287280	0.83411665558815	0.0104760483722097	0.005429438392470698	Group B
1:101733328:T:C	1	101733328	C	rs12760559	0.213892355561256	0.0	0.0004388212433221	Group D
1:101765925:C:T	1	101765925	T	rs10493945	0.511733907461166	0.0009325653471876	0.0004128355408068001	Group D
1:101770714:G:T	1	101770714	T	rs12735623	0.4672747194767	0.0037122668374871	0.00023782729477859945	Group D
1:101815604:T:C	1	101815604	C	rs4907938	0.564368230104446	-0.0046617302171349	1.9242167784799986e-05	Group D
1:102799057:T:C	1	102799057	C	rs2792007	0.271366502344608	0.0	0.0005411484970977	Group D
1:103128845:C:T	1	103128845	T	rs10874638	0.487814763188362	0.0	0.0002964875503492	Group D
1:103324532:C:A	1	103324532	Group D	rs10874660	0.744880223274231	0.0003107151049331	0.0003107151049331	Group D
1:104775597:A:G	1	104775597	G	rs1928322	0.312807163596153	0.0006125508608822	0.0005963023420400001	Group D
1:104789235:A:G	1	104789235	G	rs2317080	0.431333032250404	0.0001685410913163	3.71219724321e-05	Group D
1:105138454:C:T	1	105138454	T	rs12060689	0.267045465111733	0.0	5.16409518475086e-05	Group D
1:105449139:C:T	1	105449139	T	rs1376368	0.27621103823185	7.28686264978147e-07	0.0003629728001232219	Group D
1:106765746:C:T	1	106765746	T	rs72703717	0.419796600937843	0.0002687682764227	0.0008354964673859	Group D
1:106865224:A:C	1	106865224	C	rs4564167	0.266415111720562	0.001155085607415	0.0005920189481743001	Group D
1:107441688:T:C	1	107441688	C	rs1568375	0.460699656605721	-0.0002760846524692	0.0005214134457576	Group D
1:107646623:A:G	1	107646623	G	rs1572282	0.399478286504746	0.0005650108948743	0.0006590553448225999	Group D
1:108014380:C:T	1	108014380	T	rs7522375	0.515095049142838	0.0021622199034248	0.00044172371287219984	Group D
1:108448202:T:C	1	108448202	C	rs10494083	0.391965574026108	0.0	0.000515466626314	Group D
1:109643380:G:C	1	109643380	Group D	rs534027	0.802718055248261	-0.0004082419177431	0.0004082419177431	Group D
1:109704361:A:G	1	109704361	G	rs679224	0.547584176063538	0.0	0.0005719066897768	Group D
1:109735416:A:C	1	109735416	C	rs659543	0.522329926490784	0.0011626640361946	7.575138022810008e-05	Group D
1:109817590:G:T	1	109817590	Group D	rs12740374	0.906469732522964	0.0025083862931005	0.0025083862931005	Group D
1:109818306:G:T	1	109818306	T	rs629301	0.519069311022759	0.0	0.0008637975371931	Group D
1:110054290:A:G	1	110054290	Group D	rs12066164	0.762733221054077	0.0048293073975831	0.0048293073975831	Group B
1:110061479:C:T	1	110061479	T	rs528815	0.587032994627953	0.0	0.0037957970767801	Group B
1:110061625:T:C	1	110061625	C	rs534135	0.429781305789948	0.0	0.000139975778053	Group D
1:110209906:G:A	1	110209906	A	rs638820	0.254831360280514	0.0001380404814269	0.0001601301216088	Group D
1:110466338:C:A	1	110466338	A	rs333970	0.625126779079437	0.0	0.0014824339791112	Group D
1:110470764:G:A	1	110470764	Group D	rs333947	0.796842968463898	0.0034202498288223	0.0034202498288223	Group D
1:110530995:G:C	1	110530995	C	rs3768480	0.513521412014961	-0.0021491084324158	0.001839906616352	Group D
1:110666410:A:G	1	110666410	G	rs11102058	0.314058789610863	0.001295595487849	0.0009576387340963	Group D
1:110879634:A:G	1	110879634	G	rs4838999	0.238732010126114	0.0	0.0004329299252027	Group D
1:110886538:A:G	1	110886538	Group D	rs4839342	0.758562260866165	0.0017113858758125	0.0017113858758125	Group D
1:110950439:C:T	1	110950439	T	rs6674775	0.837440985441208	0.0	0.0010865611424593	Group D
1:111071279:G:A	1	111071279	A	rs1339700	0.398126789927483	0.0	0.0002154234144393	Group D
1:111349441:G:A	1	111349441	A	rs343758	0.34140302836895	0.0005959413003922	0.0008055278594256	Group D
1:111494194:C:T	1	111494194	T	rs2232041	0.252185708284378	-4.10312742046668e-06	0.00015416695405863333	Group D
1:112162878:A:G	1	112162878	Group D	rs11102318	0.745993381738663	0.0003153513587204	0.0003153513587204	Group D
1:112973783:A:C	1	112973783	Group D	rs2483350	0.814120692014694	0.0006006389187631	0.0006006389187631	Group D
1:113334191:G:A	1	113334191	A	rs10857976	0.636442762613297	8.14228329362123e-05	0.0006379973761877877	Group D
1:113615444:G:A	1	113615444	Group D	rs1778024	0.797629642486572	0.0013554828710013	0.0013554828710013	Group D
1:113659065:ACT:A	1	113659065	A	rs398053355	0.0	0.0022945506011097	0.0007969920940913999	Group D
1:113819412:T:C	1	113819412	C	rs750179	0.672750270366669	0.0	0.0009019746899506	Group D
1:114166561:A:G	1	114166561	G	rs6669008	0.202285262942314	0.0	0.0005969291905641	Group D
1:114323318:T:C	1	114323318	Group D	rs3789599	0.808467966318131	1.44330758595865e-05	1.44330758595865e-05	Group D
1:114377568:A:G	1	114377568	G	rs2476601	0.627450728416443	0.0204046682908651	0.004823647023187501	Group B
1:114429461:G:A	1	114429461	Group D	rs2358994	0.73694030046463	-0.0017838636449422	0.0017838636449422	Group D
1:114449662:T:C	1	114449662	Group D	rs3761936	0.800952506065369	-0.0034033835309516	0.0034033835309516	Group D
1:114519351:T:G	1	114519351	G	rs10732635	0.808943539857864	0.0026343625724312	0.0017254735633533999	Group D
1:114753010:A:G	1	114753010	G	rs12029255	0.341365748643875	0.0	0.0004286692570695	Group D
1:114941326:C:T	1	114941326	T	rs3789615	0.644600743055344	0.0004221603090688	0.0012428796877765	Group D
1:115168097:T:C	1	115168097	C	rs12136548	0.620990604162216	-0.0003729965212038	0.0001379872275695	Group D
1:115168600:A:T	1	115168600	T	rs7541738	0.641282749176025	0.002353641400327	0.00039122736666659993	Group D
1:115239816:A:G	1	115239816	G	rs926938	0.283265839517117	0.0	0.001210240102099	Group D
1:115266306:C:T	1	115266306	Group D	rs2007231	0.733749967813492	0.0020013367338983	0.0020013367338983	Group D
1:116205021:G:A	1	116205021	A	rs7540389	0.348331233859062	0.0	3.79499796756786e-05	Group D
1:116976436:C:T	1	116976436	Group D	rs72693795	0.755224084854126	0.0019392709144487	0.0019392709144487	Group D
1:117660754:C:T	1	117660754	T	rs749902	0.64560484290123	0.0009473173380974	0.0001814485020930999	Group D
1:117839081:T:C	1	117839081	C	rs873975	0.276617926359177	0.0	6.6471117868152e-05	Group D
1:117883834:A:G	1	117883834	G	rs17037149	0.594031596183777	5.60199679135774e-05	0.0005176891673659225	Group D
1:118072302:A:G	1	118072302	G	rs10801963	0.431784203648567	0.0	8.00271024905998e-06	Group D
1:120137445:A:G	1	120137445	Group D	rs10494227	0.771519029140472	-7.31787378665139e-06	7.31787378665139e-06	Group D
1:120165125:G:A	1	120165125	A	rs3795661	0.681145024299622	0.0	0.0002441655676841	Group D
1:120437884:A:G	1	120437884	G	rs2641348	0.492245182394981	0.0	0.0004658333569754	Group D
1:145561594:C:T	1	145561594	T	rs6670984	0.544517043232918	0.0	1.81793133220814e-05	Group D
1:146696955:G:C	1	146696955	Group D	rs2289575	0.743455839157105	0.0007797676171761	0.0007797676171761	Group D
1:146767353:G:A	1	146767353	A	rs6538	0.431396850943565	0.0	0.0007861707551972	Group D
1:149908108:A:G	1	149908108	Group D	rs1868992	0.754597216844559	0.0004174246726076	0.0004174246726076	Group D
1:150166675:A:G	1	150166675	G	rs3118124	0.615430021286011	0.0	0.0021523778674868	Group D
1:150185432:G:A	1	150185432	Group D	rs1535873	0.836420267820358	0.0044592513311654	0.0044592513311654	Group B
1:150480373:G:T	1	150480373	Group D	rs3754217	0.736772233247757	0.0007444964837959	0.0007444964837959	Group D
1:150484987:G:A	1	150484987	A	rs13294	0.254702296853066	0.0034383058768196	0.0002513765765001998	Group D
1:150669952:C:T	1	150669952	Group D	rs2275236	0.757143521308899	6.4221986194378e-05	6.4221986194378e-05	Group D
1:150673684:T:C	1	150673684	C	rs4970926	0.314221316576004	0.0	0.0006155785822811	Group D
1:150679033:G:A	1	150679033	A	rs1336900	0.238486225903034	0.0	0.0019290350126533	Group D
1:150683512:C:A	1	150683512	A	rs6694531	0.31953516304493	0.0	1.36935778662745e-06	Group D
1:150742700:T:C	1	150742700	C	rs11204725	0.323779654502869	0.0	0.0012895543683627	Group D
1:150847647:C:T	1	150847647	Group D	rs11204737	0.879196041822434	-0.0040835745763914	0.0040835745763914	Group B
1:150884776:G:A	1	150884776	A	rs2292166	0.655702114105225	0.0	0.0001567653186412	Group D
1:150902941:A:G	1	150902941	G	rs11204744	0.571397715806961	0.0	0.0002788365406833	Group D
1:151254041:T:C	1	151254041	C	rs3811406	0.812244653701782	-0.0036589982391877	0.0005021956735571003	Group D
1:151513247:T:C	1	151513247	Group D	rs3790507	0.776873028278351	0.0003766254027981	0.0003766254027981	Group D
1:151599267:G:T	1	151599267	T	rs1196350	0.247333370149136	0.000540099169963	0.0005807885244187	Group D
1:151733335:T:G	1	151733335	G	rs8480	0.325676199793816	-0.0038136424421039	0.00021847742434839964	Group D
1:152529622:T:C	1	152529622	C	rs6587688	0.351717668771744	0.0	0.0003255187642454	Group D
1:152553365:C:T	1	152553365	T	rs11810844	0.413124993443489	0.0	0.0004369812103897	Group D
1:152732106:A:T	1	152732106	T	rs17612167	0.363531470298767	0.0041467818813641	0.00017718367334569954	Group D
1:153176366:G:A	1	153176366	A	rs11576296	0.371167820692062	-0.0014284792788269	0.0006388546424438998	Group D
1:153226033:G:A	1	153226033	A	rs11586275	0.478368413448334	-0.0008546861525321	0.0002084936194221	Group D
1:153588843:G:A	1	153588843	A	rs4072425	0.870194560289383	0.0009811640079194	0.00034841894867060005	Group D
1:153711268:T:C	1	153711268	C	rs11264342	0.280434754490852	0.0	0.0002596852058676	Group D
1:154426970:A:C	1	154426970	C	rs2228145	0.575975251197815	-0.0024600827007636	0.0003996624474149001	Group D
1:154795389:G:A	1	154795389	A	rs1218598	0.628050667047501	0.0001740645613436	0.0007977477947989	Group D
1:154796712:T:C	1	154796712	C	rs6681392	0.502638155221939	0.0023216423561635	0.0008359301201821003	Group D
1:156494916:G:A	1	156494916	A	rs947661	0.636814278364182	0.0007454587589755	0.0006155529000918999	Group D
1:156713558:G:A	1	156713558	A	rs4399146	0.753399872779846	0.0	0.0021855446961164	Group D
1:156720550:G:A	1	156720550	Group D	rs11264534	0.737169218063355	-0.0026730192278484	0.0026730192278484	Group D
1:156760887:C:A	1	156760887	A	rs11264554	0.535674613714218	0.0008865856981205	0.0005451791040968001	Group D
1:156858049:C:G	1	156858049	Group D	rs75000987	0.732781952619553	8.37130787532433e-05	8.37130787532433e-05	Group D
1:156883493:G:A	1	156883493	A	rs11264581	0.904882603883743	0.0	0.0002830103764986	Group D
1:156907081:T:C	1	156907081	C	rs945508	0.591308391094208	-0.0011979231276713	0.0005308909085821999	Group D
1:157437596:A:G	1	157437596	G	rs10908568	0.332180318236351	0.0	0.0004013454336173	Group D
1:157452488:T:C	1	157452488	C	rs10908571	0.577062845230103	0.0	0.0001696676614745	Group D
1:157668390:T:C	1	157668390	C	rs7522061	0.750047880411148	0.0	0.0031865411038491	Group D
1:157670816:A:G	1	157670816	Group D	rs7528684	0.898846924304962	-0.0034770953152598	0.0034770953152598	Group D
1:158368846:T:C	1	158368846	C	rs6662382	0.706524449586868	-0.0009379626976611	0.00037740956753719995	Group D
1:158549492:C:T	1	158549492	T	rs863362	0.560283994674683	0.0017449237734127	2.273115473879991e-05	Group D
1:158577109:A:C	1	158577109	C	rs857685	0.46771582365036	0.0077600339711865	0.0002967806658347996	Group D
1:158687163:G:A	1	158687163	A	rs28568406	0.364542359113693	0.0018128395895672	0.0003780189589951998	Group D
1:158735691:T:C	1	158735691	C	rs857825	0.579134538769722	9.53956559249688e-05	0.0005259217303701312	Group D
1:159002377:C:A	1	159002377	A	rs1057027	0.524363031983376	-0.0005900743156018	0.0006900973328191	Group D
1:159092138:A:G	1	159092138	Group D	rs1005857	0.758698070049286	0.0011250011913826	0.0011250011913826	Group D
1:159409884:G:A	1	159409884	A	rs12118628	0.714883995056152	0.0071156606411724	0.0009338420688281999	Group D
1:159819217:T:C	1	159819217	C	rs5010834	0.636726027727127	-0.0005957252841629	0.0005284429861086001	Group D
1:159977049:C:T	1	159977049	T	rs1934078	0.376393222808838	1.15590945382995e-05	0.0005134462378042006	Group D
1:160083012:C:T	1	160083012	T	rs4656879	0.545558711886406	-0.0027112113306721	0.0008304056176854997	Group D
1:160163446:C:T	1	160163446	T	rs3747621	0.742462658882141	0.0057954076228934	0.0025297596194549	Group D
1:160399586:T:C	1	160399586	Group D	rs6688100	0.794896632432938	-0.0005089311479853	0.0005089311479853	Group D
1:160519413:C:T	1	160519413	Group D	rs3766385	0.752249246835709	0.0007659135832635	0.0007659135832635	Group D
1:160582724:G:T	1	160582724	T	rs7550771	0.0	0.0	0.0007758449131292	Group D
1:160616703:G:T	1	160616703	T	rs2295612	0.895370161533356	0.007494165144001	0.0008060461957366998	Group D
1:160702791:G:A	1	160702791	A	rs579272	0.603694915771484	0.0020687122078751	0.0006491588790907003	Group D
1:160793560:A:G	1	160793560	G	rs509749	0.364916199445725	0.0097907832494887	2.9318300422099056e-05	Group D
1:161019040:G:C	1	161019040	C	rs3813609	0.593858963251114	0.0016948913806678	0.0003726731346519001	Group D
1:161054054:T:C	1	161054054	Group D	rs3892375	0.784678810834885	0.0008772216287084	0.0008772216287084	Group D
1:161068836:A:C	1	161068836	C	rs11576830	0.615117996931076	-0.0020796955433325	4.4384156441899976e-05	Group D
1:161163037:T:C	1	161163037	C	rs4233367	0.435070860385895	-0.0036392751978408	6.172636241279965e-05	Group D
1:161479599:G:A	1	161479599	A	rs7529425	0.681127119064331	-0.0044427683016904	0.0005066510313076001	Group D
1:161492587:C:T	1	161492587	T	rs12129787	0.676261556148529	-0.0057044195535788	0.0005929756684482004	Group D
1:161683136:G:A	1	161683136	A	rs11746	0.794509476423264	0.007243183137104	0.00023485610634070044	Group D
1:161685239:G:A	1	161685239	A	rs12406801	0.211358644068241	0.0007976105987188	0.0007551860236773001	Group D
1:161696782:G:C	1	161696782	Group D	rs11585450	0.817654776573181	1.43619132163437e-05	1.43619132163437e-05	Group D
1:161969322:G:A	1	161969322	A	rs7527826	0.558103376626968	0.0	0.0005165481161046	Group D
1:162015740:A:G	1	162015740	G	rs12036340	0.431763035058975	0.0	0.0001642092658244	Group D
1:162030995:C:T	1	162030995	T	rs7524369	0.471747228503227	0.0021808036362201	0.0006336817672904001	Group D
1:162390085:G:A	1	162390085	A	rs905717	0.638490056991577	0.0016130053188214	0.0004696891060577001	Group D
1:163506121:G:T	1	163506121	T	rs1934497	0.681026005744934	-0.0022675869445262	0.0004988817738081999	Group D
1:163778719:A:G	1	163778719	G	rs991842	0.603682374954224	0.0	0.0002398590982652	Group D
1:163790057:A:G	1	163790057	Group D	rs10917854	0.750739884376526	0.0016717826542185	0.0016717826542185	Group D
1:164207618:A:G	1	164207618	G	rs12126442	0.286485098302364	0.0014470590616523	0.0005644552817619002	Group D
1:164563425:A:G	1	164563425	G	rs2800791	0.277708159387112	0.0002032549050065	0.0005753325494689	Group D
1:165440194:G:A	1	165440194	A	rs285419	0.302097365260124	0.0	0.0006846397334274	Group D
1:165599804:A:G	1	165599804	Group D	rs6657788	0.769048887491226	-0.0005092555024693	0.0005092555024693	Group D
1:165868169:T:C	1	165868169	C	rs3790659	0.830641347169876	0.0019073663894996	0.0017328248410833	Group D
1:165915583:A:C	1	165915583	C	rs12756720	0.354148012399673	0.0006048473142238	0.001068750961619	Group D
1:166271612:T:C	1	166271612	C	rs4575063	0.375402960181236	0.0	7.92596376966583e-05	Group D
1:166539001:C:T	1	166539001	T	rs7516525	0.523954159021378	0.0	3.92002265850256e-05	Group D
1:166550501:C:T	1	166550501	T	rs1372685	0.630644583702087	0.0	2.13684775274788e-05	Group D
1:166638925:A:G	1	166638925	G	rs3843304	0.547631430625916	0.0040647313537024	0.00040657527644010014	Group D
1:167095163:G:C	1	167095163	C	rs267745	0.519791421294212	0.000108290020029	0.0003867065955508	Group D
1:167097567:G:A	1	167097567	A	rs61748784	0.716504085063934	0.0002078915133015	0.00032164283406579995	Group D
1:167127354:G:A	1	167127354	A	rs7527143	0.55622056722641	-7.12708802671181e-05	0.0001330341859960819	Group D
1:167132882:C:T	1	167132882	T	rs1027493	0.537080845236778	0.0	0.0003460268068189	Group D
1:167397271:G:A	1	167397271	A	rs1917534	0.882905888557434	0.0026197097375721	0.001257593488301	Group D
1:167411384:A:G	1	167411384	Group D	rs864537	0.759078377485275	0.0004242945124888	0.0004242945124888	Group D
1:167451850:G:A	1	167451850	A	rs2949655	0.597721710801125	0.0	0.0002090825596161	Group D
1:167500075:A:C	1	167500075	C	rs4656540	0.496893563866615	-0.0004483890940953	0.0008710806496831	Group D
1:167614675:A:G	1	167614675	Group D	rs761079	0.771495240926743	0.0008158397825338	0.0008158397825338	Group D
1:167678404:T:C	1	167678404	C	rs12119888	0.736908352375031	-0.0053511096649866	0.0032934149566862	Group D
1:167688121:G:A	1	167688121	A	rs1933072	0.628108960390091	0.0	0.0015882524059713	Group D
1:168737147:A:G	1	168737147	G	rs2744666	0.503165197372437	0.000527870212796	0.0005456983785051002	Group D
1:169030878:A:G	1	169030878	G	rs1358713	0.791408008337021	-0.002517004295507	0.0015572495590289001	Group D
1:169565346:C:A	1	169565346	A	rs6133	0.599889749288559	-0.0062270384076962	0.0006857393740011992	Group D
1:170238415:G:A	1	170238415	A	rs2998164	0.570437288284302	0.0004844552340814	0.0012780718687568	Group D
1:170501456:C:T	1	170501456	Group D	rs11578119	0.87169548869133	-0.0005810904784882	0.0005810904784882	Group D
1:170887022:C:T	1	170887022	T	rs7514995	0.258556519448757	-0.0016047792668029	0.0013747127108090999	Group D
1:171076966:G:A	1	171076966	A	rs2266782	0.385619658231735	0.0	8.88252564242523e-05	Group D
1:171431811:G:A	1	171431811	A	rs12407816	0.612089687585831	0.0	0.0002920063814369	Group D
1:172087026:A:G	1	172087026	G	rs10158753	0.610593056678772	0.0	0.0004495791929128	Group D
1:175092674:C:T	1	175092674	T	rs2285215	0.656457138061523	0.0008499803456914	0.0003431266407378001	Group D
1:175623669:C:T	1	175623669	T	rs942107	0.541106724739075	-0.0002106513269773	0.0006924239362566	Group D
1:175827683:A:G	1	175827683	G	rs11810084	0.390739247202873	-0.0006418213472404	0.0006678851337303001	Group D
1:175844615:C:T	1	175844615	T	rs478276	0.596830451488495	0.0	5.01986078357439e-05	Group D
1:176732748:T:C	1	176732748	C	rs12722772	0.434112867712975	-0.0002974684014167	0.0010721861417722	Group D
1:178657582:C:T	1	178657582	Group D	rs2811249	0.784310221672058	9.46002240519758e-05	9.46002240519758e-05	Group D
1:178751231:A:G	1	178751231	G	rs11801661	0.402706578373909	-0.0004289801581578	0.00032544407668190007	Group D
1:178785780:T:C	1	178785780	C	rs12078674	0.396520319581032	-0.002241518003418	0.0004790576029907001	Group D
1:179520504:ACGG:A	1	179520504	A	rs1427261340	0.0	0.0004860357237214	0.00016957608042890003	Group D
1:180156667:C:T	1	180156667	T	rs2319653	0.436975491046906	0.0006109452803455	8.097891431690007e-05	Group D
1:180169330:C:T	1	180169330	T	rs11126	0.54447760283947	0.0004973399784952	0.0007472754063542001	Group D
1:180232080:T:G	1	180232080	Group D	rs10913956	0.738419950008392	0.0015180444224108	0.0015180444224108	Group D
1:180243524:A:G	1	180243524	G	rs7536561	0.438208436965942	-0.0020124834441078	0.0010087217207472004	Group D
1:180366074:C:T	1	180366074	T	rs7517775	0.425841936469078	0.0	0.0001776393598573	Group D
1:180511823:A:G	1	180511823	Group D	rs12407684	0.741419291496277	0.0006785511656344	0.0006785511656344	Group D
1:181459388:G:A	1	181459388	A	rs486708	0.442740714550018	0.0001634840579246	0.0007317685744581001	Group D
1:181712290:G:A	1	181712290	A	rs3767000	0.690790981054306	-0.0003196617971517	0.0005942226578560001	Group D
1:182369233:A:G	1	182369233	G	rs6674281	0.155491784214973	0.0015202197748507	0.0003287985181412	Group D
1:183201970:G:C	1	183201970	C	rs2296303	0.346368044614792	-0.0019895065089403	0.0005774693151658003	Group D
1:183295930:A:G	1	183295930	G	rs4549998	0.342968091368675	1.29385113655538e-07	3.0662649852406064e-05	Group D
1:183299502:G:A	1	183299502	A	rs1330224	0.566359376907349	0.0013211974197854	0.0003325142668193998	Group D
1:183542387:T:C	1	183542387	C	rs2274064	0.607762110233307	0.004695195393962	0.0002037102990247999	Group D
1:183616926:T:C	1	183616926	C	rs1174657	0.318246303498745	-0.0005618463845577	0.0006498553123958001	Group D
1:183811400:G:A	1	183811400	A	rs4262497	0.377945947647095	0.0	0.0003779521106976	Group D
1:183827977:G:A	1	183827977	A	rs3010062	0.403340703248978	0.0	0.0002164133743597	Group D
1:183830469:G:A	1	183830469	Group D	rs3002652	0.734869265556335	0.0020694673183098	0.0020694673183098	Group D
1:183852914:G:C	1	183852914	C	rs10797919	0.780972468852997	-0.0019460155799229	0.0005991334996366001	Group D
1:183983580:C:A	1	183983580	Group D	rs10494572	0.771465468406677	-0.0026288159504191	0.0026288159504191	Group D
1:184023529:A:C	1	184023529	C	rs1046934	0.611810749769211	-0.0056746292619064	0.0016710689315427001	Group D
1:184168810:G:A	1	184168810	A	rs10752934	0.576818478107452	0.0	0.0001707231058693	Group D
1:184848690:G:T	1	184848690	T	rs10797991	0.61263188123703	7.13833660118124e-05	0.0006934173127211876	Group D
1:185088697:T:C	1	185088697	C	rs1053166	0.366957613825798	-0.0016613361494277	0.0012220747454383001	Group D
1:185143721:A:G	1	185143721	G	rs10489579	0.427267500758171	-0.0020857047252831	0.001071289428713	Group D
1:185410678:T:C	1	185410678	C	rs6703571	0.654429566860199	-0.0003065684726037	0.0007695637795210001	Group D
1:185527738:C:T	1	185527738	T	rs11605	0.558582049608231	0.0	0.0003698326998984	Group D
1:186652002:A:C	1	186652002	Group D	rs2745559	0.842942398786545	0.0009197523902552	0.0009197523902552	Group D
1:187482622:G:A	1	187482622	Group D	rs4650735	0.760791087150574	0.0004701747021279	0.0004701747021279	Group D
1:187595058:C:T	1	187595058	T	rs12126359	0.354309564828873	0.0	0.0001906851431971	Group D
1:188013287:A:G	1	188013287	Group D	rs7544859	0.762003868818283	-0.0006933019868868	0.0006933019868868	Group D
1:190287713:G:A	1	190287713	A	rs655598	0.296321815252304	0.0	0.0003104417254433	Group D
1:190467826:C:T	1	190467826	T	rs703931	0.341874125599861	0.0005203198342134	0.00025091139820710004	Group D
1:190551418:A:G	1	190551418	G	rs642748	0.271228440105915	0.0002286584911949	0.0004006962629972999	Group D
1:190874837:C:T	1	190874837	T	rs11801046	0.219332692027092	0.0013106086216934	0.00047676037192959987	Group D
1:192176651:A:G	1	192176651	G	rs1768306	0.4701808989048	0.0018091075201269	0.0006800098471120002	Group D
1:193024732:C:T	1	193024732	T	rs6676416	0.338649371266365	0.0	0.0025338728929694	Group D
1:193037742:T:C	1	193037742	Group D	rs7552203	0.772205847501755	-0.0029510709805178	0.0029510709805178	Group D
1:193427087:C:A	1	193427087	Group D	rs56168176	0.89898573756218	0.0018734250597309	0.0018734250597309	Group D
1:193514167:T:G	1	193514167	G	rs10921385	0.395181757211685	0.0005433545207524	0.0006656497056291	Group D
1:195424142:A:G	1	195424142	G	rs7515652	0.227687036991119	-0.0026513846491163	0.0012113363974952003	Group D
1:195678906:T:C	1	195678906	C	rs12074167	0.411907133460045	0.000212482013331	0.0003229877789487	Group D
1:195861725:C:A	1	195861725	A	rs12723212	0.244976288080215	0.0	0.0007593893358779	Group D
1:195872456:C:T	1	195872456	Group D	rs3010149	0.805707055330277	-0.0015031247894368	0.0015031247894368	Group D
1:196024294:A:C	1	196024294	C	rs1451916	0.0	0.0010599539139635	0.0004891190260217001	Group D
1:197070442:G:T	1	197070442	T	rs3762271	0.584298771619797	0.0005078028845657	0.00038925080797430004	Group D
1:197951496:G:A	1	197951496	A	rs4528145	0.540788924694061	4.20978350990603e-05	0.0005181742412759397	Group D
1:197960889:C:A	1	197960889	A	rs17304978	0.690936899185181	-7.42372042675138e-05	0.00016802741544738622	Group D
1:198252623:C:T	1	198252623	T	rs997901	0.757894611358643	-0.0048355663333686	0.0042596373174517005	Group B
1:198589576:C:T	1	198589576	T	rs1326266	0.8404576420784	0.0064868209367118	0.0015682493152836003	Group D
1:198590421:C:T	1	198590421	Group D	rs16843471	0.850406718254089	-0.0005486268502853	0.0005486268502853	Group D
1:198664102:G:A	1	198664102	A	rs3767747	0.435391765832901	0.0	0.0006445274639402	Group D
1:198859198:T:C	1	198859198	C	rs12023835	0.537006545066834	0.0	0.0002863790566228	Group D
1:198898427:C:T	1	198898427	T	rs10919605	0.863432288169861	0.003709167161243	0.0011468690986936002	Group D
1:199020987:T:C	1	199020987	C	rs322929	0.351894497871399	-0.0003034686955439	0.0010747156252971	Group D
1:199075025:A:G	1	199075025	G	rs4915342	0.300141057372093	-0.0023520449282347	0.0001120547264802001	Group D
1:200162670:C:T	1	200162670	T	rs12562944	0.512927368283272	0.0	9.7957466558117e-05	Group D
1:200204364:A:C	1	200204364	C	rs10919858	0.526929649710655	-0.0001250644930027	0.0005269703947674	Group D
1:200293248:G:T	1	200293248	Group D	rs10733062	0.776431775093079	0.0003202080818177	0.0003202080818177	Group D
1:200322362:C:T	1	200322362	T	rs2808487	0.467415091395378	0.0	0.0003044626318613	Group D
1:200452498:G:A	1	200452498	A	rs4567307	0.409054997563362	0.0003088032485021	0.0006558548396187001	Group D
1:200864982:C:T	1	200864982	Group D	rs296534	0.890037685632706	0.0034494499813512	0.0034494499813512	Group D
1:200935866:T:C	1	200935866	C	rs11584383	0.381174170970917	0.003722215261515	0.0027086649825752004	Group D
1:201104589:A:G	1	201104589	G	rs1059625	0.47809716463089	-0.002208955360747	0.0004596862814708002	Group D
1:201166383:G:A	1	201166383	A	rs4915221	0.645721787214279	0.0011548448629045	0.0003037566057925	Group D
1:201496207:A:G	1	201496207	G	rs7552162	0.290316596627235	0.0026513290386152	0.0004592073254782998	Group D
1:201684257:G:A	1	201684257	Group D	rs10920237	0.834851390123367	0.0001837984278281	0.0001837984278281	Group D
1:201973565:G:A	1	201973565	A	rs3820439	0.427206757664681	-0.0001542669080737	0.0003123340919612	Group D
1:202122783:C:A	1	202122783	A	rs11590076	0.600735074281693	0.0	0.0007051390721365	Group D
1:202140315:A:C	1	202140315	C	rs7550457	0.310751855373383	0.0002932848213239	0.0003912689980116	Group D
1:203027262:A:G	1	203027262	Group D	rs16850969	0.857553613185883	0.0035746930795017	0.0035746930795017	Group D
1:203028371:G:T	1	203028371	T	rs61732315	0.567721128463745	0.0	0.0005651670543256	Group D
1:203194186:C:T	1	203194186	T	rs2297950	0.566328835487366	0.0009865889024894	0.00048288172421849995	Group D
1:203248441:G:T	1	203248441	T	rs2486934	0.366992142796516	0.0	0.0001314175107556	Group D
1:203253226:C:T	1	203253226	T	rs871850	0.247790890932083	0.0	0.0001778674661621	Group D
1:203256800:T:G	1	203256800	Group D	rs4971226	0.826865088939667	-0.0011632090452672	0.0011632090452672	Group D
1:203275407:C:G	1	203275407	Group D	rs17534048	0.917767482995987	-0.0002052224655574	0.0002052224655574	Group D
1:203643053:T:C	1	203643053	Group D	rs11576343	0.824777042865753	-0.0033665566449816	0.0033665566449816	Group D
1:203651824:C:T	1	203651824	Group D	rs11240734	0.780192130804062	-0.0046458065499161	0.0046458065499161	Group B
1:203651927:T:C	1	203651927	Group D	rs1541252	0.918385815620422	-2.387436664179e-05	2.387436664179e-05	Group D
1:203652444:A:G	1	203652444	G	rs1419114	0.82877744436264	-0.0008687743460715	0.0005512041598482	Group D
1:203660781:A:G	1	203660781	G	rs4951074	0.588428351283073	0.0	0.0030987555329922	Group D
1:204289780:T:G	1	204289780	Group D	rs17333933	0.844920414686203	-0.0028585189714848	0.0028585189714848	Group D
1:204317155:A:C	1	204317155	C	rs4951365	0.438514614105225	0.0005926149068529	0.0023914484921892997	Group D
1:204988535:T:C	1	204988535	C	rs2794866	0.388328889012337	0.0	0.0001436915090846	Group D
1:205053219:C:T	1	205053219	T	rs4951168	0.392749851942062	0.0012854128710266	0.0010444403684249002	Group D
1:205450682:A:G	1	205450682	G	rs1416254	0.416890859603882	-0.0002737703840244	0.0006585376337205	Group D
1:205563162:C:T	1	205563162	T	rs3795550	0.450553089380264	-0.0018155679724569	0.0005791070628263998	Group D
1:205609410:A:G	1	205609410	G	rs17347710	0.408924740552902	9.62407989706679e-07	0.0011022202718471933	Group D
1:205621169:A:G	1	205621169	G	rs12565564	0.536114123463631	0.0	0.0001194590344663	Group D
1:206669465:C:T	1	206669465	T	rs3748022	0.661811584234238	-0.008178391992434	0.0006752979628213002	Group D
1:206720184:C:A	1	206720184	A	rs11119006	0.402017545700073	-0.0002683829085924	0.0008218062694920999	Group D
1:206748424:C:T	1	206748424	T	rs7512541	0.761496925354004	-0.0027563162178834	0.0018987847125355002	Group D
1:207031792:C:T	1	207031792	T	rs41434745	0.184199096262455	0.0	0.0006297687924102	Group D
1:207211161:A:G	1	207211161	G	rs11120092	0.576277524232864	-0.0029248060965706	0.0005240845764184002	Group D
1:207220800:C:A	1	207220800	Group D	rs2629665	0.669835352897644	-9.42350668335427e-06	9.42350668335427e-06	Group D
1:207263829:A:G	1	207263829	G	rs6690037	0.490908673405647	0.0002911380072709	0.0002622394174687	Group D
1:207653364:A:G	1	207653364	G	rs17618	0.615913152694702	0.0	4.33522110586619e-05	Group D
1:207795320:A:G	1	207795320	G	rs2296160	0.683531719446182	0.0021570288410858	0.0005683938815628999	Group D
1:208036976:C:T	1	208036976	T	rs2796247	0.516526156663895	0.0	0.0001669540755896	Group D
1:208040165:T:C	1	208040165	Group D	rs926628	0.752856642007828	0.0023000410179978	0.0023000410179978	Group D
1:208063067:G:A	1	208063067	A	rs2179634	0.570415455102921	0.0008877097271306	0.0009175582435477001	Group D
1:208598450:A:G	1	208598450	G	rs696964	0.396558499336243	0.0	0.0004583124571012	Group D
1:208735795:G:A	1	208735795	Group D	rs17012866	0.849625337123871	0.0003896460106823	0.0003896460106823	Group D
1:208937403:G:T	1	208937403	T	rs17259916	0.425036424398422	-0.0005649557715514	0.0005585312242133999	Group D
1:209258715:G:T	1	209258715	T	rs1411406	0.485108256340027	0.0	0.0002627192865046	Group D
1:209996542:T:G	1	209996542	Group D	rs9430018	0.806779152154923	0.0001115460853869	0.0001115460853869	Group D
1:210004199:C:G	1	210004199	G	rs585627	0.643164330720902	0.0	0.0003487635351946	Group D
1:210050794:T:C	1	210050794	C	rs9430019	0.240845803916454	0.0	0.0001385308280157	Group D
1:210592577:T:C	1	210592577	C	rs2357587	0.629747951030731	-3.93114376792605e-05	0.0004012263893195395	Group D
1:210670422:A:G	1	210670422	G	rs7514691	0.450275668501854	0.0019918689609609	0.0002543667830358998	Group D
1:210793972:G:A	1	210793972	A	rs11119552	0.470118030905724	0.0	0.000204393033688	Group D
1:210804430:G:A	1	210804430	A	rs4951682	0.430841407179832	-0.0021145025420424	6.582197652870011e-05	Group D
1:210830589:G:A	1	210830589	A	rs7349100	0.338378071784973	0.0016922988499894	0.0005885770433281003	Group D
1:211380192:A:G	1	211380192	Group D	rs77524891	0.779380577802658	0.0054855733481837	0.0054855733481837	Group B
1:211720808:G:A	1	211720808	A	rs4951533	0.319594657421112	0.0034145241460629	0.001178392169496	Group D
1:212799949:C:T	1	212799949	T	rs3795842	0.360354536771774	0.0012634384985454	0.0007965012417377999	Group D
1:212811947:C:A	1	212811947	Group D	rs3123537	0.73864803314209	0.0010056721862095	0.0010056721862095	Group D
1:213155566:G:T	1	213155566	Group D	rs11120070	0.834645992517471	-0.0009954075315988	0.0009954075315988	Group D
1:214381305:G:A	1	214381305	A	rs10494969	0.552570733428001	0.001751664444548	0.0002990982700506002	Group D
1:214403630:A:G	1	214403630	G	rs17784245	0.642803531885147	0.003320896311738	0.0003275528451884002	Group D
1:214820099:A:G	1	214820099	G	rs3748697	0.589089524745941	-0.001585242950396	0.0003900095650612003	Group D
1:216219272:G:A	1	216219272	Group D	rs72744695	0.737400937080383	0.0018066522321819	0.0018066522321819	Group D
1:216297936:G:A	1	216297936	A	rs2199101	0.469836363196373	0.0	8.47116856042748e-05	Group D
1:216595306:C:T	1	216595306	T	rs10779261	0.445797690749168	0.0020893088374738	0.0005752083984121	Group D
1:216691305:T:C	1	216691305	C	rs6604627	0.537371408939362	0.0	6.96605407676915e-05	Group D
1:216917931:G:A	1	216917931	A	rs2820877	0.385163667798042	-0.000770003804083	0.0007165454502302001	Group D
1:217264291:C:T	1	217264291	T	rs11572381	0.559812098741531	0.0	0.0004001024649955	Group D
1:217637075:T:C	1	217637075	C	rs2818973	0.341726079583168	0.0	0.0009426561162393	Group D
1:218253812:A:C	1	218253812	C	rs2046842	0.469725748896599	-7.61557289783937e-05	0.0012784780688754062	Group D
1:218310993:A:G	1	218310993	G	rs527213	0.289761175215244	0.0006520746530951	0.0003764880960926999	Group D
1:218698027:C:T	1	218698027	Group D	rs1690789	0.762060004472733	0.0002862663227813	0.0002862663227813	Group D
1:218944148:G:A	1	218944148	A	rs2378005	0.280477118492126	0.0003893050719569	0.000307541615938	Group D
1:218950403:A:G	1	218950403	G	rs2889809	0.440901336073875	0.0009438574077975	0.0002044027904241001	Group D
1:219235064:T:C	1	219235064	C	rs945761	0.315686598420143	-0.0022613868062929	0.0005290433452273002	Group D
1:219727779:T:C	1	219727779	C	rs3001032	0.333202439546585	-0.000568955699505	0.0010156669164242999	Group D
1:221057173:C:T	1	221057173	Group D	rs34180575	0.773550993204117	0.001184102135761	0.001184102135761	Group D
1:221151806:C:T	1	221151806	T	rs2808220	0.341882160305977	0.0	0.0018984559132537	Group D
1:221171310:G:A	1	221171310	Group D	rs2484696	0.737501239776611	-0.0031373134675347	0.0031373134675347	Group D
1:221207884:T:G	1	221207884	G	rs10458466	0.555055093765259	0.0	0.0008803803276949	Group D
1:221869073:C:T	1	221869073	T	rs7552380	0.575922614336014	0.0009466821376592	0.0005754236560526999	Group D
1:221915967:G:A	1	221915967	Group D	rs4589119	0.91765148639679	0.0022605610938101	0.0022605610938101	Group D
1:221926826:G:A	1	221926826	A	rs11118848	0.534188550710678	0.0	0.0001522938552197	Group D
1:222719037:G:A	1	222719037	A	rs17463586	0.571273124217987	0.0	7.17590494465736e-05	Group D
1:222952427:G:T	1	222952427	T	rs4240935	0.36988345682621	0.0	0.0003103511534596	Group D
1:223274801:G:A	1	223274801	A	rs34270714	0.688929313421249	5.43982085875049e-05	0.0033270832304003947	Group D
1:223276713:G:A	1	223276713	Group D	rs35251562	0.804472440481186	0.0031270327922159	0.0031270327922159	Group D
1:223813586:G:T	1	223813586	T	rs35539373	0.464291390776634	0.0002247609949204	0.00026551868313549995	Group D
1:225373072:C:T	1	225373072	T	rs61851487	0.559084957838059	0.0002262418798856	0.0017083100195923	Group D
1:225549500:C:T	1	225549500	T	rs12562989	0.529963546991348	-0.0006982789058083	0.0012007604994611	Group D
1:225868391:A:G	1	225868391	G	rs6694856	0.374186345934868	0.0	0.0024195703931018	Group D
1:225956883:T:C	1	225956883	C	rs2078389	0.766150313615799	-0.0096540899938668	0.005728804778141801	Group B
1:226521192:C:T	1	226521192	Group D	rs10915975	0.744614785909653	0.000433758055166	0.000433758055166	Group D
1:226844678:C:T	1	226844678	Group D	rs12568026	0.784107941389084	0.002659756284206	0.002659756284206	Group D
1:226923938:A:C	1	226923938	C	rs6667260	0.856489497423172	0.0001510361281248	0.0005366228948937	Group D
1:227013878:C:T	1	227013878	T	rs6426548	0.31689695417881	-0.0005542717871546	0.0007159151509834	Group D
1:227175253:C:T	1	227175253	T	rs10495274	0.712601792812347	0.0	0.000692531725283	Group D
1:227178127:A:G	1	227178127	Group D	rs3768425	0.774323153495789	0.0009895223765554	0.0009895223765554	Group D
1:227912474:G:A	1	227912474	A	rs12097239	0.270118021965027	-0.0009634155118179	0.0011399318466820997	Group D
1:227935444:A:G	1	227935444	G	rs2236359	0.366564631462097	-0.000917011826773	0.0004251218381083	Group D
1:228402121:A:G	1	228402121	G	rs1771487	0.512420564889908	-0.0015955195788353	0.00041629591825519986	Group D
1:228494790:G:A	1	228494790	A	rs435776	0.496745097637177	0.0014904452242616	0.00045418493582610004	Group D
1:229124114:G:T	1	229124114	Group D	rs710805	0.768584448099136	0.0002041521629008	0.0002041521629008	Group D
1:229724800:T:C	1	229724800	C	rs6701445	0.241024768352509	6.10089502100049e-05	0.0007590535237188951	Group D
1:229783240:T:C	1	229783240	C	rs2274995	0.438201153278351	0.002667661104755	0.00029638090160830034	Group D
1:229947333:A:G	1	229947333	G	rs668454	0.536958491802216	0.0019698468862754	0.0003517644523708999	Group D
1:229981623:G:T	1	229981623	T	rs528425	0.339421144127846	0.0015708683136852	1.4077181873600091e-05	Group D
1:230386622:C:G	1	230386622	Group D	rs3789628	0.748715031147003	0.0024150601957509	0.0024150601957509	Group D
1:231156029:A:G	1	231156029	Group D	rs10864654	0.761213064193726	0.0001794394111984	0.0001794394111984	Group D
1:231377761:A:G	1	231377761	Group D	rs822625	0.902581292390823	0.0062589895463944	0.0062589895463944	Group B
1:231402779:C:A	1	231402779	A	rs500248	0.301616959273815	0.0	0.0043149525776563	Group B
1:231488524:C:T	1	231488524	T	rs2437150	0.289096927642822	0.0	0.0012860663548963	Group D
1:231830295:G:A	1	231830295	A	rs3738401	0.444876140356064	0.0	0.0001280370252574	Group D
1:232180343:C:T	1	232180343	T	rs9727641	0.630571830272675	0.0032381274491489	0.0006117163931698001	Group D
1:232692293:G:A	1	232692293	A	rs10910557	0.626079869270325	0.0	0.000481689778462	Group D
1:232810976:A:G	1	232810976	G	rs2151874	0.610730403661728	0.00015476238734	0.0006074457748050999	Group D
1:232916501:C:T	1	232916501	T	rs6689943	0.319001224637032	0.0	0.0005137464376248	Group D
1:232941354:G:T	1	232941354	Group D	rs12567597	0.89078471660614	0.0002144201456026	0.0002144201456026	Group D
1:233514934:G:A	1	233514934	A	rs3795375	0.494777563214302	0.0007069913805552	0.0005722450089725	Group D
1:234407996:A:G	1	234407996	G	rs532495	0.576161521673203	-0.0005308667549659	0.0004565540954408001	Group D
1:234457499:A:G	1	234457499	G	rs474208	0.607091218233109	0.0	0.0002808119514794	Group D
1:234582651:T:C	1	234582651	C	rs4920246	0.430607351660728	0.0021276704553688	0.0002562085126207002	Group D
1:234634952:A:G	1	234634952	Group D	rs6677835	0.862294793128967	-0.0016654623141764	0.0016654623141764	Group D
1:234816554:G:C	1	234816554	C	rs482329	0.555449092388153	-0.0046233375459775	0.00035988258185389987	Group D
1:234893420:G:A	1	234893420	A	rs2582650	0.437889298796654	0.0026660437435647	0.0010495801238703	Group D
1:234908170:C:T	1	234908170	Group D	rs12028581	0.848296517133713	-0.0006743936472527	0.0006743936472527	Group D
1:236039877:T:C	1	236039877	Group D	rs9782955	0.780822664499283	-0.0026593317404655	0.0026593317404655	Group D
1:236041129:C:T	1	236041129	T	rs6673237	0.358209139108658	0.0	0.0010620048580932	Group D
1:236311886:T:C	1	236311886	C	rs10802285	0.858294677734375	0.0035232760498229	0.0015980227232511998	Group D
1:236444034:G:C	1	236444034	Group D	rs17566480	0.821823763847351	0.0008592419915079	0.0008592419915079	Group D
1:236529111:G:T	1	236529111	T	rs663414	0.317808684706688	-0.0001029369045446	0.0007490193295858	Group D
1:236680253:A:G	1	236680253	Group D	rs16833739	0.865376669168472	0.000517546305671	0.000517546305671	Group D
1:236700807:T:A	1	236700807	A	rs1126407	0.403290987014771	0.0	0.0003740070349584	Group D
1:236767826:T:C	1	236767826	Group D	rs4233465	0.84853481054306	-0.0010287510535359	0.0010287510535359	Group D
1:236959252:G:A	1	236959252	Group D	rs12354209	0.763703185319901	6.08226698619639e-05	6.08226698619639e-05	Group D
1:237034629:CA:C	1	237034629	C	rs11363843	0.0	0.0	0.0001438601844823	Group D
1:237198640:T:C	1	237198640	C	rs12120365	0.369981399178505	0.0012835408295787	0.0007902402297216002	Group D
1:237778909:C:T	1	237778909	T	rs596502	0.351749174296856	0.0	0.0001927336871662	Group D
1:237946964:T:C	1	237946964	C	rs790889	0.537273260951042	0.0014134145415137	0.00041720584175939995	Group D
1:237990122:A:G	1	237990122	G	rs2819742	0.51171090900898	0.0005584172256258	0.0005653421393846999	Group D
1:238003342:A:G	1	238003342	G	rs6700222	0.343217369914055	0.0	0.0002967228325191	Group D
1:238102080:T:C	1	238102080	Group D	rs2451620	0.741644638776779	0.0008785520409722	0.0008785520409722	Group D
1:238664770:G:A	1	238664770	Group D	rs10802697	0.736611729860306	-4.81734108217433e-05	4.81734108217433e-05	Group D
1:238989811:T:G	1	238989811	Group D	rs3011589	0.315056177973747	0.0001045396054744	0.0001045396054744	Group D
1:239009106:G:A	1	239009106	A	rs2689137	0.29802243411541	0.0001666103129689	0.00010923985571009999	Group D
1:239033316:C:T	1	239033316	T	rs3915050	0.318215322494507	-1.95752499930105e-05	0.0007572772435287895	Group D
1:239543180:T:C	1	239543180	Group D	rs61834667	0.83825381398201	0.0005407561783144	0.0005407561783144	Group D
1:240339888:C:T	1	240339888	T	rs7542817	0.271561826765537	0.0	0.0005501048441298	Group D
1:240339918:T:C	1	240339918	C	rs7511696	0.353152975440025	0.0	1.86254339013616e-07	Group D
1:240340057:T:C	1	240340057	C	rs7511877	0.23934401422739	0.0	4.7375894359345395e-11	Group D
1:240383334:T:G	1	240383334	G	rs10495461	0.418311071395874	0.0	0.0005979455726964	Group D
1:240654111:C:T	1	240654111	T	rs15985	0.295841081440449	0.0	0.0001505887555337	Group D
1:241034693:A:G	1	241034693	G	rs166370	0.283144977688789	0.0	0.0002876710205421	Group D
1:241164670:C:T	1	241164670	T	rs4660023	0.414567384123802	0.000389669770254	0.0005472014583738	Group D
1:241342291:C:T	1	241342291	T	rs4391653	0.368703702092171	0.0003182930720689	0.00024701732530650004	Group D
1:241345702:T:C	1	241345702	C	rs11811203	0.311196863651276	0.0	8.55266449134772e-06	Group D
1:241535719:T:C	1	241535719	C	rs12047250	0.366415327787399	0.0017258319710687	0.0006232863902426002	Group D
1:241576926:T:C	1	241576926	C	rs1557080	0.880421942472458	0.0025305106337252	0.0021981107527498	Group D
1:241577094:G:T	1	241577094	T	rs1341452	0.711443340778351	0.0	0.0005394576132985	Group D
1:241720830:A:G	1	241720830	G	rs3007736	0.633753031492233	0.0002744480659309	0.0006547641190339	Group D
1:242381784:T:C	1	242381784	C	rs1847097	0.352634903788567	-0.0029204675620866	0.0004454905328156	Group D
1:242690382:A:C	1	242690382	C	rs2810011	0.400987508893013	-0.0002294988445934	0.000746913812393	Group D
1:242878998:T:C	1	242878998	C	rs6690236	0.294806100428104	0.0	0.0001625219249654	Group D
1:243376757:T:C	1	243376757	Group D	rs12124014	0.775136566162109	-0.0004136687328324	0.0004136687328324	Group D
1:244630447:C:T	1	244630447	T	rs3006009	0.325443476438522	0.0016681791098861	0.0006585299091317997	Group D
1:245134114:A:C	1	245134114	C	rs2291426	0.841866511106491	-0.000681250334032	0.0003181862991341001	Group D
1:245305530:T:C	1	245305530	C	rs7549529	0.707217979431152	0.001750973728312	0.0009260099607425998	Group D
1:246021941:T:C	1	246021941	Group D	rs2362587	0.747647726535797	-1.73611062101579e-05	1.73611062101579e-05	Group D
1:246129652:G:A	1	246129652	A	rs9287202	0.517228397727013	-0.0002726113591961	0.0006649146985902999	Group D
1:246931858:G:A	1	246931858	Group D	rs4926453	0.862065011262894	6.1318571936764e-05	6.1318571936764e-05	Group D
1:246939856:G:A	1	246939856	A	rs3795465	0.498247238993645	0.0	0.0001804862583752	Group D
1:247087232:A:C	1	247087232	C	rs768197	0.378117391467094	0.0	0.0001892116255871	Group D
1:247125355:C:T	1	247125355	Group D	rs11579381	0.885395097732544	-0.0008251329540881	0.0008251329540881	Group D
1:247129945:A:G	1	247129945	G	rs1779985	0.526087710261345	0.0	0.0005140041313121	Group D
1:247226986:T:G	1	247226986	G	rs7542852	0.251649188995361	-0.0003232854233478	0.0001625682263759	Group D
1:247236563:T:C	1	247236563	C	rs4925614	0.390266364812851	0.0	0.000245459688547	Group D
1:247614617:C:T	1	247614617	T	rs4925663	0.373328569531441	0.0037213942444841	1.6458651563099926e-05	Group D
1:247614896:A:C	1	247614896	C	rs11583410	0.48960725069046	-0.0012291376395257	0.0005474286119799001	Group D
1:247615261:GA:G	1	247615261	G	rs35305980	0.0	0.0013619310429151	0.00048450472414100017	Group D
1:247695427:C:G	1	247695427	G	rs34220133	0.855731749534607	0.0045102056490125	0.0008075755438762006	Group D
1:247719769:G:A	1	247719769	A	rs56043070	0.828625375032425	-0.0044430961944297	0.0006059103683491995	Group D
1:247875415:A:G	1	247875415	G	rs2282316	0.340183237195015	-0.0039150461285238	0.0002998907400079999	Group D
1:248550970:A:G	1	248550970	G	rs7417616	0.577227073907852	0.0016988633773415	0.0004740659748905002	Group D
2:107140:G:A	2	107140	A	rs300797	0.39817396402359	0.0	0.0002680694012048	Group D
2:1271230:A:G	2	1271230	G	rs13023962	0.50154587328434	0.0007977841866636	0.0003534121985892001	Group D
2:1401447:T:C	2	1401447	C	rs938325	0.330646467208862	0.0026912360883516	0.0006022811901602002	Group D
2:1520676:T:C	2	1520676	C	rs1126799	0.556899666786194	0.0002144133688738	0.0002149565580745	Group D
2:2102687:A:G	2	2102687	G	rs6755567	0.609242564439774	0.0	0.0008462872891255	Group D
2:2161932:C:T	2	2161932	Group D	rs13033306	0.734557628631592	0.0005587305935962	0.0005587305935962	Group D
2:2874017:C:A	2	2874017	A	rs934565	0.638830995559692	0.0005087572535496	0.00037866492008349997	Group D
2:3029042:G:A	2	3029042	A	rs17040731	0.494891229271889	0.0015242772101239	0.0011296827009531	Group D
2:4377723:A:C	2	4377723	C	rs11123646	0.316073456406593	0.0	0.0003801861802848	Group D
2:4731261:T:G	2	4731261	Group D	rs13017479	0.73705113530159	0.0006326067352976	0.0006326067352976	Group D
2:4948693:T:C	2	4948693	C	rs1344999	0.702465063333511	-7.72618726822379e-05	0.0003685700558585621	Group D
2:5196902:T:C	2	5196902	C	rs11690345	0.334505942463875	0.0001149773752088	0.0005453676007176999	Group D
2:5293622:C:T	2	5293622	T	rs6740049	0.301636473834515	0.0020288936748346	0.0009448751235933001	Group D
2:5435754:T:C	2	5435754	C	rs4287732	0.282376764714718	-0.000349907155192	0.00034240255932470006	Group D
2:5973504:A:C	2	5973504	C	rs2709447	0.326003614068031	-0.0009773989855901	0.00037731696948819994	Group D
2:6007363:G:A	2	6007363	A	rs1366736	0.621393781900406	-0.0018449881732897	0.0002893342660175999	Group D
2:6020744:A:G	2	6020744	G	rs16864465	0.349510088562965	0.0	0.0002742174983286	Group D
2:6029084:T:C	2	6029084	C	rs6760889	0.248258145153523	-4.94924319575675e-05	0.0004160933563247325	Group D
2:7029483:G:A	2	7029483	A	rs12989595	0.45742119550705	0.0	0.0002919735478563	Group D
2:7111737:G:A	2	7111737	A	rs3772003	0.664518082141876	0.0	0.0010542272443892	Group D
2:7113332:C:T	2	7113332	T	rs3772000	0.397652935981751	0.0	0.0018820254934802	Group D
2:7117463:T:C	2	7117463	Group D	rs55736658	0.743572217226028	-0.0039180499436882	0.0039180499436882	Group B
2:7150654:C:T	2	7150654	Group D	rs381214	0.73413690328598	-0.0007706651292216	0.0007706651292216	Group D
2:7217012:C:T	2	7217012	T	rs7558716	0.576914292573929	0.0	0.0005876484623418	Group D
2:7475994:C:T	2	7475994	T	rs12463902	0.422030511498451	0.0013877114034445	0.0006581454271968998	Group D
2:7552684:T:C	2	7552684	C	rs1583118	0.345838311314583	0.0	0.0004005161665372	Group D
2:7596271:A:G	2	7596271	G	rs731740	0.376978853344917	-0.0047095467421357	0.0012090684193479997	Group D
2:7707691:G:A	2	7707691	Group D	rs1976199	0.737888276576996	0.000439688052983	0.000439688052983	Group D
2:8200643:C:T	2	8200643	T	rs2041876	0.495512837171555	0.0	0.00027844412876	Group D
2:8200954:C:T	2	8200954	T	rs2160452	0.445704972743988	0.0	8.77806415717019e-07	Group D
2:8548997:T:C	2	8548997	C	rs901350	0.737103468179703	-0.0025934557730263	0.0015927554029555998	Group D
2:8608271:T:C	2	8608271	C	rs12474952	0.630449575185776	7.82107742387138e-05	0.0006017214514054862	Group D
2:8769911:G:A	2	8769911	A	rs4321340	0.50944684445858	0.0	1.78744338166936e-05	Group D
2:9879118:G:A	2	9879118	A	rs10929607	0.58624655008316	0.0	0.0004351642128695	Group D
2:9914751:C:T	2	9914751	T	rs11674480	0.503628298640251	0.0	0.0004809504255915	Group D
2:9919759:T:C	2	9919759	Group D	rs7605035	0.785326182842255	0.0013139408992151	0.0013139408992151	Group D
2:10216009:C:T	2	10216009	T	rs4072565	0.57830171585083	-0.0022542294196311	0.0006351337649593003	Group D
2:10330025:C:T	2	10330025	T	rs12621615	0.337557393312454	-0.000903585335752	0.0006313831067095	Group D
2:10963527:T:C	2	10963527	C	rs1106184	0.27879990786314	-0.0012997506854287	0.00028596820961430004	Group D
2:11184914:C:T	2	11184914	T	rs2357888	0.375457239151001	-0.0014398160453992	0.00043975613502059987	Group D
2:11359120:G:T	2	11359120	T	rs2230774	0.227447234094143	0.0019793614557978	0.0004058441319903	Group D
2:11618069:G:T	2	11618069	T	rs1561014	0.642548608779907	-0.0011435323127925	0.0006105801575977	Group D
2:11727507:G:A	2	11727507	A	rs13394619	0.443018934130669	0.0006233036250461	8.743004818109995e-05	Group D
2:12246740:T:C	2	12246740	Group D	rs2278553	0.854421579837799	0.0010815512941272	0.0010815512941272	Group D
2:12348449:C:T	2	12348449	T	rs1869382	0.344750103354454	3.94182249197439e-05	0.0002590220086941561	Group D
2:12680709:C:A	2	12680709	A	rs4668770	0.435504513978958	0.0	0.0001707689147767	Group D
2:12821349:T:G	2	12821349	G	rs890073	0.602429300546646	0.0	0.0008061252425937	Group D
2:12835782:A:G	2	12835782	Group D	rs552369	0.800072205066681	-0.0009640778983065	0.0009640778983065	Group D
2:12928971:T:G	2	12928971	G	rs6432335	0.485466685891151	0.0027699343086189	9.185818671190006e-05	Group D
2:12936286:A:G	2	12936286	G	rs7557984	0.420079731941223	0.0	2.20208339462788e-05	Group D
2:12942042:T:C	2	12942042	C	rs2194724	0.566115769743919	0.0005988818144153	0.0005766611336051	Group D
2:12968885:C:T	2	12968885	T	rs4669884	0.508673137426376	0.0010004327151024	0.00010338074911469988	Group D
2:13989064:A:G	2	13989064	G	rs979311	0.232894770801067	0.000295026337586	0.0009595264077935	Group D
2:15790091:A:G	2	15790091	G	rs12463669	0.525277805328369	-0.0012678890945338	0.0009399921742419999	Group D
2:16820305:T:G	2	16820305	Group D	rs1722418	0.770076489448547	0.0008701450285225	0.0008701450285225	Group D
2:16825671:C:T	2	16825671	T	rs700423	0.712064975500107	0.0	0.0002056888231283	Group D
2:16845834:T:C	2	16845834	Group D	rs798368	0.784189796447754	0.0004070968825465	0.0004070968825465	Group D
2:17720922:G:A	2	17720922	Group D	rs7596935	0.815647238492966	0.0008334775563773	0.0008334775563773	Group D
2:17942775:T:A	2	17942775	A	rs1812152	0.522203108668327	0.0017456336566334	0.00045860087135769995	Group D
2:18687534:C:T	2	18687534	T	rs4119150	0.57953936457634	0.0010721099043961	0.0006062861044763999	Group D
2:18713455:G:A	2	18713455	A	rs4832602	0.281783325970173	-0.0004734528636151	0.0008463343793894999	Group D
2:18755652:C:A	2	18755652	A	rs6531109	0.264692862331867	0.0	9.58846284101273e-05	Group D
2:18766123:C:T	2	18766123	T	rs61742608	0.697166085243225	0.0	2.93908825515597e-05	Group D
2:18807786:A:G	2	18807786	Group D	rs16985346	0.742828464508057	-0.0003291749085913	0.0003291749085913	Group D
2:19646648:T:C	2	19646648	C	rs6713895	0.370640027523041	0.0	9.12845268231048e-05	Group D
2:19926512:T:C	2	19926512	C	rs4666548	0.356244575977325	-0.0034266917816539	0.0004044276120163002	Group D
2:19975732:C:T	2	19975732	Group D	rs11681722	0.861188012361527	0.0002344141100689	0.0002344141100689	Group D
2:19992957:T:C	2	19992957	C	rs1437864	0.487615388631821	0.0003723518621208	0.000732876037822	Group D
2:20063586:C:T	2	20063586	T	rs11096624	0.624077820777893	0.0	0.001014619386786	Group D
2:20376022:T:C	2	20376022	C	rs4233758	0.733681184053421	-0.0030287771244386	0.0028487516643392998	Group D
2:20837469:C:T	2	20837469	T	rs1865678	0.186122471094131	0.0	9.75204677156981e-05	Group D
2:23720804:G:A	2	23720804	A	rs1653752	0.467976212501526	-0.0022565209608136	0.0009324154511887004	Group D
2:24164237:T:G	2	24164237	Group D	rs4564735	0.736797112226486	0.0031206954645024	0.0031206954645024	Group D
2:24181159:G:T	2	24181159	T	rs12616678	0.556751435995102	0.0061252329370762	9.928039730040025e-05	Group D
2:24199259:T:C	2	24199259	C	rs1516427	0.379197216033936	0.0	7.4755026404458e-05	Group D
2:24245659:C:T	2	24245659	T	rs17712391	0.55189371407032	0.0029409633901918	0.0041390383737939	Group B
2:24300563:T:C	2	24300563	C	rs10209238	0.672663182020187	0.0	0.0013408294567198	Group D
2:24432839:A:G	2	24432839	G	rs2303296	0.764509522914887	0.0054075081690019	0.0035339931320005	Group D
2:24881271:T:C	2	24881271	C	rs17791703	0.422199001908302	0.0	1.44928318539778e-06	Group D
2:24924438:A:C	2	24924438	C	rs17792389	0.531079441308975	-0.0008056913030871	0.0003694490072212	Group D
2:24967724:T:C	2	24967724	C	rs2083389	0.336678269505501	0.0	1.25828494619422e-06	Group D
2:25017357:G:T	2	25017357	T	rs2891409	0.718118661642075	-0.0026852341724166	0.0003586775245454001	Group D
2:25141538:A:G	2	25141538	G	rs11676272	0.611823010444641	0.0011873401835437	0.00014257153218109994	Group D
2:25491056:A:G	2	25491056	G	rs7583409	0.494526088237763	0.0120236687236963	0.0006077693652518004	Group D
2:25655446:T:G	2	25655446	G	rs2292225	0.648510921001434	0.0023054416154559	0.000277310268299	Group D
2:25853168:G:T	2	25853168	T	rs6753775	0.388134554028511	0.0010348931037916	0.0007720453569059001	Group D
2:26536694:C:T	2	26536694	T	rs2052937	0.305796980857849	-0.0028785610838589	0.00033509141554700006	Group D
2:26846282:T:C	2	26846282	C	rs1615551	0.377447897195816	0.0003396186572959	7.420353378870004e-05	Group D
2:27260469:G:A	2	27260469	A	rs1124649	0.506029817461968	-0.0001048818646201	8.44145596311644e-05	Group D
2:27370970:T:C	2	27370970	C	rs1275513	0.399059462547302	0.0	0.0007386366073253	Group D
2:27730940:T:C	2	27730940	C	rs1260326	0.328026783466339	-0.0052515604173578	0.0003184461579042999	Group D
2:28445438:C:T	2	28445438	T	rs4665406	0.229750522971153	0.0	0.0009033465550573	Group D
2:28474423:G:A	2	28474423	A	rs11127140	0.734470933675766	-0.0062352748974533	0.0023114184077655	Group D
2:29256374:C:T	2	29256374	T	rs60403047	0.725448507070541	0.0045603711317657	0.0009059811682393002	Group D
2:29275612:A:G	2	29275612	G	rs7568963	0.395125809311867	0.0015135862309147	0.00048824615728989976	Group D
2:29701553:G:A	2	29701553	A	rs4473344	0.2748006939888	4.24348104194762e-05	0.0006734207588091238	Group D
2:30134463:C:T	2	30134463	T	rs11688109	0.544548705220223	0.0	0.0001669175949129	Group D
2:31326432:A:C	2	31326432	C	rs1862975	0.276232638955116	-0.0025324277301743	0.00026711384253659976	Group D
2:31338997:C:T	2	31338997	T	rs10188244	0.230902041494846	-0.0001288679704895	0.0004999382854466	Group D
2:31553394:G:A	2	31553394	A	rs207431	0.515704879164696	0.0021751724167325	0.0007417561119278	Group D
2:31683940:C:A	2	31683940	A	rs206826	0.44876101911068	-0.0036536028136933	0.0007050987735750004	Group D
2:32977563:C:T	2	32977563	Group D	rs3769575	0.765698486566544	0.0050719675526291	0.0050719675526291	Group B
2:32977741:G:A	2	32977741	A	rs2116588	0.502318754792213	0.0011759155613213	0.0008207068776941	Group D
2:33008510:G:A	2	33008510	A	rs3931462	0.392066994309425	0.0	0.0003529897291061	Group D
2:33045867:G:GT	2	33045867	GT	rs77795521	0.0	0.0025889825664808	0.0028079110341657004	Group D
2:33114118:A:C	2	33114118	C	rs4952316	0.360852697491646	0.0003381877985617	0.0023723077813361	Group D
2:35115979:C:T	2	35115979	T	rs280779	0.293993866443634	4.70763469969227e-05	0.0006066797506859773	Group D
2:36271122:T:C	2	36271122	C	rs1510726	0.384753960371017	0.0	5.16731373135547e-06	Group D
2:36276087:G:A	2	36276087	A	rs718083	0.408049803972244	0.0	0.0006713733343077	Group D
2:36619064:G:T	2	36619064	T	rs4670552	0.528219440579414	0.0022254520370083	0.0005965172887386003	Group D
2:36792274:A:C	2	36792274	C	rs34425257	0.419994410872459	0.0	0.0003023722264629	Group D
2:36810133:G:A	2	36810133	A	rs11691600	0.534355747699738	0.0	4.62404519460923e-05	Group D
2:37027819:C:T	2	37027819	T	rs1558701	0.623307639360428	0.0002113979502062	0.0002561918690926	Group D
2:37479756:C:T	2	37479756	T	rs10184179	0.763113397359848	-0.0030735217231512	0.0020388648719548	Group D
2:37546845:T:C	2	37546845	C	rs1158218	0.265984351933002	0.0	0.0003643885566294	Group D
2:37559355:C:A	2	37559355	A	rs6734118	0.231347560882568	0.0	0.0002798079162447	Group D
2:37789032:T:C	2	37789032	Group D	rs62133462	0.801559728384018	0.0004052979006729	0.0004052979006729	Group D
2:37904096:T:C	2	37904096	Group D	rs13426677	0.840011519193649	-0.0004207303571413	0.0004207303571413	Group D
2:38853095:G:T	2	38853095	T	rs17023003	0.749674654006958	-0.0041240033068587	0.0023303280287429	Group D
2:38879950:C:T	2	38879950	T	rs13412171	0.406171357631683	0.0	4.48643739406423e-05	Group D
2:38980231:T:C	2	38980231	C	rs13024811	0.571711421012878	-0.0006477884759975	0.0004355726678072	Group D
2:39008468:C:T	2	39008468	T	rs1562855	0.194352167844772	-0.0002207224086251	0.00010058880720780001	Group D
2:39493321:T:C	2	39493321	Group D	rs17505544	0.859442961215973	-0.0004001517254214	0.0004001517254214	Group D
2:40500993:T:C	2	40500993	Group D	rs9808490	0.768514448404312	0.0002324001569728	0.0002324001569728	Group D
2:40510100:G:A	2	40510100	Group D	rs34409901	0.779281717538834	0.002189727043959	0.002189727043959	Group D
2:40564647:G:A	2	40564647	A	rs11893826	0.683921980857849	0.0	0.0010959614904598	Group D
2:41391252:C:T	2	41391252	T	rs17027254	0.429334035515785	0.0	0.0002551246059948	Group D
2:42133432:C:T	2	42133432	T	rs2374341	0.508469185233116	-0.0006705543979584	0.0008272027960127999	Group D
2:42133542:A:C	2	42133542	C	rs2374342	0.672077214717865	0.0	4.51084004705927e-05	Group D
2:42337163:T:C	2	42337163	C	rs6544503	0.337119677662849	-0.0011192750193955	0.0006366925405776999	Group D
2:42423683:A:G	2	42423683	Group D	rs10183437	0.890536743402481	0.0010011835816776	0.0010011835816776	Group D
2:42989444:A:G	2	42989444	Group D	rs2278582	0.764070612192154	0.0007741904481552	0.0007741904481552	Group D
2:43132547:C:T	2	43132547	T	rs12986863	0.582272034883499	0.0040611895960003	0.0007197613806696999	Group D
2:43184807:A:G	2	43184807	G	rs6544620	0.492130729556084	-0.0015124243561364	0.0006333331327354002	Group D
2:43213996:G:A	2	43213996	Group D	rs6544624	0.79842740893364	0.0006937957307677	0.0006937957307677	Group D
2:43249254:T:C	2	43249254	C	rs10172861	0.586793342232704	0.0	0.0005752958311674	Group D
2:43325570:A:G	2	43325570	G	rs6718520	0.388180392980576	6.61302479950895e-05	0.0006893191130858106	Group D
2:43632200:G:A	2	43632200	A	rs6714067	0.614906871318817	-0.0065227680732668	5.12390973768e-05	Group D
2:43638712:G:T	2	43638712	T	rs13029250	0.180738957226276	-6.85319072148794e-05	0.0006624416226526206	Group D
2:43732823:T:C	2	43732823	C	rs7578597	0.508720850944519	-0.012606672865815	9.689920067000243e-06	Group D
2:43797619:C:T	2	43797619	T	rs17031056	0.541606742143631	0.0007025657689088	0.0005380616930534001	Group D
2:43881161:G:A	2	43881161	A	rs7594100	0.262500765919685	0.0	8.71025808858124e-05	Group D
2:44071639:C:T	2	44071639	Group D	rs4148210	0.492485013604164	-2.29485035911135e-05	2.29485035911135e-05	Group D
2:44101430:T:G	2	44101430	G	rs4952689	0.0	-0.0013434295569645	0.0004104255130470999	Group D
2:44738763:C:T	2	44738763	T	rs698838	0.33091162443161	0.0013452777396598	0.0006144610610575002	Group D
2:45976582:T:C	2	45976582	C	rs11890554	0.332756742835045	0.0025517106077129	0.0002872080760119998	Group D
2:45981142:A:G	2	45981142	G	rs940052	0.588483086228371	0.0006232548131664	0.0005486225197612999	Group D
2:46076545:T:C	2	46076545	C	rs7561544	0.578005313873291	0.0	0.0003263424139547	Group D
2:46128458:G:T	2	46128458	T	rs10187908	0.458461663126946	0.0002124168554508	0.0014346278451595	Group D
2:46145610:A:G	2	46145610	Group D	rs747032	0.797292679548264	-0.0007365244209039	0.0007365244209039	Group D
2:46194334:A:G	2	46194334	G	rs7607360	0.400707229971886	0.0	0.0010012396246066	Group D
2:46210128:G:A	2	46210128	Group D	rs2711286	0.749566906690598	0.0026844713389204	0.0026844713389204	Group D
2:46293173:G:A	2	46293173	A	rs13430530	0.663008117675781	0.0	0.0002223498897977	Group D
2:46467202:A:G	2	46467202	Group D	rs10195655	0.818320155143738	8.70539000887265e-05	8.70539000887265e-05	Group D
2:46762034:T:C	2	46762034	C	rs4952833	0.705044311285019	-0.0050683498920441	0.0006272434085991003	Group D
2:47398394:G:A	2	47398394	A	rs815816	0.584716278314591	0.0	0.0004062142335572	Group D
2:47778096:G:T	2	47778096	T	rs6736039	0.270022791624069	0.0	0.0004113383781229	Group D
2:47952231:T:C	2	47952231	C	rs797689	0.420517182350159	-0.0005713826804868	0.0005935639235619	Group D
2:48012846:C:T	2	48012846	T	rs3136245	0.682400661706924	0.0010486258820082	0.0005944365084003	Group D
2:48587198:A:G	2	48587198	G	rs17037289	0.515369752049446	0.0	7.76370215672366e-06	Group D
2:48955683:A:G	2	48955683	G	rs4596023	0.70714396238327	0.0	0.0005309160853353	Group D
2:50701557:T:C	2	50701557	C	rs10180935	0.228789786994457	-0.0017872013384077	0.0003042875375860001	Group D
2:50932942:A:G	2	50932942	G	rs1518548	0.300848552584648	0.0	0.0003515497790587	Group D
2:51107487:G:A	2	51107487	A	rs13384511	0.240763582289219	0.0002294192197708	0.0006047048943769	Group D
2:53398634:T:C	2	53398634	C	rs10496016	0.339111825823784	0.0	0.0006437034636935	Group D
2:53734657:C:T	2	53734657	T	rs4672456	0.457081896066666	0.0011049583468566	0.0002870876683913001	Group D
2:53955850:C:T	2	53955850	T	rs17521008	0.310199791193008	-0.0062288139980689	0.0006262299876042005	Group D
2:54035508:G:C	2	54035508	C	rs2287345	0.586626589298248	0.0034860677582837	0.0012809058973935	Group D
2:54120025:A:T	2	54120025	T	rs805408	0.341129711270332	-0.0020852706275594	0.0007057665284805001	Group D
2:54210781:C:T	2	54210781	T	rs10183655	0.426233395934105	-0.0017919811620063	0.0007551286426349998	Group D
2:54766158:C:A	2	54766158	A	rs11904679	0.707210904359818	0.0	0.0002206390425879	Group D
2:54817833:A:G	2	54817833	Group D	rs6545433	0.749507004022598	-8.40855256214112e-05	8.40855256214112e-05	Group D
2:55257677:C:T	2	55257677	T	rs10496037	0.377136984467506	0.0	2.49152539359902e-05	Group D
2:55345758:C:T	2	55345758	T	rs7578257	0.393078029155731	-0.0005523838310507	0.0008565061013678	Group D
2:55500529:A:G	2	55500529	Group D	rs77363231	0.758092015981674	0.0017701657666371	0.0017701657666371	Group D
2:55615366:A:G	2	55615366	Group D	rs7600669	0.778743237257004	-0.0010796295078475	0.0010796295078475	Group D
2:55651140:C:A	2	55651140	A	rs6747649	0.487606403231621	0.0	0.0014288792180572	Group D
2:55658836:G:A	2	55658836	A	rs10169185	0.262517508864403	0.0	0.0001773216316836	Group D
2:55912120:T:C	2	55912120	C	rs782572	0.252044557034969	0.0	5.56218779594457e-05	Group D
2:56008904:T:C	2	56008904	C	rs7577894	0.38547528386116	0.0013110202280331	0.0016639268592399	Group D
2:56082610:C:T	2	56082610	T	rs6545528	0.426609438657761	-0.0001095145759236	0.0012277704797103	Group D
2:56096892:A:G	2	56096892	Group D	rs3791679	0.888969165086746	0.002543426387383	0.002543426387383	Group D
2:58118626:G:A	2	58118626	A	rs41439747	0.383507472276688	-0.0009435129716152	0.0003186864907499001	Group D
2:58124359:G:A	2	58124359	A	rs2678919	0.16320304274559	0.0005624807919575	0.000397386771884	Group D
2:58410972:C:T	2	58410972	T	rs768298	0.310258810222149	-0.0020725036603902	0.0002666186093079003	Group D
2:59155105:G:A	2	59155105	A	rs7573672	0.493164864182472	-0.0011251883385391	0.0008293303758687	Group D
2:59294558:T:C	2	59294558	Group D	rs10172678	0.835813540220261	-0.0035781244037467	0.0035781244037467	Group D
2:59308101:A:G	2	59308101	G	rs7599151	0.503878769278526	0.0	0.0014112571184384	Group D
2:59523041:T:C	2	59523041	C	rs6713914	0.458774760365486	0.0	0.0001070114185464	Group D
2:60117297:A:G	2	60117297	G	rs10865313	0.425533214211464	0.0031617619529047	0.0005089670740961003	Group D
2:60137193:C:T	2	60137193	T	rs2194701	0.40151469707489	0.0008581588437323	0.00019234794198000002	Group D
2:60139524:G:A	2	60139524	A	rs1863161	0.453182974457741	0.0	8.51515447389629e-06	Group D
2:60296223:C:T	2	60296223	T	rs10178652	0.754735487699509	-0.001531284371657	0.0014874699263828866	Group D
2:60713235:A:G	2	60713235	G	rs10189857	0.494391047954559	0.0016522541179947	0.00077450568067	Group D
2:60720246:C:T	2	60720246	T	rs11886868	0.587893259525299	-0.0039619983774839	6.940558442669956e-05	Group D
2:60785937:A:G	2	60785937	G	rs12328348	0.500553652644157	-0.0002761684211418	0.0005990937556935999	Group D
2:61224259:C:T	2	61224259	T	rs10181042	0.179664321243763	0.0	1.11442487518328e-05	Group D
2:61350137:A:G	2	61350137	G	rs1177285	0.0929515741765499	-0.0029022815282801	1.3266746226700283e-05	Group D
2:61373520:G:A	2	61373520	A	rs1729658	0.279867389798164	-0.0008427072832148	0.0005760820985308	Group D
2:62069358:T:C	2	62069358	C	rs11125895	0.276110261678696	3.8269044275303e-06	0.0008242867005234697	Group D
2:62561021:A:G	2	62561021	G	rs11684276	0.438232892751694	0.0025835146856951	0.0006931256371838002	Group D
2:62635367:A:C	2	62635367	C	rs6717002	0.472129994630814	0.0	7.65748950888236e-05	Group D
2:63474793:T:C	2	63474793	C	rs11125954	0.346565064787865	0.0	0.0011128663586168	Group D
2:63484884:T:C	2	63484884	Group D	rs7585088	0.753070116043091	0.0009615574868339	0.0009615574868339	Group D
2:64402689:T:C	2	64402689	C	rs1881712	0.677472621202469	0.0	0.0002415838989515	Group D
2:64637502:G:A	2	64637502	A	rs868986	0.363989147543907	-0.000207986024124	0.0006710979388167	Group D
2:65141933:C:T	2	65141933	Group D	rs13012644	0.756228005886078	0.0008920842439599	0.0008920842439599	Group D
2:65144657:C:T	2	65144657	T	rs4671629	0.352206438779831	0.0	0.0002741230121959	Group D
2:65290842:C:A	2	65290842	Group D	rs2241161	0.859555613994598	-7.17930069154347e-05	7.17930069154347e-05	Group D
2:65497682:A:G	2	65497682	Group D	rs13812	0.782014828920364	0.0007540825584638	0.0007540825584638	Group D
2:65524097:A:G	2	65524097	G	rs906575	0.652865415811539	0.0	0.0012188070681208	Group D
2:65633884:A:G	2	65633884	G	rs2576923	0.870535373687744	0.0021701029177718	0.0015662171161057	Group D
2:65823020:A:G	2	65823020	G	rs11695927	0.773506844043732	0.0035490161187515	0.0032903250294038	Group D
2:66617843:C:A	2	66617843	Group D	rs36077609	0.757501608133316	0.0071889567103287	0.0071889567103287	Group B
2:66888937:C:T	2	66888937	Group D	rs1303866	0.771147477626801	-0.0011088665729907	0.0011088665729907	Group D
2:66953286:G:A	2	66953286	A	rs10201517	0.320344492793083	0.0	0.0010924859380271	Group D
2:66953697:C:T	2	66953697	T	rs2192956	0.524869900941849	0.0	0.000134781770515	Group D
2:67088684:C:A	2	67088684	A	rs10183135	0.460430335998535	-0.001078437663473	0.0009433908450676997	Group D
2:67746422:G:A	2	67746422	A	rs2683684	0.302535983920097	-0.003561105724413	0.0005637626202178998	Group D
2:67797924:C:T	2	67797924	Group D	rs2861643	0.75733300447464	-0.0002358029277754	0.0002358029277754	Group D
2:67836507:A:C	2	67836507	C	rs2861683	0.282165640592575	0.0	0.0001400849447582	Group D
2:68621824:T:C	2	68621824	C	rs1155426	0.4889543145895	0.0	0.0035106446150519	Group D
2:68623302:A:G	2	68623302	G	rs6742200	0.529695391654968	0.0	0.0003428198135907	Group D
2:68623652:T:C	2	68623652	Group D	rs1867313	0.825133669376373	0.0055053834382482	0.0055053834382482	Group B
2:68623915:T:C	2	68623915	C	rs3732044	0.363854584097862	0.0	6.83605613073477e-05	Group D
2:68992798:C:T	2	68992798	T	rs4854451	0.778509145975113	0.0027724397920982	0.0022747837581283004	Group D
2:69049939:G:T	2	69049939	T	rs4241344	0.527348041534424	0.0	0.0005377488503096	Group D
2:70826216:T:C	2	70826216	C	rs11126282	0.362844160199165	0.0004293772900895	0.0005205284548108	Group D
2:70866223:A:G	2	70866223	G	rs1859922	0.501139649748802	0.0017352432361007	0.00047949488809099984	Group D
2:71058835:A:G	2	71058835	G	rs741326	0.596317964792252	0.000605988695191	0.0005683284426854999	Group D
2:71654175:G:A	2	71654175	A	rs1804020	0.321106119453907	-0.0021531577634355	0.00048610335691540033	Group D
2:71880211:G:A	2	71880211	A	rs1736168	0.409960934519768	0.0	0.0002567465377209	Group D
2:73717567:G:T	2	73717567	T	rs2056486	0.230179958045483	0.0	6.12419056290914e-06	Group D
2:73717656:A:G	2	73717656	G	rs10193972	0.315517853200436	0.0	0.0001825027702909	Group D
2:73746923:C:T	2	73746923	T	rs11884776	0.195517316460609	0.0006521390437829	0.00041240278578330005	Group D
2:74476841:C:T	2	74476841	T	rs13024188	0.617773261666298	0.0	0.0003005904310975	Group D
2:75156603:A:G	2	75156603	G	rs11884580	0.587317055463791	-9.43881826420846e-05	0.0007269217654986154	Group D
2:75321603:G:A	2	75321603	A	rs3755459	0.331720170378685	0.0	0.000130599840448	Group D
2:75745574:C:A	2	75745574	A	rs4852380	0.507498821616173	-0.0009182584764975	0.0004802548011078999	Group D
2:76240260:G:A	2	76240260	A	rs441584	0.242931520938873	-0.0014662351993995	0.0006309612743802	Group D
2:77188456:C:T	2	77188456	T	rs17013455	0.316969096660614	0.0	0.0002408464062404	Group D
2:78133560:T:C	2	78133560	C	rs7602889	0.249049451947212	0.0007314337019547	0.00017537955183120001	Group D
2:78144479:G:A	2	78144479	A	rs4853355	0.319128504395485	0.0016993699477143	0.00033706847992859995	Group D
2:79517133:A:G	2	79517133	G	rs11126706	0.300276851654053	0.0	0.0003202356124678	Group D
2:80728120:T:C	2	80728120	C	rs7576475	0.440234416723251	4.7033279195711e-05	0.000712824844439989	Group D
2:81990912:C:T	2	81990912	T	rs1733575	0.445434382557869	0.0	0.0001201518804793	Group D
2:85759127:T:C	2	85759127	C	rs17026396	0.254771180450916	-0.0065942308580731	0.00033780699502950016	Group D
2:85818273:G:A	2	85818273	A	rs1374370	0.40718580186367	-0.0038021404208312	0.00032381119790599955	Group D
2:85895338:T:G	2	85895338	G	rs2077079	0.376433819532394	-0.0008246383582835	0.00019464124489450003	Group D
2:85913214:A:G	2	85913214	G	rs11688432	0.367116659879684	0.0	0.0003273243846308	Group D
2:86088311:T:C	2	86088311	C	rs1138484	0.768986809253693	-0.0017335855012279	0.00012119591678009991	Group D
2:86122874:T:C	2	86122874	C	rs1401383	0.273795410990715	0.0001908651951245	0.0006314593977066999	Group D
2:86169989:T:C	2	86169989	C	rs2366958	0.214364163577557	-0.0049771490018158	0.00042386409663639976	Group D
2:86400824:G:A	2	86400824	A	rs1050301	0.657675522565842	0.0014309682300459	0.00031068670038990006	Group D
2:86433240:C:T	2	86433240	T	rs10901	0.421036270260811	-0.001277114974038	0.00024923558992389987	Group D
2:88424066:T:C	2	88424066	C	rs2241883	0.37576507627964	0.0007293569465019	0.0004448340577392001	Group D
2:96861159:C:G	2	96861159	G	rs2276650	0.731608545780182	0.001736400187148	0.0005422852187478	Group D
2:96931846:T:C	2	96931846	Group D	rs2301707	0.876837658882141	-0.000136300718066	0.000136300718066	Group D
2:96993757:C:T	2	96993757	T	rs2279105	0.405913129448891	0.0016023839362732	0.0006252271618510999	Group D
2:97030247:T:C	2	97030247	C	rs2305935	0.29944172501564	0.0004135625175635	0.0006883431382101999	Group D
2:97405440:G:A	2	97405440	Group D	rs2271893	0.780150097608566	-0.0009200350844508	0.0009200350844508	Group D
2:97423626:T:C	2	97423626	C	rs968470	0.258887240290642	0.0	0.0009190070510821	Group D
2:97633267:G:C	2	97633267	C	rs113319086	0.296059845387936	0.0	0.0004149488211573	Group D
2:98277090:T:C	2	98277090	C	rs79616802	0.391731277108192	0.0	0.001047708758883	Group D
2:98703659:G:T	2	98703659	Group D	rs10211067	0.861261188983917	-0.0010406077153811	0.0010406077153811	Group D
2:98853173:G:A	2	98853173	A	rs11889349	0.589169120788574	0.0	0.0009752422950593	Group D
2:98885925:G:A	2	98885925	Group D	rs2221416	0.764687234163284	-0.0006677549499786	0.0006677549499786	Group D
2:99992822:A:C	2	99992822	C	rs7558074	0.335622119903564	-0.0011725984318828	0.0005039643440663999	Group D
2:101257185:C:T	2	101257185	Group D	rs6542972	0.74399488568306	0.0003734918015186	0.0003734918015186	Group D
2:101269677:T:C	2	101269677	C	rs4396744	0.541288948059082	0.0	0.0004967893035503	Group D
2:101487457:C:T	2	101487457	T	rs12472319	0.69134578704834	0.0	0.000170093192818	Group D
2:101624471:T:C	2	101624471	C	rs746924	0.405697619915009	0.0036626509467499	0.0008620962657514002	Group D
2:101629039:C:A	2	101629039	Group D	rs7609263	0.769869202375412	0.0007012840684543	0.0007012840684543	Group D
2:101656726:T:C	2	101656726	C	rs2289953	0.520627066493034	0.0	0.0003032382747796	Group D
2:102018908:A:G	2	102018908	G	rs2175968	0.418626534938812	0.0	6.71559029828717e-05	Group D
2:102064729:G:A	2	102064729	A	rs7583866	0.502722430229187	0.0	0.0008428440092261	Group D
2:102080926:G:A	2	102080926	A	rs6720584	0.75336651802063	0.0022466176172134	0.0021860674309257862	Group D
2:102343062:C:T	2	102343062	T	rs6543092	0.343904611468315	0.0	0.0001438045833131	Group D
2:102784574:T:C	2	102784574	Group D	rs13020778	0.437715065479279	-3.02362481018012e-05	3.02362481018012e-05	Group D
2:102825479:T:C	2	102825479	C	rs11123913	0.467142131924629	-0.0001526990466142	0.0004870169345644	Group D
2:102966067:G:A	2	102966067	A	rs1921622	0.406770965456963	1.97305429789464e-05	0.0026112792225342534	Group D
2:102968209:TC:T	2	102968209	T	Affx-52334280	0.0	0.0	0.0001884664146796	Group D
2:103019919:A:G	2	103019919	G	rs1035127	0.351424190402031	0.0	0.0035119255941075	Group D
2:103035044:A:G	2	103035044	Group D	rs1420106	0.910813850164413	0.0072563693587076	0.0072563693587076	Group B
2:105248454:G:A	2	105248454	A	rs10204762	0.278968518972397	0.001176716785873	0.0007973441726120999	Group D
2:105953938:G:GC	2	105953938	GC	rs3217439	0.0	0.001899840750588	0.0007934594519047999	Group D
2:106042902:C:T	2	106042902	Group D	rs10194273	0.766662889719009	0.0015556992235102	0.0015556992235102	Group D
2:106220799:A:G	2	106220799	G	rs7576878	0.326142111420631	0.0	0.000395827105396	Group D
2:106243073:A:G	2	106243073	G	rs12622971	0.421244111657143	0.0	0.0004231909109847	Group D
2:106372358:A:C	2	106372358	Group D	rs13017109	0.765341448783875	0.0010701489024695	0.0010701489024695	Group D
2:106456387:C:T	2	106456387	T	rs10200841	0.45507118999958	0.0	0.0001838006279669	Group D
2:107199075:A:C	2	107199075	Group D	rs2125904	0.790443706512451	0.0017558352697054	0.0017558352697054	Group D
2:107210805:A:G	2	107210805	G	rs13017273	0.39204269349575	0.0	0.0006591878495016	Group D
2:107909895:T:C	2	107909895	C	rs1990406	0.449664801359177	0.0	0.0003218544379778	Group D
2:108382881:C:T	2	108382881	T	rs328031	0.412788051366806	0.0	0.0005214627209023	Group D
2:111599706:G:A	2	111599706	A	rs4849121	0.606900215148926	0.0091014118460646	0.0010883130461645987	Group D
2:111616304:C:T	2	111616304	Group D	rs1533298	0.751903480291367	0.0002191201188296	0.0002191201188296	Group D
2:111632235:A:G	2	111632235	Group D	rs10185326	0.733644759654999	0.0003283600159529	0.0003283600159529	Group D
2:111749254:T:C	2	111749254	C	rs3789096	0.548423263430595	0.0	0.000259301611352	Group D
2:111796195:T:C	2	111796195	C	rs17549227	0.617940372228622	0.0	0.0070235949538472	Group B
2:111797920:A:G	2	111797920	Group D	rs754352	0.739906996488571	0.0097166695725378	0.0097166695725378	Group B
2:111798658:G:A	2	111798658	A	rs752834	0.66286997795105	0.0	0.0006084340799121	Group D
2:111920741:G:T	2	111920741	T	rs3827536	0.739043772220612	0.0052719068230707	0.0013833790585526	Group D
2:112049536:G:A	2	112049536	A	rs932203	0.0	0.0003322932958871	0.0006418310114612	Group D
2:112249583:G:A	2	112249583	Group D	rs58584712	0.7753821849823	-0.0034346478530773	0.0034346478530773	Group D
2:112253851:T:C	2	112253851	C	rs1345203	0.790886694192886	0.0	0.0010016115555356	Group D
2:113821653:T:C	2	113821653	C	rs768627	0.531428277492523	-6.34608016659822e-05	0.0007251268584576178	Group D
2:113863771:T:C	2	113863771	C	rs2029582	0.696136724948883	0.0	0.001171634687283	Group D
2:113887207:T:C	2	113887207	Group D	rs419598	0.747717827558518	-0.0012439450910984	0.0012439450910984	Group D
2:113906692:C:T	2	113906692	Group D	rs62161288	0.805664718151093	0.0024624011770373	0.0024624011770373	Group D
2:113984303:T:C	2	113984303	C	rs11123172	0.295238395035267	0.0	0.0007383387857383	Group D
2:114488405:A:G	2	114488405	G	rs6726001	0.256810837984085	-0.0017437524818876	0.00029234944553900013	Group D
2:114533618:A:G	2	114533618	G	rs12711788	0.258852088451386	-0.000366906184027	0.00044007544537440007	Group D
2:114548110:C:T	2	114548110	T	rs3870303	0.373593977093697	-0.0008058921409983	0.0002143513439900001	Group D
2:117637447:C:T	2	117637447	T	rs12104589	0.533729994297028	-0.0008617069158324	4.451470996650003e-05	Group D
2:117724192:G:A	2	117724192	A	rs7608004	0.546782201528549	-0.0003316685434167	0.00040750895064509997	Group D
2:119272649:T:C	2	119272649	C	rs12711907	0.384764629602432	0.0	0.0004803851184615	Group D
2:119522687:T:C	2	119522687	C	rs10177490	0.589204394817352	0.0012065250210543	0.00033346167623380003	Group D
2:120438515:G:C	2	120438515	C	rs11684353	0.0	0.0017932057376963	0.0007945536551645998	Group D
2:120540224:G:T	2	120540224	T	rs12990769	0.538663396239281	0.0	3.08886715025031e-05	Group D
2:121338032:C:A	2	121338032	A	rs6541725	0.596575230360031	0.0031604939375471	0.0005895990458931999	Group D
2:121503661:A:G	2	121503661	G	rs707485	0.304872050881386	-4.56507323092567e-05	0.0006258841550995433	Group D
2:121837519:G:A	2	121837519	A	rs12711539	0.535712030529976	0.0	8.86170115011691e-05	Group D
2:123201835:C:T	2	123201835	T	rs11122903	0.288025477528572	0.0	0.0002637417170771	Group D
2:123234677:A:G	2	123234677	G	rs753620	0.425748288631439	0.0014853181058992	0.0009905899118114998	Group D
2:123296608:A:G	2	123296608	Group D	rs6541832	0.820619547367096	-5.95784305807438e-05	5.95784305807438e-05	Group D
2:123641611:G:A	2	123641611	Group D	rs17367118	0.757040220499039	-0.0006027887120103	0.0006027887120103	Group D
2:123660810:G:T	2	123660810	T	rs1527972	0.355403745174408	0.0	0.0009646749631115	Group D
2:124275352:T:C	2	124275352	C	rs17010186	0.317168313264847	0.0	0.0001881497134988	Group D
2:125263618:G:A	2	125263618	A	rs1503999	0.554153367877007	0.0002312712459109	0.0007957447884011999	Group D
2:126401516:A:C	2	126401516	C	rs3980656	0.47411051094532	-0.0003754547412705	0.0005668985394398	Group D
2:127148459:T:C	2	127148459	C	rs437866	0.484421089291573	-0.0002278486404864	0.0004694988344026	Group D
2:127578555:A:G	2	127578555	G	rs11884665	0.39277341067791	0.0001731652829175	0.0003920702140868	Group D
2:127584709:A:G	2	127584709	Group D	rs6732363	0.47024539411068	0.0002542718911247	0.0002542718911247	Group D
2:127592790:A:C	2	127592790	C	rs7592269	0.398075160384178	0.0015344083335775	0.0005591606533064002	Group D
2:127989971:A:G	2	127989971	G	rs4300780	0.536321106553078	0.0001241972481532	0.0009881661343843	Group D
2:128023884:T:C	2	128023884	C	rs1143407	0.232896906137466	0.0001128179907053	0.00010989825584933984	Group D
2:128127122:T:C	2	128127122	C	rs12477214	0.258401829004288	-0.0003885509740198	0.00022136985426579993	Group D
2:128366272:G:A	2	128366272	A	rs17261971	0.464246174693108	-0.0005498447489541	0.0006239043606723	Group D
2:128394877:C:CT	2	128394877	CT	rs3217355	0.0	-0.0015833429816074	0.0005473734449688999	Group D
2:129059084:A:G	2	129059084	Group D	rs12986656	0.791063803434372	0.0006751665320793	0.0006751665320793	Group D
2:129123452:T:G	2	129123452	G	rs2897293	0.394000422954559	-0.0009642486202917	0.00041932425044530013	Group D
2:129542735:C:A	2	129542735	A	rs11690223	0.491800811886787	0.0	0.0003045333552101	Group D
2:130759462:A:G	2	130759462	G	rs7588879	0.3349450558424	0.0004909163177665	0.00054493761186	Group D
2:133300624:T:C	2	133300624	C	rs3115031	0.495568504929543	0.0002056852395064	0.0008958329951653999	Group D
2:133310237:T:C	2	133310237	C	rs10173080	0.380768337845802	4.41157219545654e-05	0.0002660868354009346	Group D
2:133310327:G:A	2	133310327	A	rs10928427	0.433314883708954	0.0002605172160497	0.0006878147615193	Group D
2:133328805:T:C	2	133328805	Group D	rs3115017	0.756839215755463	0.0014616052628693	0.0014616052628693	Group D
2:133905985:C:T	2	133905985	T	rs1368970	0.369979956746101	-0.0001603228245698	0.000557555413607	Group D
2:134455375:T:C	2	134455375	C	rs17767728	0.561091256141663	-0.0032075816184504	0.0009197101690989998	Group D
2:134831119:A:G	2	134831119	G	rs4953900	0.698648828268051	0.0	0.0005775783835109	Group D
2:135540546:A:G	2	135540546	Group D	rs7599054	0.873382306098938	-0.0004805870849493	0.0004805870849493	Group D
2:135710322:A:G	2	135710322	G	rs10166142	0.563658964633942	-0.0012558704379628	0.0007297311808250001	Group D
2:136590746:C:T	2	136590746	T	rs3754689	0.520354294776917	0.0	0.0007290615509809	Group D
2:136968417:G:A	2	136968417	A	rs1519527	0.497394862771034	0.0014578294570889	0.0014565836386986	Group D
2:137707025:A:G	2	137707025	G	rs515093	0.460361778736115	0.0013617026326745	0.0007107787467524999	Group D
2:137917922:T:A	2	137917922	A	rs4954474	0.526520884037018	0.0	0.0002415198974882	Group D
2:138372318:G:A	2	138372318	A	rs2592091	0.288928860425949	0.0	0.0001525629691833	Group D
2:138649969:C:T	2	138649969	T	rs17642445	0.479509472846985	0.0	1.68674112169411e-06	Group D
2:138661730:C:T	2	138661730	T	rs1840653	0.475390335917473	-0.0011057299396282	0.0010954895374680998	Group D
2:139758906:G:A	2	139758906	A	rs3922799	0.458053925633431	0.0	0.0005164926906561	Group D
2:140002534:T:C	2	140002534	C	rs7567555	0.282785721123219	0.0	0.000378102802632	Group D
2:140896080:A:G	2	140896080	G	rs1969503	0.379065737128258	-0.0002754102836042	0.0004518987023289	Group D
2:142602912:A:C	2	142602912	C	rs1541976	0.359171769022942	-0.0002255917873841	0.0005836213857977	Group D
2:143730845:T:C	2	143730845	C	rs1866619	0.59361592233181	0.0005846526856924	0.0024154803008225	Group D
2:143781731:A:C	2	143781731	C	rs13008636	0.577536541223526	0.0	0.0023279529354292	Group D
2:143798189:A:G	2	143798189	G	rs9013	0.631486374139786	-0.0100977731331297	0.0044797447069071985	Group B
2:143828517:C:T	2	143828517	Group D	rs35055777	0.805096501111984	0.00598370722298	0.00598370722298	Group B
2:143862120:A:G	2	143862120	G	rs2043930	0.542636501789093	0.0	0.0006920015909869	Group D
2:143875725:T:C	2	143875725	Group D	rs16858573	0.744745749235153	-0.0065468483288386	0.0065468483288386	Group B
2:143911977:T:C	2	143911977	C	rs2581263	0.394972503185272	-0.0007672714370637	0.0010898609794722	Group D
2:144227603:T:C	2	144227603	C	rs77601553	0.702118182182312	-0.0004229554956831	0.0004830872909922	Group D
2:144309026:A:G	2	144309026	G	rs6745691	0.683299547433853	-0.0003187696049729	0.00029907658636600003	Group D
2:144310402:G:A	2	144310402	A	rs10928186	0.490197679400444	0.0035700053398044	0.0005761697374188001	Group D
2:145506108:G:A	2	145506108	A	rs13032840	0.531253907084465	0.0006839045373606	0.0005593154753386	Group D
2:145840378:G:A	2	145840378	A	rs6430078	0.516142752766609	0.0	0.0006139119903832	Group D
2:147829713:T:C	2	147829713	C	rs2706043	0.641105914115906	0.0	0.0005563237159431	Group D
2:149312470:G:A	2	149312470	Group D	rs7578059	0.761076587438583	-0.0036149772506885	0.0036149772506885	Group D
2:149324132:C:A	2	149324132	A	rs4972375	0.603215885162354	0.0	0.0005250215788123	Group D
2:149325251:C:T	2	149325251	T	rs7606475	0.606881409883499	0.0	2.39353868540468e-05	Group D
2:149333736:A:G	2	149333736	G	rs7590549	0.419270899891853	0.0	0.0003827163478905	Group D
2:149999742:T:C	2	149999742	C	rs678915	0.428972068428993	-0.0012828819596789	0.0006781858290848001	Group D
2:151261025:G:A	2	151261025	A	rs12475381	0.616190367937088	0.0	0.000264590421184	Group D
2:151319753:A:G	2	151319753	G	rs816884	0.479727405309677	5.327521771281e-05	0.00070801219457119	Group D
2:151767424:T:C	2	151767424	C	rs16828944	0.383887976408005	-0.001093027805577	0.0005621413654219001	Group D
2:152117957:T:C	2	152117957	C	rs2271813	0.801175671815872	0.0030626636157532	0.00031119660612969995	Group D
2:152226570:A:G	2	152226570	G	rs1046668	0.444968384504318	0.0002264032823555	0.0007483179844258	Group D
2:152251363:C:A	2	152251363	A	rs10173597	0.186045004427433	-0.0002057509162212	0.00041687372268799994	Group D
2:152352843:C:G	2	152352843	G	rs7575451	0.340874800086021	-0.0001976776296872	0.0001239429891159	Group D
2:152422076:C:G	2	152422076	G	rs2288210	0.212229441106319	-0.0005168313572477	7.488059636609999e-05	Group D
2:152986041:T:C	2	152986041	C	rs4664531	0.399503099918366	0.0	0.0021811525601603	Group D
2:153005844:A:G	2	153005844	G	rs10184862	0.285099142789841	0.0	0.0009548997453831	Group D
2:153032790:A:C	2	153032790	Group D	rs6740224	0.744296461343765	-0.0031924113929241	0.0031924113929241	Group D
2:153388948:G:T	2	153388948	T	rs2346182	0.623619568347931	0.0	0.0005058350707566	Group D
2:153811011:C:T	2	153811011	T	rs4664633	0.39675532579422	0.0	0.0001536746878814	Group D
2:154414404:T:C	2	154414404	C	rs7570293	0.371324983239174	0.0	2.99500560015187e-05	Group D
2:155188523:T:G	2	155188523	G	rs707025	0.402917659282684	0.0002158225392532	0.00042908722975180003	Group D
2:155807808:C:T	2	155807808	T	rs6707534	0.33374038040638	0.0	8.0107866540698e-05	Group D
2:156159460:A:G	2	156159460	G	rs6435695	0.32662607729435	0.0003678886317571	0.00057895641475	Group D
2:157406249:G:A	2	157406249	A	rs2116665	0.368390861153603	0.0014091712251112	0.0004657103448327	Group D
2:157610894:T:C	2	157610894	C	rs1993788	0.422150748968124	-0.0004517339179766	0.0005517172680724	Group D
2:159358192:A:G	2	159358192	G	rs10198528	0.510573461651802	-0.0002014885353352	0.0006710242909955	Group D
2:159363774:G:C	2	159363774	Group D	rs1125662	0.769742000102997	-0.0038512576067203	0.0038512576067203	Group B
2:159391083:T:C	2	159391083	C	rs1990815	0.584595429897308	0.0	0.0001337230876273	Group D
2:159516197:A:G	2	159516197	G	rs2528588	0.493103662133217	0.0	0.0005795323167134	Group D
2:159955575:C:T	2	159955575	T	rs10198413	0.632055878639221	-0.0019857682747133	0.0007137091835909002	Group D
2:160153643:A:G	2	160153643	G	rs12612419	0.560189411044121	0.0	0.0002501733943095	Group D
2:160567230:T:C	2	160567230	C	rs3821300	0.255071376264095	-0.002619544241746	0.0005960085140301	Group D
2:160885418:G:C	2	160885418	C	rs35771982	0.700788450241089	7.12914080274974e-05	0.0017653159269228026	Group D
2:160917497:A:G	2	160917497	Group D	rs4664308	0.752315366268158	0.0027284718906641	0.0027284718906641	Group D
2:161054748:G:A	2	161054748	A	rs17218566	0.700260025262833	0.0	0.0014785400321192	Group D
2:161070582:A:G	2	161070582	Group D	rs1870102	0.809015864133835	0.0003034572728019	0.0003034572728019	Group D
2:161214175:T:C	2	161214175	C	rs6718526	0.505674904584885	0.0	0.000226264760038	Group D
2:161233795:C:T	2	161233795	T	rs10929981	0.48140512406826	0.0	0.004654051895223	Group B
2:161236277:C:T	2	161236277	Group D	rs10929982	0.753624302148819	0.0142818895540892	0.0142818895540892	Group A
2:161283827:C:T	2	161283827	T	rs6432616	0.539606508612633	0.00120470711912	0.0010369261549296	Group D
2:161286220:C:A	2	161286220	A	rs13431440	0.406666025519371	0.0	0.0003107525731535	Group D
2:161286438:C:T	2	161286438	Group D	rs10210349	0.431655123829842	5.08596117366036e-05	5.08596117366036e-05	Group D
2:161292387:T:C	2	161292387	C	rs13429951	0.394680365920067	0.0	0.0077869307338312	Group B
2:161503485:T:G	2	161503485	G	rs3935741	0.585332703590393	0.0	0.0009265118847174	Group D
2:161726469:G:A	2	161726469	A	rs13023011	0.399498516321182	0.0	2.44919852933773e-05	Group D
2:162012135:T:G	2	162012135	G	rs1267068	0.526173746585846	-0.0037834841104472	0.0005789150141044998	Group D
2:162621531:A:G	2	162621531	G	rs7597134	0.646959716081619	-0.0008430027483437	0.0004932007786794001	Group D
2:162760974:A:G	2	162760974	G	rs7594396	0.289577427506447	0.0	8.03811525072964e-05	Group D
2:163124051:C:T	2	163124051	T	rs1990760	0.6226353764534	-0.0029756898537036	2.009065727929995e-05	Group D
2:163260691:T:C	2	163260691	C	rs17716942	0.731643432378769	0.0001717679524425	0.0011826133068933	Group D
2:164417751:C:T	2	164417751	T	rs7608146	0.304696890711784	0.0	0.0008979224838051	Group D
2:165501849:A:C	2	165501849	C	rs3923113	0.482892909646034	0.0	0.000196161884443	Group D
2:165513091:T:C	2	165513091	C	rs10195252	0.576774787902832	-0.0030093348558461	0.0002074791570779999	Group D
2:166656155:A:C	2	166656155	C	rs12151689	0.451199299097061	-0.0047570535488858	0.00023156453028069963	Group D
2:166804627:C:T	2	166804627	T	rs2288701	0.418699315190315	0.0	0.0003620250937703	Group D
2:167038807:C:A	2	167038807	A	rs7586913	0.666797465085983	0.0	0.000283334533106	Group D
2:167841574:A:G	2	167841574	Group D	rs6432962	0.741487860679627	0.0013457778575808	0.0013457778575808	Group D
2:168041152:T:C	2	168041152	C	rs16853169	0.481389078497887	-0.0018309522152847	0.00021984730351079984	Group D
2:168954776:C:T	2	168954776	T	rs6712819	0.187208764255047	0.0	0.00010715346319	Group D
2:169489947:T:C	2	169489947	Group D	rs10189241	0.734014081954956	0.0006710221863166	0.0006710221863166	Group D
2:169580370:C:T	2	169580370	T	rs12478004	0.628542077541351	0.0018245736422447	0.0006981132548249998	Group D
2:169707428:C:T	2	169707428	T	rs540652	0.645317369699478	-0.0034162414740101	0.0003699517194629999	Group D
2:169764176:G:C	2	169764176	C	rs492594	0.533943492174149	0.0	0.0003154677858324	Group D
2:169780818:A:G	2	169780818	G	rs575671	0.410546785593033	0.0	2.28953953269592e-05	Group D
2:169792421:A:G	2	169792421	G	rs472614	0.786639165878296	0.0032718118166819	0.0015864004335911	Group D
2:170441001:G:A	2	170441001	A	rs2276611	0.903629320859909	-0.0041612752756261	0.0007701196035008002	Group D
2:171035026:C:A	2	171035026	A	rs918908	0.568652552366257	0.0	6.28391511617912e-05	Group D
2:171077310:C:T	2	171077310	Group D	rs11679035	0.800601357221603	-0.0002027875801012	0.0002027875801012	Group D
2:171208242:A:C	2	171208242	C	rs10930422	0.0	-0.0008212505728907	0.0007055933428648	Group D
2:171225841:A:G	2	171225841	G	rs4668246	0.538399767875671	-0.0006747677676245	0.00031841972339089993	Group D
2:171260787:G:A	2	171260787	A	rs6736609	0.246464017033577	0.0	9.06228581900589e-05	Group D
2:171376618:A:G	2	171376618	G	rs7595354	0.285755558311939	0.0015523096938116	0.0009844194846523001	Group D
2:171478879:C:T	2	171478879	T	rs10930434	0.293333871662617	6.56129142772641e-05	0.0006661485546726359	Group D
2:173849809:A:G	2	173849809	G	rs2602216	0.348449295759201	-0.0006137418657919	0.0005986432103575	Group D
2:173875458:A:G	2	173875458	G	rs3769232	0.458641204237938	0.0054764853744404	5.687192178719953e-05	Group D
2:173991801:A:G	2	173991801	Group D	rs3769192	0.750803446769714	-0.0004877844350194	0.0004877844350194	Group D
2:174155986:T:G	2	174155986	Group D	rs820025	0.786572217941284	-0.0014418331119285	0.0014418331119285	Group D
2:174247919:A:G	2	174247919	G	rs7591287	0.36083390712738	0.0	0.0003749387002971	Group D
2:174307600:A:G	2	174307600	G	rs1865651	0.443084225058556	-0.0006265547668055	0.0002722319396071	Group D
2:174340647:C:T	2	174340647	T	rs6722351	0.450476738810539	0.0018098523615587	0.0006566172533122999	Group D
2:175113512:G:A	2	175113512	A	rs3820898	0.699737292528153	-0.0019697542181883	0.0006521918941803997	Group D
2:175200903:G:C	2	175200903	C	rs35548534	0.684042274951935	0.0021040791738583	2.578163597900026e-06	Group D
2:175201299:C:G	2	175201299	G	rs62174227	0.689803969860077	-0.0023599597160345	0.0004909497516750001	Group D
2:176721984:G:A	2	176721984	A	rs1374369	0.30577292740345	0.0	0.0002901674220028	Group D
2:176855323:A:C	2	176855323	C	rs6433567	0.466552260518074	-0.00012877064656	0.0005485719987477999	Group D
2:177016728:T:C	2	177016728	C	rs34727427	0.676861107349396	-0.003328549474867	0.00040434730388420013	Group D
2:177348389:C:T	2	177348389	T	rs10803899	0.762127113342285	-0.0032880359940226	0.0017341131260209999	Group D
2:177363159:C:T	2	177363159	T	rs4893865	0.425383055210114	0.0	0.000736733937946	Group D
2:177908411:A:G	2	177908411	G	rs10497467	0.349958321452141	0.0	0.0007461840500521	Group D
2:179000291:A:G	2	179000291	G	rs334062	0.426292711496353	0.000377249656045	0.0005704966758972001	Group D
2:179082987:G:A	2	179082987	A	rs7581504	0.214648576080799	0.0	0.0001528704646199	Group D
2:179260653:A:G	2	179260653	Group D	rs34253857	0.779427319765091	0.0009285301783338	0.0009285301783338	Group D
2:179583496:T:G	2	179583496	G	rs16866465	0.312228897213936	-0.0050089976871809	0.0009158561899777996	Group D
2:180260442:G:A	2	180260442	A	rs9679685	0.47729395031929	-0.0002154033399776	0.00046321101971540004	Group D
2:180631925:A:C	2	180631925	C	rs1486239	0.491771906614304	-0.0006485416510963	0.0007905255264400999	Group D
2:180823590:C:T	2	180823590	T	rs10497553	0.354216645658016	0.0	0.0018902416957876	Group D
2:180872672:A:C	2	180872672	Group D	rs2672658	0.768029534816742	-0.001709066303208	0.001709066303208	Group D
2:180959449:G:A	2	180959449	Group D	rs11678847	0.484729164838791	3.52515019838443e-05	3.52515019838443e-05	Group D
2:180967380:C:T	2	180967380	T	rs11892433	0.506647235155106	0.000127451154913	0.0003245150515534	Group D
2:181106013:G:T	2	181106013	T	rs2368105	0.34282206594944	0.0	0.0001661839930279	Group D
2:181111708:T:C	2	181111708	C	rs17189802	0.652981460094452	0.0	0.000215945665544	Group D
2:181123672:T:C	2	181123672	C	rs2679340	0.376754578948021	-0.0011695022212232	0.0003030747595871	Group D
2:181755282:G:A	2	181755282	A	rs4666643	0.325236594676971	-0.0011828399764411	0.0006487587771454	Group D
2:181981055:G:A	2	181981055	A	rs6706696	0.54395318031311	-0.0118201838134394	0.0007787040613109995	Group D
2:182012014:A:C	2	182012014	C	rs6433895	0.609741646051407	-0.0038887826184423	0.0003648719683815001	Group D
2:182174776:A:G	2	182174776	Group D	rs17365432	0.751228564977646	0.0001267051388589	0.0001267051388589	Group D
2:182199917:C:A	2	182199917	A	rs2218160	0.420355254411697	0.0118440885233165	0.00013360696205039907	Group D
2:182241905:A:C	2	182241905	C	rs959633	0.183377066254616	-0.0013415738272097	0.0004995548611404	Group D
2:182305701:G:C	2	182305701	C	rs155127	0.573178559541702	0.0034873838678318	0.00019841378982499982	Group D
2:182449857:A:G	2	182449857	G	rs11686899	0.34029662758112	0.002728031194546	0.0006541320682061	Group D
2:182468803:T:G	2	182468803	G	rs61750041	0.361224654316902	0.0	0.0005929314341528	Group D
2:184272613:G:A	2	184272613	Group D	rs2368388	0.735827308893204	-0.0010947571765096	0.0010947571765096	Group D
2:184989114:C:T	2	184989114	T	rs13011100	0.284943823516369	0.0013545434780228	0.00039596820639589995	Group D
2:184994341:C:T	2	184994341	T	rs7575532	0.499979105591774	3.39423051273172e-05	0.0002436600007567828	Group D
2:188343497:T:C	2	188343497	C	rs7586970	0.154376296699047	-0.0122305281266356	0.0003684692654653994	Group D
2:188707452:A:G	2	188707452	G	rs4278898	0.360344517230988	-0.0004683525202295	0.0006670818334525	Group D
2:189831353:G:A	2	189831353	A	rs1878199	0.619660103321075	1.33597730211075e-06	0.00030295204277708927	Group D
2:189864080:G:A	2	189864080	A	rs1800255	0.262336674332619	-0.0010231925096345	0.0001321345616181	Group D
2:190048748:C:T	2	190048748	T	rs1356165	0.391772910952568	0.0	0.0006245864081797	Group D
2:191224752:T:G	2	191224752	G	rs2067402	0.657743704319	-0.0010784986272941	0.0004872104643569	Group D
2:191301368:A:G	2	191301368	G	rs9646748	0.322644671797752	0.0012496937813668	6.004424795710015e-05	Group D
2:191342715:G:A	2	191342715	A	rs12693576	0.17335591763258	1.17164971964527e-05	0.0005968166289411473	Group D
2:191369852:G:A	2	191369852	A	rs7564107	0.186846950650215	-4.00992571060728e-05	0.0003880583805460272	Group D
2:191728404:T:G	2	191728404	G	rs2355575	0.571102675795555	0.0	0.0001949627223824	Group D
2:191756401:A:G	2	191756401	Group D	rs6758866	0.738734877109528	0.0008262264834019	0.0008262264834019	Group D
2:192366298:G:A	2	192366298	A	rs9653314	0.656406378746033	-0.0017711522128079	0.0005913013717903999	Group D
2:192525536:C:T	2	192525536	T	rs12472343	0.662558037042618	-0.0026763029973966	0.0005845469149951999	Group D
2:194141771:G:A	2	194141771	Group D	rs2118886	0.505043011903763	-0.0006233731871821	0.0006233731871821	Group D
2:194148040:T:C	2	194148040	C	rs16835141	0.255421423912048	-0.0002739766437678	0.0011627068159105998	Group D
2:196678777:G:A	2	196678777	A	rs13035759	0.332871401309967	-0.0020288119196216	0.0007371955431209002	Group D
2:198950240:G:A	2	198950240	A	rs1064213	0.254898808896542	0.0001791307362914	0.00031370518298229995	Group D
2:199216692:A:G	2	199216692	G	rs2529679	0.446293720602989	0.0	0.000275043675561	Group D
2:200128358:G:A	2	200128358	Group D	rs11692189	0.747186750173569	-0.0008315670013045	0.0008315670013045	Group D
2:200775744:T:C	2	200775744	C	rs1124639	0.685031241178513	0.0004075372902147	0.00042059781654349995	Group D
2:201571143:G:A	2	201571143	A	rs2540051	0.39615381360054	0.0017014465504716	0.0005626458284888997	Group D
2:201637798:G:A	2	201637798	A	rs62623595	0.670888370275497	0.0007919214077936	0.0008833189744145999	Group D
2:202128618:A:C	2	202128618	C	rs6723097	0.80030032992363	0.0022182801895073	0.0020025087975396	Group D
2:202215492:C:G	2	202215492	G	rs13014235	0.218669445812702	0.0017869888950457	0.0011722925433988998	Group D
2:202838353:G:A	2	202838353	Group D	rs967693	0.737173306941986	0.0012253720053527	0.0012253720053527	Group D
2:202939654:T:C	2	202939654	C	rs10221698	0.382877999544144	-0.0010045009047535	0.00018733212943059993	Group D
2:203309066:G:A	2	203309066	Group D	rs13430786	0.75794877409935	0.0010274301700166	0.0010274301700166	Group D
2:203541750:T:C	2	203541750	C	rs7563319	0.663569873571396	0.0034727521559843	0.0010397138559731	Group D
2:204605487:C:T	2	204605487	Group D	rs4673260	0.741217762231827	-0.0026360168329501	0.0026360168329501	Group D
2:204611195:G:A	2	204611195	A	rs6435203	0.661022531986237	0.0	0.0010610182026264	Group D
2:204834097:G:A	2	204834097	A	rs3116535	0.546646803617477	0.0	0.0005185161136671	Group D
2:204836598:T:C	2	204836598	Group D	rs1075547	0.758074885606766	-0.0014521652226613	0.0014521652226613	Group D
2:205120035:T:G	2	205120035	G	rs11677680	0.467340010404587	0.001960488738952	0.0008426504697281998	Group D
2:205316761:G:T	2	205316761	T	rs1374708	0.52544336616993	0.0	0.0003569350111787	Group D
2:205834111:A:C	2	205834111	C	rs236838	0.419148305058479	-0.0020195039825701	0.0005462245865706997	Group D
2:206060511:A:G	2	206060511	G	rs1008644	0.262024334073067	-0.0005337007931948	0.0006279647848727	Group D
2:206510949:G:A	2	206510949	A	rs6757529	0.548989725112915	0.0010281279485615	0.0004968265635313001	Group D
2:206641245:T:TA	2	206641245	TA	rs200483574	0.0	0.0	0.001275678785502	Group D
2:207041053:T:C	2	207041053	C	rs3732083	0.35455482006073	-0.0011914689857155	0.00044988469013849995	Group D
2:208119043:G:A	2	208119043	Group D	rs2072570	0.811803722381592	-0.0001490156724352	0.0001490156724352	Group D
2:208429351:T:C	2	208429351	C	rs6740584	0.343111029267311	0.0002580498866092	0.0003994856322517	Group D
2:208477852:G:A	2	208477852	A	rs2551949	0.349391075968742	0.0035313044774973	0.0005702497645701005	Group D
2:208689905:C:A	2	208689905	Group D	rs2306434	0.739689517021179	-0.0013449350576966	0.0013449350576966	Group D
2:208749007:T:C	2	208749007	C	rs13419959	0.434969446063042	-0.0003475599923724	0.0012012445272752	Group D
2:208971007:G:A	2	208971007	A	rs10181061	0.324590368568897	0.0	6.80096531708291e-05	Group D
2:208996263:T:C	2	208996263	C	rs2060867	0.348864534497261	0.0	0.0003771501256492	Group D
2:210879917:T:C	2	210879917	Group D	rs13006132	0.756447517871857	-0.0028913267467472	0.0028913267467472	Group D
2:211154011:A:G	2	211154011	G	rs11900095	0.423306202888489	0.0	0.0004512173299068	Group D
2:211540507:C:A	2	211540507	A	rs1047891	0.60036473274231	-0.0033758923830324	0.0007148860951248998	Group D
2:212258353:T:C	2	212258353	C	rs3791686	0.355582645535469	-0.0005473664141175	0.0006187279267234001	Group D
2:212802794:T:C	2	212802794	C	rs13401829	0.462023431062698	0.0	5.22012429678915e-05	Group D
2:212929014:G:A	2	212929014	A	rs4672636	0.348942595720291	-0.0006898619330504	0.0005802523802933001	Group D
2:213975736:T:C	2	213975736	C	rs7571663	0.405198866128922	0.0	0.0005435549783674	Group D
2:215361680:G:A	2	215361680	A	rs6435829	0.396855193376541	-0.0006667014830033	0.0006635060429893001	Group D
2:215876371:T:C	2	215876371	C	rs10198064	0.439046397805214	0.0	0.0001800178919261	Group D
2:216232556:C:T	2	216232556	Group D	rs7568287	0.764291030168533	0.000265865884353	0.000265865884353	Group D
2:216866826:A:G	2	216866826	Group D	rs3770561	0.7914586186409	-0.0017013436099355	0.0017013436099355	Group D
2:216928870:C:T	2	216928870	T	rs16855357	0.282369267940521	0.0014979455586594	0.0003659348721753999	Group D
2:217018256:T:C	2	217018256	C	rs16855489	0.264981447160244	0.0	0.0001154793877041	Group D
2:218674697:C:T	2	218674697	T	rs918949	0.362637501955032	0.0002743921762994	0.0004644186773547	Group D
2:219214640:A:C	2	219214640	C	rs13409846	0.667092484235764	-0.0008040195266866	0.0005438203103494999	Group D
2:220302285:A:G	2	220302285	G	rs2046615	0.429531580209732	0.0001909517769536	0.0006683365045664	Group D
2:220590013:C:T	2	220590013	T	rs10932823	0.321494710445404	0.0002414579980489	0.0007324074683766	Group D
2:220794025:G:A	2	220794025	A	rs16860612	0.421361693739891	0.0013801041314072	0.0004575989784936	Group D
2:221516487:G:A	2	221516487	A	rs10188048	0.550813338160515	0.0	0.00041974264827	Group D
2:221521333:C:T	2	221521333	T	rs10804290	0.374749472737312	0.0	3.08270831053665e-05	Group D
2:223436607:C:T	2	223436607	T	rs7185	0.329988418519497	0.0015886905010501	0.0007678044457443	Group D
2:223544983:G:T	2	223544983	T	rs952498	0.319093576073647	-0.0004537420402127	0.000411102819995	Group D
2:223960235:C:T	2	223960235	T	rs2197779	0.510668358206749	0.0016588013077178	0.00023112671910770015	Group D
2:223994128:G:A	2	223994128	A	rs4673049	0.310299974679947	7.65315908444102e-05	0.0010103123957412898	Group D
2:224204815:C:T	2	224204815	T	rs12151816	0.27647792249918	0.0003626286756723	0.0008106849471656999	Group D
2:225880376:C:T	2	225880376	T	rs388591	0.698807781934738	0.004654348707287	7.556534840219998e-05	Group D
2:225887144:A:G	2	225887144	G	rs628042	0.616866439580917	0.0009711180586882	0.00031070884529559994	Group D
2:225979968:C:T	2	225979968	T	rs10498181	0.358148601651192	-0.0029685034644679	0.0005923296368676003	Group D
2:226219320:T:C	2	226219320	Group D	rs4347829	0.874561393260956	0.0003865256159726	0.0003865256159726	Group D
2:227180619:G:T	2	227180619	Group D	rs908252	0.293682464957237	0.0002436163739709	0.0002436163739709	Group D
2:227181683:G:T	2	227181683	T	rs2713552	0.440430518984795	0.0002727206757562	0.0001525333455053	Group D
2:227198983:G:A	2	227198983	A	rs10194882	0.298048970103264	0.0014553988883203	0.0005868891469932001	Group D
2:227291415:A:C	2	227291415	C	rs11686139	0.733405286073685	0.0130374360066276	0.0023528036391261015	Group C
2:227700818:C:T	2	227700818	Group D	rs13015698	0.917362529039383	-0.0010267783238532	0.0010267783238532	Group D
2:227915832:G:A	2	227915832	A	rs1800517	0.420528644323349	0.0002350780545023	0.0009631728292722	Group D
2:228028119:T:C	2	228028119	Group D	rs12613226	0.82044370174408	-1.87481671688508e-06	1.87481671688508e-06	Group D
2:228476253:C:G	2	228476253	G	rs2138402	0.506622943282127	-0.0002576154646343	0.0009838894262173999	Group D
2:228493211:G:A	2	228493211	A	rs28739019	0.411199432611465	-0.0012196164573128	0.0003744495797869999	Group D
2:228653164:C:T	2	228653164	T	rs13024444	0.498864978551865	-0.0025524713432419	0.0005577101754631001	Group D
2:228660112:C:T	2	228660112	T	rs7556897	0.0840160235762596	0.0	4.45147425185098e-05	Group D
2:228855866:G:C	2	228855866	C	rs16824283	0.572774291038513	0.0	4.10157610217653e-05	Group D
2:228883029:A:C	2	228883029	C	rs3811515	0.610104244947434	-0.0004077720503679	0.0004664178795835	Group D
2:229269825:G:T	2	229269825	T	rs1469181	0.374598032236099	-0.0003749585342112	0.0012136818609419999	Group D
2:229272784:A:G	2	229272784	Group D	rs978212	0.341924631595612	-0.0006649207280234	0.0006649207280234	Group D
2:229940635:C:T	2	229940635	T	rs1860762	0.53639794588089	0.0042902979021887	0.0005818929046409998	Group D
2:229965638:T:C	2	229965638	C	rs10200706	0.351255089044571	0.0020873753736442	0.0005055276412560998	Group D
2:230094437:G:A	2	230094437	A	rs10933281	0.459252524375916	-0.003136607507389	0.0004249457614515996	Group D
2:230344697:C:T	2	230344697	T	rs1013437	0.600315725803375	0.0012661253868923	0.0009350627513348999	Group D
2:230349801:G:A	2	230349801	A	rs2193906	0.460437309741974	0.0	8.09895633507995e-06	Group D
2:230786093:C:T	2	230786093	T	rs34360232	0.717001122236252	0.0008634452159883	0.0003428790953599	Group D
2:230787061:C:T	2	230787061	T	rs12993164	0.571129444241524	2.84317683801006e-06	2.8798272738795444e-05	Group D
2:231033516:C:T	2	231033516	T	rs722555	0.379921996593475	-0.000338523337636	0.00091665600978	Group D
2:231038403:G:A	2	231038403	A	rs13026323	0.412247550487518	0.0009833624297647	8.248083049309997e-05	Group D
2:231111422:A:G	2	231111422	G	rs10498245	0.401917508244514	0.0	1.60315941540525e-05	Group D
2:231221928:C:T	2	231221928	T	rs4973316	0.534022256731987	-0.0023707818646137	0.0006709885294490002	Group D
2:231222675:T:C	2	231222675	C	rs4973318	0.686834537982941	0.0052736551208605	0.0008663848254846004	Group D
2:231252112:A:G	2	231252112	G	rs6745413	0.310404422879219	0.0033192539957928	0.00035172301308349996	Group D
2:231403097:T:C	2	231403097	C	rs2303610	0.666875392198563	-0.0019984854411387	0.0003721119074855	Group D
2:231406070:G:A	2	231406070	A	rs17275036	0.785443043708801	0.0025164267625491	0.0007166324443272001	Group D
2:231481198:A:G	2	231481198	G	rs4343455	0.526938650012016	0.0018804516402136	0.0005566465287554002	Group D
2:231692685:A:G	2	231692685	G	rs881109	0.679155093431473	0.0	0.0002715301326925	Group D
2:231790350:G:A	2	231790350	Group D	rs4973351	0.809631681442261	-0.0025714693349638	0.0025714693349638	Group D
2:231800199:A:G	2	231800199	G	rs13407893	0.432171297073364	0.0	0.0007430048986798	Group D
2:231825834:G:A	2	231825834	A	rs3106075	0.426597285270691	0.0	0.0006880208915657	Group D
2:232108246:A:G	2	232108246	Group D	rs7562116	0.795303899049759	0.0001897170284723	0.0001897170284723	Group D
2:232263127:G:A	2	232263127	A	rs2290130	0.589199286699295	0.0	0.0001083643204952	Group D
2:232571214:A:G	2	232571214	G	rs838441	0.61611642241478	0.0	0.0025512244702264	Group D
2:232572381:A:G	2	232572381	Group D	rs6737601	0.802836346626282	-0.0041685263404055	0.0041685263404055	Group B
2:232574504:C:T	2	232574504	Group D	rs2060412	0.756673443317413	-0.001939923998109	0.001939923998109	Group D
2:232598065:T:C	2	232598065	C	rs838424	0.570966529846191	0.0	0.0012025569320669	Group D
2:232803452:A:C	2	232803452	C	rs7588259	0.245666213333607	0.0	0.0004188458453377	Group D
2:233125455:G:A	2	233125455	A	rs12622345	0.697340834140778	0.0005394662650559	0.0007941239124054999	Group D
2:233383416:C:T	2	233383416	T	rs2697800	0.389228293299675	0.0018472563665636	0.0009242156500889999	Group D
2:233718440:A:G	2	233718440	G	rs4973564	0.565458726882935	0.0	2.70835016541969e-05	Group D
2:233750667:A:G	2	233750667	G	rs11694000	0.330913862586021	-0.0002988162943563	0.0006520869160496	Group D
2:234113301:C:T	2	234113301	T	rs9247	0.59662838280201	0.0008390151455548	0.00014224006576229998	Group D
2:234183368:A:G	2	234183368	G	rs2241880	0.332285103201866	-0.0027010641185532	0.0010039623476232004	Group D
2:234266842:C:T	2	234266842	T	rs13035837	0.824952304363251	-0.0075929595384294	0.0035779761258902002	Group D
2:234267619:G:A	2	234267619	A	rs1441092	0.0	0.0	4.56049151028758e-05	Group D
2:234749151:C:T	2	234749151	T	rs213555	0.432258331775665	0.0007086913171164	0.0006145302130454999	Group D
2:234906526:C:T	2	234906526	Group D	rs2362295	0.810672283172607	6.94228996992859e-05	6.94228996992859e-05	Group D
2:235072203:G:A	2	235072203	A	rs6431233	0.454700222611427	0.0	0.0007661637584777	Group D
2:235209795:A:G	2	235209795	Group D	rs4663379	0.761502301692963	0.0021237235509094	0.0021237235509094	Group D
2:235355064:C:T	2	235355064	Group D	rs10210757	0.797192120552063	0.0019893737560943	0.0019893737560943	Group D
2:235363663:C:T	2	235363663	T	rs4663416	0.521105319261551	0.0	0.0016117433667076	Group D
2:235517079:A:C	2	235517079	C	rs1917946	0.632822585105896	-0.0011144730911292	0.0003325897783233	Group D
2:235550191:T:C	2	235550191	C	rs10206814	0.393833741545677	0.0	0.0002713994026628	Group D
2:235620768:C:A	2	235620768	A	rs7575015	0.390206357836723	-0.0004662903882538	0.00028104801314700003	Group D
2:235668810:C:T	2	235668810	T	rs4561611	0.700388604402542	0.0001319450194669	0.0004642789634458	Group D
2:235965403:T:C	2	235965403	C	rs4334446	0.446454378962517	0.0	0.000294959327307	Group D
2:236363806:G:A	2	236363806	A	rs4663587	0.659374243021011	0.0	0.0005273186372262	Group D
2:236375038:G:A	2	236375038	Group D	rs4663200	0.758545887470245	-0.001505585349572	0.001505585349572	Group D
2:236394141:T:C	2	236394141	Group D	rs1464158	0.8686179459095	-0.0007166381315779	0.0007166381315779	Group D
2:236957822:G:A	2	236957822	A	rs2034648	0.687325894832611	6.18282943296756e-05	0.0003306207696120244	Group D
2:237103697:G:T	2	237103697	T	rs10177957	0.341216221451759	0.0	0.0007463655501553	Group D
2:237568487:C:A	2	237568487	A	rs2600727	0.643034225702286	0.0	3.54006743397446e-05	Group D
2:237594511:G:A	2	237594511	A	rs1105711	0.370567211508751	-0.0005916994529406	0.0009319627623951001	Group D
2:237991777:T:C	2	237991777	C	rs13404290	0.615781027078629	0.000334620580039	0.00063573532389	Group D
2:238240823:T:C	2	238240823	C	rs12692201	0.331226494908333	-0.0009307602526527	0.0006740312968631	Group D
2:238443226:A:G	2	238443226	G	rs2292884	0.541951832175255	-0.0028114280672568	0.000502802001133	Group D
2:238582301:G:T	2	238582301	Group D	rs6725051	0.739550817012787	8.88519228300645e-05	8.88519228300645e-05	Group D
2:238630236:C:T	2	238630236	T	rs1565853	0.409353315830231	0.0003838640482275	0.0006380719889425	Group D
2:238970511:G:A	2	238970511	Group D	rs3769109	0.769313460588455	-0.0033930337089206	0.0033930337089206	Group D
2:238990388:G:A	2	238990388	A	rs3210400	0.739207702875137	-0.0007283215788298	0.0037733200774464994	Group B
2:239082976:G:A	2	239082976	A	rs2880132	0.36067430973053	0.0	0.0002133296808808	Group D
2:239083301:G:T	2	239083301	T	rs4663855	0.426565054059029	0.0	0.000256915450291	Group D
2:239237953:G:T	2	239237953	T	rs12464423	0.541397646069527	0.0005394738685782	0.0005120735994249999	Group D
2:239565575:C:T	2	239565575	T	rs10181391	0.51932153403759	-0.0020168906149747	0.000562110931166	Group D
2:239920544:C:T	2	239920544	Group D	rs4852116	0.772511929273605	0.0003765230470745	0.0003765230470745	Group D
2:240323905:T:TG	2	240323905	TG	rs3215239	0.0	0.0012046034977916	3.7730978535100096e-05	Group D
2:240358464:C:A	2	240358464	A	rs729371	0.788293784856796	-0.0028680030663019	0.0012103295609007002	Group D
2:240593434:A:G	2	240593434	G	rs62181397	0.425686600804329	0.0008155899882908	0.0006936564697271999	Group D
2:240711141:A:G	2	240711141	G	rs2412033	0.427184534072876	-0.004465800087014	0.0007256453216047997	Group D
2:240765010:G:A	2	240765010	A	rs13007175	0.300181859731674	-6.36273750556613e-05	0.0014886911887663386	Group D
2:240767758:C:A	2	240767758	A	rs2412029	0.445106613636017	-0.0007214267449336	0.0007206131409152033	Group D
2:241176418:T:C	2	241176418	C	rs4854081	0.612491762638092	0.0	0.0002217080793128	Group D
2:241195038:C:A	2	241195038	Group D	rs10184658	0.76547811627388	-0.0006412192877395	0.0006412192877395	Group D
2:241558397:G:A	2	241558397	A	rs6437353	0.693406176567078	0.0	9.77797185239115e-05	Group D
2:241569692:C:T	2	241569692	T	rs3749171	0.65882158279419	-0.0008466794692311	0.00042075932572360004	Group D
2:241898824:A:G	2	241898824	G	rs10169006	0.531961292028427	-0.0030012740620968	0.0002812591608388	Group D
2:241922182:C:T	2	241922182	T	rs4234090	0.511060157418251	0.0	6.98396517887461e-05	Group D
2:242259614:G:A	2	242259614	A	rs6745662	0.251964142918587	-0.0008549299419293	0.000345490021997	Group D
2:242407588:G:A	2	242407588	A	rs41342147	0.137854720652103	-0.001610019873665	0.00034107279893499996	Group D
2:242574309:A:C	2	242574309	C	rs7595071	0.568899232149124	-0.0010510855238348	0.00025028717337840004	Group D
2:242609323:G:A	2	242609323	A	rs35009927	0.428182923793793	0.000332173103943	0.0005542627202726	Group D
2:242637826:G:A	2	242637826	A	rs6751972	0.43594101369381	7.91180505901727e-06	0.00014570612038758275	Group D
2:242646350:A:G	2	242646350	G	rs7601544	0.308196587860584	0.0002035062259398	4.3698562983999996e-05	Group D
2:242764760:A:G	2	242764760	G	rs35512023	0.505196383595467	-0.0035642694701779	0.0002954709830885996	Group D
2:242839363:G:C	2	242839363	C	rs4973668	0.334962275624275	-0.0003891766922622	5.7604157195600015e-05	Group D
3:217644:T:C	3	217644	C	rs13078425	0.32400216460228	0.0	0.0002891205778077	Group D
3:277219:T:C	3	277219	C	rs17264828	0.354588186740875	-0.0020333044479862	0.0010278266058193	Group D
3:361508:C:T	3	361508	T	rs2272522	0.55644623041153	-0.0029520749603043	0.0006945457733381001	Group D
3:1125605:A:G	3	1125605	G	rs2729130	0.33840529024601	-0.001425319219807	0.0016131157085045001	Group D
3:1365485:C:A	3	1365485	A	rs265793	0.30084030777216	-0.0010699396307706	0.0009684279118019	Group D
3:2315400:A:G	3	2315400	G	rs2044602	0.305136671662331	0.0	0.000319066298537	Group D
3:3124500:C:A	3	3124500	A	rs340813	0.448967236280441	-0.0001074885821121	0.0004290290262609	Group D
3:3139957:T:C	3	3139957	C	rs2290610	0.349330231547356	-0.0004458631278677	0.00027470922984569997	Group D
3:3556810:T:C	3	3556810	C	rs9876298	0.408985567092896	0.0	0.0001424209695949	Group D
3:3963804:C:T	3	3963804	T	rs1373440	0.28549901843071	0.0012428370917106	2.9162115122400006e-05	Group D
3:3976042:C:T	3	3976042	T	rs2629164	0.290080210566521	0.0006937617330928	0.0003459554868654	Group D
3:4320342:C:T	3	4320342	T	rs310702	0.473865658044815	0.0	4.02575239251207e-05	Group D
3:4419716:C:T	3	4419716	T	rs793935	0.506630465388298	-0.0014440516760215	0.0003969024307846	Group D
3:4665565:A:G	3	4665565	G	rs2029665	0.609135955572128	0.0005419267460659	0.0007818991103911999	Group D
3:4712413:G:A	3	4712413	A	rs2306875	0.472104442119598	-0.0003512225802207	3.678621329500001e-05	Group D
3:4882700:T:C	3	4882700	C	rs3805036	0.402596986293793	0.0	6.86645415742337e-05	Group D
3:4948885:G:A	3	4948885	A	rs17788518	0.412235307693481	0.0	3.77834583095435e-05	Group D
3:5388544:T:C	3	5388544	Group D	rs6802161	0.491237899661064	0.0002153631110457	0.0002153631110457	Group D
3:5391554:T:C	3	5391554	C	rs6794390	0.378505605459213	0.0002067456441438	0.0007616481521884	Group D
3:5715540:A:G	3	5715540	G	rs9876922	0.328266334533691	-0.001238821233768	0.0006660012342645	Group D
3:5804710:C:T	3	5804710	T	rs6801471	0.61020320057869	7.48396573414694e-06	0.0007365032219805531	Group D
3:5926083:A:G	3	5926083	G	rs987172	0.41002870798111	-0.0012803398123218	0.0010181815332948	Group D
3:7000074:T:C	3	7000074	C	rs163420	0.245836670696735	-0.0001364067320874	0.0006342688487379001	Group D
3:7045455:C:A	3	7045455	A	rs1499161	0.327003839612007	0.0003732750208916	0.0007354077364795	Group D
3:7321909:G:A	3	7321909	A	rs12637466	0.279403184354305	0.0	5.75338499184762e-05	Group D
3:7831196:A:G	3	7831196	G	rs161450	0.512647631764412	0.0	0.0004838856530044	Group D
3:7963833:A:C	3	7963833	C	rs3919962	0.657943111658096	-0.0003361494987601	0.0005516116926633	Group D
3:8143674:G:A	3	8143674	A	rs6785623	0.435678368806839	0.0003637280340421	0.0007225867044340001	Group D
3:8257574:A:C	3	8257574	C	rs10510388	0.424912169575691	0.0008982732730156	0.0005533540753264	Group D
3:8267996:C:T	3	8267996	T	rs7650763	0.285216064751148	0.0	0.0003301946792674	Group D
3:8534828:G:A	3	8534828	Group D	rs6768518	0.860786616802216	0.0004497641657226	0.0004497641657226	Group D
3:8569209:T:C	3	8569209	C	rs1562687	0.210599902272224	0.0010850459303883	0.0009653370704810998	Group D
3:8908331:T:C	3	8908331	C	rs9990224	0.400036159157753	-0.003459601665975	0.0005164848791106998	Group D
3:9104321:G:A	3	9104321	A	rs4686320	0.427514699101448	0.0	0.0004183986539173	Group D
3:9574327:T:G	3	9574327	G	rs2259100	0.416230502724648	0.0	0.0001082657869929	Group D
3:10077955:A:G	3	10077955	G	rs17032278	0.184254842996597	0.0018811130556649	0.0007190056376084998	Group D
3:10202211:C:A	3	10202211	Group D	rs388600	0.813161623477936	0.0006589761896851	0.0006589761896851	Group D
3:10219508:T:C	3	10219508	C	rs2306696	0.52689223587513	0.0004360847920525	0.00027253156845289994	Group D
3:10611407:A:C	3	10611407	C	rs7629381	0.235293079912663	-0.0019397464905163	0.0004524517546933	Group D
3:10622448:T:C	3	10622448	C	rs9829797	0.415711915493011	-0.0008686133892539	0.00031423862811190005	Group D
3:11796487:C:T	3	11796487	T	rs7647310	0.357171067595482	-0.0014226232734115	0.0005329052661523	Group D
3:11931002:T:G	3	11931002	G	rs7626703	0.299796079099178	-0.0010429866084956	0.000637877270373	Group D
3:12267648:A:G	3	12267648	G	rs7616006	0.43457413315773	-0.0158446188327354	0.0002880097982052021	Group D
3:12296469:G:A	3	12296469	A	rs9875338	0.532306438684464	-0.0010994834964376	0.0005800693192401999	Group D
3:12576846:A:G	3	12576846	G	rs299629	0.14211041033268	0.0002263921650432	0.0006759945259811	Group D
3:12788938:G:A	3	12788938	A	rs1467025	0.207586291432381	0.0045309306207382	0.0003289632368351997	Group D
3:13131209:G:A	3	13131209	A	rs12487324	0.525803145766258	0.0	0.0003805068003019	Group D
3:13407556:T:C	3	13407556	C	rs3732671	0.531825551390648	0.0006769282525076	0.0005325940315323	Group D
3:13585313:T:C	3	13585313	C	rs6775085	0.524127438664436	-0.0005180710476428	0.0004507895503004	Group D
3:13912488:T:C	3	13912488	C	rs12635960	0.321557575464249	-0.0013428428671605	0.0005876232976558	Group D
3:14183410:T:C	3	14183410	C	rs1043943	0.40115305185318	0.0011421536519971	0.0006508418695436	Group D
3:14330905:A:G	3	14330905	G	rs9869724	0.26210186034441	-0.0004560078044749	0.00012537011894569994	Group D
3:14818231:C:T	3	14818231	T	rs829185	0.716278475522995	0.0018911341283847	0.0006433000707751	Group D
3:16183948:A:G	3	16183948	G	rs12496802	0.310794717073441	-0.0002855185116783	0.00039027038018919996	Group D
3:16327855:T:G	3	16327855	G	rs842274	0.511934924125671	0.0085162580026547	0.00024413033239259994	Group D
3:18211326:G:A	3	18211326	Group D	rs13080765	0.749194765090942	-0.0012202331915774	0.0012202331915774	Group D
3:18240610:C:A	3	18240610	A	rs7647968	0.303187215328217	-0.0005585732827253	0.0012830973367908	Group D
3:18428450:C:T	3	18428450	T	rs13321420	0.564757785201073	0.0	0.0003533026882292	Group D
3:18465443:A:G	3	18465443	Group D	rs6762753	0.791882383823395	-0.002149745710302	0.002149745710302	Group D
3:18610877:C:T	3	18610877	T	rs334960	0.311877396702766	0.0004378709812912	0.0006954880367278999	Group D
3:18767275:C:G	3	18767275	Group D	rs4257570	0.842472332715988	0.0015816548134548	0.0015816548134548	Group D
3:18800046:C:T	3	18800046	T	rs9824781	0.435592493414879	0.0022956210858153	0.0012865809305302	Group D
3:18866539:C:T	3	18866539	T	rs9830798	0.297188669443131	0.0003403060682867	0.0008987181901697	Group D
3:18877562:C:T	3	18877562	T	rs7432308	0.326063385605812	0.0	0.0001324266622077	Group D
3:19017070:A:G	3	19017070	G	rs4410460	0.282185757160187	0.0	0.0001336166771375	Group D
3:20023990:A:G	3	20023990	G	rs13085694	0.501836857199669	-0.0002628683652463	0.0006218002172987	Group D
3:20043502:C:T	3	20043502	T	rs9882323	0.534335100650787	9.47951420898522e-05	0.0003513022192033478	Group D
3:20224770:C:T	3	20224770	T	rs9310613	0.469233274459839	-0.0012882344024519	0.0006125397667581	Group D
3:20388105:T:C	3	20388105	C	rs11719694	0.385794326663017	0.0	0.0002343244276043	Group D
3:20769736:T:C	3	20769736	C	rs4610242	0.283256380259991	0.0	0.0008467407145786	Group D
3:20991567:T:C	3	20991567	C	rs11128978	0.30488215982914	0.0	0.0003942001881868	Group D
3:22841826:T:C	3	22841826	C	rs33117	0.584600752592087	-0.0021761113867939	0.0004556781543730002	Group D
3:22962740:T:C	3	22962740	C	rs822767	0.408089610934258	0.0	0.0004084961347674	Group D
3:23203734:G:A	3	23203734	A	rs9867201	0.361223855614662	0.0	0.0003192019733569	Group D
3:23698252:T:C	3	23698252	C	rs11928764	0.513818547129631	-0.0005023709393874	0.0007179314428775999	Group D
3:23957929:A:G	3	23957929	Group D	rs2360610	0.752805507183075	0.0001698199171484	0.0001698199171484	Group D
3:24229058:A:G	3	24229058	G	rs13067380	0.360471025109291	0.0	0.0051687232627944	Group B
3:24241510:G:A	3	24241510	Group D	rs12631325	0.868769091367722	0.00741975954273	0.00741975954273	Group B
3:24383347:C:T	3	24383347	T	rs13318276	0.700715517997742	0.0	0.0004021226793521	Group D
3:24441549:A:C	3	24441549	C	rs4309672	0.358645343780518	0.0	0.0005006189277122	Group D
3:25279201:A:G	3	25279201	G	rs322720	0.380576062202454	-6.89632401431615e-05	0.0005258072028971384	Group D
3:25330898:T:C	3	25330898	C	rs322678	0.626399123668671	0.0047299157552193	0.0002094044772786999	Group D
3:25568713:C:T	3	25568713	T	rs1153597	0.579122513532639	8.32395338581575e-05	0.0003663345886530425	Group D
3:26342792:A:G	3	26342792	G	rs7616136	0.425087177753449	0.0	0.0004865748808826	Group D
3:26623453:G:A	3	26623453	A	rs9817533	0.362872812151909	-0.0009983272959127	0.0005489956177878001	Group D
3:27471831:A:C	3	27471831	C	rs7629240	0.691719275712967	0.0	0.0017230381378857	Group D
3:27472936:C:T	3	27472936	T	rs3755652	0.673143041133881	-0.0052227828690844	0.0011607821756708997	Group D
3:27549188:G:T	3	27549188	Group D	rs820429	0.787026005983353	0.0029086738237249	0.0029086738237249	Group D
3:27652426:G:A	3	27652426	Group D	rs6763146	0.837129032611847	-0.000800506348637	0.000800506348637	Group D
3:27757018:G:T	3	27757018	T	rs2371108	0.575798338651657	0.0064657369944202	0.0028568895150218997	Group D
3:27810319:A:G	3	27810319	Group D	rs1000361	0.833760178089142	0.004304318637405	0.004304318637405	Group B
3:27827733:A:G	3	27827733	G	rs9817112	0.477959132194519	0.0	0.0005348831521804	Group D
3:27833251:T:C	3	27833251	C	rs730510	0.558786523342133	0.0005841079835381	0.0013373811126434001	Group D
3:28296690:A:G	3	28296690	G	rs17021298	0.750296604633331	0.0101361882263296	0.0032191715335656004	Group D
3:28520197:C:T	3	28520197	T	rs1982560	0.443517601490021	0.0031582469680942	0.0015510995806035	Group D
3:28882980:A:G	3	28882980	Group D	rs7623722	0.76205050945282	-0.000536712057649	0.000536712057649	Group D
3:29479352:T:C	3	29479352	C	rs9878948	0.39781322479248	0.0	0.0003043636929405	Group D
3:29488146:G:A	3	29488146	A	rs9878651	0.465318003296852	-0.0002619573593783	0.0002465061113046	Group D
3:29677966:G:T	3	29677966	Group D	rs9846261	0.74287873506546	8.83888971992981e-05	8.83888971992981e-05	Group D
3:30667425:T:C	3	30667425	C	rs17025785	0.665237212181091	-0.001304530669945	0.0004544152774083	Group D
3:31012087:G:A	3	31012087	A	rs17433029	0.601749259233475	0.0	0.0003208113612863	Group D
3:31484573:A:G	3	31484573	G	rs1353326	0.659716862440109	0.0005977173733352	0.0004438718265396	Group D
3:32264089:G:A	3	32264089	A	rs4129568	0.450493180751801	0.000767224415182	0.0006257820957901998	Group D
3:32274656:C:T	3	32274656	T	rs4533690	0.67652633190155	0.0	0.0006572602884171	Group D
3:32291203:T:C	3	32291203	Group D	rs6550109	0.775035297870636	-0.0001520867853071	0.0001520867853071	Group D
3:33186087:A:G	3	33186087	Group D	rs4355234	0.754723685979843	-0.0021031995643293	0.0021031995643293	Group D
3:33195309:A:G	3	33195309	G	rs61743461	0.604117399454117	-0.0013526052061296	0.0021933791343115	Group D
3:33554657:G:A	3	33554657	A	rs2878373	0.407261154055595	0.0	2.44672214918311e-05	Group D
3:33928468:A:G	3	33928468	G	rs9838500	0.499774199724197	0.0	0.0005832624370391	Group D
3:34053789:C:T	3	34053789	T	rs6790816	0.731113570928574	0.0	0.0017210994001471	Group D
3:34062331:T:G	3	34062331	Group D	rs60624750	0.770459735393524	0.0032125239107493	0.0032125239107493	Group D
3:36214102:T:C	3	36214102	C	rs1450009	0.277710689604282	0.0	0.000228107277127	Group D
3:36680099:G:T	3	36680099	T	rs950146	0.343655508756638	0.0	3.25817472139047e-05	Group D
3:38349146:ATTTG:A	3	38349146	A	rs138257211	0.0	0.0	0.0004647716329719	Group D
3:38404472:C:A	3	38404472	A	rs17118	0.349663025140762	-0.0006520712854502	0.0004795934173616	Group D
3:39226114:G:A	3	39226114	A	rs34810344	0.514129263162613	0.0	1.00450289033735e-05	Group D
3:39307162:G:A	3	39307162	A	rs3732378	0.514602038264275	0.0123606285946513	0.0007944994755516993	Group D
3:39307256:C:T	3	39307256	T	rs3732379	0.258308297395706	0.0008374458246633	0.00010792314270080007	Group D
3:39871207:A:G	3	39871207	G	rs6783267	0.250488328933716	-0.0002975067808774	0.0006517844942735	Group D
3:40231383:C:T	3	40231383	T	rs55785561	0.293890289962292	-0.0009248751277916	0.0010809947551688997	Group D
3:41680750:C:A	3	41680750	A	rs1436851	0.33016704916954	0.0	4.10277729732211e-05	Group D
3:41841716:A:C	3	41841716	C	rs4973986	0.609504479169846	0.0	0.0002998342526145	Group D
3:42484782:G:A	3	42484782	A	rs4682737	0.643841350078583	0.0	0.0005625254821226	Group D
3:42503620:G:A	3	42503620	Group D	rs1508209	0.748843544721603	-0.0005509739591681	0.0005509739591681	Group D
3:43074434:C:T	3	43074434	T	rs2936817	0.467038580775261	0.0	0.0003470659660928	Group D
3:43368539:A:G	3	43368539	Group D	rs2135511	0.73951051235199	-0.001793667621315	0.001793667621315	Group D
3:45814094:G:A	3	45814094	A	rs17279437	0.726724207401276	0.0019767286365615	0.00010689218807440016	Group D
3:45819837:A:G	3	45819837	G	rs2531748	0.34009191095829	0.0013631028445782	0.0005352988479486	Group D
3:46352355:T:C	3	46352355	C	rs4513489	0.580422982573509	-0.0011480093052229	0.0010158636540733	Group D
3:46450072:G:A	3	46450072	A	rs6441977	0.693900728225708	0.013370205431598	0.00019705909178660032	Group D
3:46501213:T:C	3	46501213	C	rs1126478	0.490124669671059	-0.0005451418350595	2.658920826810007e-05	Group D
3:46501268:C:T	3	46501268	T	rs1126477	0.500709471106529	-0.0022537277563589	0.0001319003850520999	Group D
3:46941116:A:G	3	46941116	G	rs2242116	0.242441442608833	0.0038587017072655	0.001216460961107	Group D
3:46988561:C:T	3	46988561	T	rs13092573	0.323921364545822	0.006087179483819	0.0006699228645484995	Group D
3:47000606:T:C	3	47000606	Group D	rs11130110	0.73453551530838	0.0038437704665842	0.0038437704665842	Group B
3:47045846:C:T	3	47045846	T	rs2305637	0.549734830856323	-0.0136179674623718	0.0002882288515210999	Group D
3:47125385:G:A	3	47125385	A	rs4082155	0.342082160711288	0.0041314103038724	0.0031572755650381	Group D
3:47282303:G:A	3	47282303	A	rs2276853	0.386296164989471	0.0012200538402932	0.0006494196919897001	Group D
3:48487048:C:A	3	48487048	Group D	rs730566	0.758491110801697	0.0023257848040294	0.0023257848040294	Group D
3:49054692:T:C	3	49054692	C	rs3087866	0.182753583788872	0.0	0.0012969853315007	Group D
3:49298139:G:A	3	49298139	A	rs7626076	0.249086418747902	0.0	9.75598747840464e-05	Group D
3:49924940:T:C	3	49924940	C	rs1062633	0.349555015563965	0.0	0.0001441300144081	Group D
3:49936102:T:C	3	49936102	C	rs2230590	0.364637750387192	0.0005329107275262	0.00018662987039430004	Group D
3:52584431:T:TCTC	3	52584431	Group D	rs34372721	0.0	-0.000424074187231	0.000424074187231	Group D
3:52727257:G:A	3	52727257	A	rs2289247	0.140842634439468	-0.0005520211541912	0.0005830485257866	Group D
3:53537879:T:C	3	53537879	C	rs6763768	0.40583707690239	-0.0029859250911185	0.0004512054101331003	Group D
3:54167326:C:T	3	54167326	T	rs721764	0.447970208525658	0.0027572930759646	0.0005948029786328997	Group D
3:55041723:G:T	3	55041723	Group D	rs2280187	0.742312169075012	0.0047394715284693	0.0047394715284693	Group B
3:55044876:C:T	3	55044876	T	rs3773569	0.40307928621769	0.0007210287129789	0.0039146765892272995	Group B
3:55055091:A:G	3	55055091	G	rs358033	0.384911200404167	0.000952216441898	0.0003598542648607999	Group D
3:55284390:C:T	3	55284390	T	rs11715075	0.432102942466736	-0.0004405787815184	0.0005956148712479	Group D
3:55393851:C:A	3	55393851	A	rs4580514	0.373790049552918	0.0027089330287152	0.0006843109635119001	Group D
3:55408177:C:T	3	55408177	T	rs6775104	0.498621016740799	0.0009486534291129	0.00028935300184560007	Group D
3:55445851:C:T	3	55445851	T	rs11716743	0.501999706029892	0.0	0.0001686737857401	Group D
3:56822377:T:C	3	56822377	C	rs7611544	0.335857915878296	0.0	0.0012035063362036	Group D
3:56833979:T:C	3	56833979	C	rs1392702	0.43371522128582	0.0	0.0039672243791377	Group B
3:56834799:C:T	3	56834799	Group D	rs13098914	0.747482538223267	0.0060919350309779	0.0060919350309779	Group B
3:56865776:A:G	3	56865776	G	rs12485738	0.501917415857315	0.0	0.0003309029976194	Group D
3:57136585:C:T	3	57136585	T	rs17057718	0.654614752531052	0.0009237349797957	0.000879998692509	Group D
3:57456371:T:C	3	57456371	C	rs9871422	0.537174242734909	-0.0020528578474416	0.0006470585734414001	Group D
3:57494138:A:C	3	57494138	C	rs6445902	0.225668719410896	-0.0013745277539318	7.925895773649994e-05	Group D
3:58006413:A:G	3	58006413	Group D	rs1718460	0.831105184555054	-0.0003489357486669	0.0003489357486669	Group D
3:58625875:C:A	3	58625875	A	rs33966924	0.60463302731514	-0.0016956530011406	0.00024095936663249998	Group D
3:59253941:A:G	3	59253941	G	rs7375089	0.572898423671722	-8.37747751977891e-05	0.000671641990932111	Group D
3:59324458:G:A	3	59324458	A	rs4679620	0.597301089763641	0.0035057835651266	0.0001279676870552999	Group D
3:59963131:A:G	3	59963131	G	rs212032	0.4769551217556	0.0	0.0003255696669569	Group D
3:61153578:A:C	3	61153578	C	rs1966136	0.348496106266975	-0.0005191144713614	2.8764861270000547e-06	Group D
3:61239210:A:C	3	61239210	C	rs4688167	0.431575265526772	0.0	0.0001257586896493	Group D
3:61246997:G:A	3	61246997	A	rs7629340	0.275784385204315	-0.0024993056095951	0.0004075896111502002	Group D
3:61734539:T:C	3	61734539	C	rs3821880	0.614088186621666	-0.0023689245979739	0.0003291543488784998	Group D
3:61739637:A:C	3	61739637	C	rs669339	0.368631193041801	-0.0015881281709808	0.0001492169058845002	Group D
3:61859265:C:A	3	61859265	A	rs2687149	0.306442512571812	0.0002670817944085	0.000520523849446	Group D
3:61910192:A:G	3	61910192	G	rs6797184	0.653408986330032	0.0004003884966514	0.00019251828341139996	Group D
3:62586099:T:C	3	62586099	C	rs879020	0.564757484197617	0.0001530635770898	0.0007351704169785	Group D
3:62623923:C:T	3	62623923	T	rs1237030	0.36054425239563	0.0009525932562659	0.00048326934037899987	Group D
3:62691870:T:C	3	62691870	C	rs6445290	0.406810104846954	0.0	0.0030238630830791	Group D
3:62704257:G:T	3	62704257	T	rs2886937	0.759529238939285	0.0061562483808048	0.0038690939288373995	Group B
3:64009508:T:C	3	64009508	C	rs40610	0.357501867413521	0.0001266146876895	0.00043970110667489995	Group D
3:64148140:C:T	3	64148140	T	rs17664266	0.557621058821678	0.0	0.0001040019668774	Group D
3:64546545:T:C	3	64546545	Group D	rs7627455	0.75204684138298	0.0006859912129558	0.0006859912129558	Group D
3:64701146:A:G	3	64701146	G	rs9860730	0.586833560466766	-0.0023774978331062	0.0004950830336540998	Group D
3:64756158:A:G	3	64756158	G	rs318726	0.293627175688744	0.0008899625969	0.00029296186417129995	Group D
3:64993562:A:G	3	64993562	G	rs9841977	0.682923978567123	0.0016024986586815	0.0007760236410449001	Group D
3:65004133:C:A	3	65004133	Group D	rs17072072	0.779911172389984	0.0003893215178788	0.0003893215178788	Group D
3:65845925:A:G	3	65845925	G	rs2372152	0.0	0.0018083593774678	0.0006604348780876999	Group D
3:67054649:T:C	3	67054649	C	rs13096789	0.753597724437714	0.0	0.0006204842770375	Group D
3:68944949:T:C	3	68944949	C	rs902249	0.37092270553112	0.0	0.0002013011510337	Group D
3:69365528:G:A	3	69365528	A	rs1872152	0.494728997349739	0.0015190469047815	0.0008378559375479	Group D
3:69375655:C:T	3	69375655	T	rs4855388	0.366765570640564	0.0	5.58564291702112e-05	Group D
3:71195778:C:A	3	71195778	A	rs9877741	0.336231961846352	-0.0001461536033499	0.0004506766508743	Group D
3:71382085:G:A	3	71382085	A	rs7644066	0.451558762788773	0.0	0.0002601914857852	Group D
3:71455775:C:T	3	71455775	T	rs7633837	0.380759218335152	0.0	0.0013627435057271	Group D
3:71493077:C:T	3	71493077	Group D	rs56238933	0.827720552682877	0.000871011689301	0.000871011689301	Group D
3:71566417:C:T	3	71566417	T	rs17008713	0.682610511779785	0.0	0.0013731222445538	Group D
3:71615018:A:G	3	71615018	G	rs13316357	0.426419219374657	0.0	0.0005245259700237	Group D
3:71626123:T:C	3	71626123	Group D	rs9828619	0.752860277891159	0.0014855559378216	0.0014855559378216	Group D
3:71664018:T:C	3	71664018	Group D	rs56024413	0.76826805472374	0.0006117854189621	0.0006117854189621	Group D
3:71745688:C:T	3	71745688	T	rs9877458	0.492470797896385	0.0	0.0001370218710392	Group D
3:71752407:T:C	3	71752407	C	rs1447904	0.55055747628212	0.0005605735691051	0.0006511721332364	Group D
3:72799703:C:T	3	72799703	T	rs35178407	0.355981507897377	0.0017554444468722	0.0006262003107283002	Group D
3:76148360:C:T	3	76148360	T	rs6806589	0.289663679897785	0.0	0.0001195805484264	Group D
3:77041398:T:G	3	77041398	G	rs9820413	0.345002207159996	-0.0009088628054239	0.0006322666761512	Group D
3:81433234:T:G	3	81433234	G	rs276105	0.319425144791603	0.0	0.0004710532005254	Group D
3:82787794:C:T	3	82787794	T	rs9875791	0.276271840929985	0.0	0.0003129493576173	Group D
3:85737646:C:A	3	85737646	A	rs9883807	0.341931238770485	0.0	0.0004921420960291	Group D
3:86019794:G:A	3	86019794	A	rs2325006	0.283666631579399	-0.0002688890134018	0.00046167374168520003	Group D
3:88189341:T:C	3	88189341	C	rs7653652	0.147313520312309	0.0001912683223901	0.0006655958432887001	Group D
3:89521602:T:TC	3	89521602	TC	rs112297761	0.0	0.0	9.38545935195242e-05	Group D
3:89823487:C:T	3	89823487	T	rs1284258	0.478155702352524	0.0009581398132479	0.000815223707317	Group D
3:94857157:A:G	3	94857157	G	rs11925057	0.411990609765053	-0.0018727937856438	0.00038950408695929994	Group D
3:97376223:A:C	3	97376223	C	rs301957	0.285930746793747	-0.0021751203837702	0.0005761568784598999	Group D
3:97726747:T:A	3	97726747	A	rs832032	0.473329293727875	-0.0030856247287805	0.0002593792996208001	Group D
3:98225352:C:T	3	98225352	T	rs13038	0.28410192579031	-0.0002280603357215	0.0009158249002855	Group D
3:98453010:C:A	3	98453010	Group D	rs278372	0.896640384197235	0.0013977149333942	0.0013977149333942	Group D
3:98919271:C:T	3	98919271	Group D	rs774952	0.739028292894363	0.0010336992361723	0.0010336992361723	Group D
3:99391933:G:T	3	99391933	T	rs1711560	0.324617375433445	0.0	7.45851171850474e-05	Group D
3:99643176:C:T	3	99643176	T	rs793440	0.319392193853855	0.0007803230573861	1.77048010998e-05	Group D
3:99937577:T:C	3	99937577	C	rs17279479	0.649981051683426	0.0	0.0003485969457626	Group D
3:99987017:A:G	3	99987017	Group D	rs4928120	0.746635854244232	0.0017253693637097	0.0017253693637097	Group D
3:100704546:T:G	3	100704546	G	rs1972991	0.332497423887253	-0.0020317470595648	0.0006235541467948	Group D
3:100732028:A:C	3	100732028	C	rs2595904	0.404751026630402	-7.02797160317636e-05	0.0005139970980926363	Group D
3:100819755:G:A	3	100819755	A	rs1507437	0.499056881666184	0.0	0.0002599205639212	Group D
3:100963154:G:A	3	100963154	A	rs571391	0.595563632249832	-0.0005355084825914	7.053702686959999e-05	Group D
3:101637806:T:C	3	101637806	C	rs11720478	0.471330597996712	-0.0021526098169791	0.0008026955620788001	Group D
3:101882560:A:G	3	101882560	G	rs9290621	0.577998462319374	-0.0024646913509452	0.0009146518638830999	Group D
3:102157417:A:G	3	102157417	G	rs6784389	0.634981328248978	0.0	0.0006775433982825	Group D
3:103856688:G:T	3	103856688	T	rs1185188	0.545483776926994	-0.0024377781774874	0.0008528786358049999	Group D
3:104711433:A:G	3	104711433	G	rs1354280	0.396612930297852	0.0	6.64872393099074e-05	Group D
3:104711549:C:T	3	104711549	T	rs9854000	0.49643044769764	0.0	9.30120603070365e-05	Group D
3:104831605:T:G	3	104831605	G	rs4632572	0.286853969097137	0.0	5.33278257195251e-05	Group D
3:105024251:C:T	3	105024251	T	rs4263316	0.339984059333801	0.0	0.0003275296525001	Group D
3:107586424:C:T	3	107586424	T	rs1368256	0.372024971246719	0.0003566680322374	0.00017336744831639996	Group D
3:108475974:G:A	3	108475974	A	rs11708527	0.610556679964066	0.00212027905487	0.0009575577554112999	Group D
3:108525500:C:T	3	108525500	Group D	rs6787790	0.819364809989929	-0.0011593483289707	0.0011593483289707	Group D
3:108527107:T:C	3	108527107	C	rs11919162	0.276504649221897	0.0	4.20168470317451e-05	Group D
3:108567215:T:C	3	108567215	C	rs1447713	0.248973417282105	-0.0003276741941575	0.0006509065592194001	Group D
3:108567680:G:T	3	108567680	T	rs7609997	0.369612550735474	0.0	6.29743773625724e-05	Group D
3:108613253:C:T	3	108613253	T	rs12637387	0.40583308339119	0.0	0.0004096576282654	Group D
3:108614492:A:G	3	108614492	G	rs4535234	0.340985387563705	-0.0005506470095582	0.00018298052022850005	Group D
3:108829362:A:C	3	108829362	C	rs7641406	0.531623014807701	0.0007303065640064	0.0010562150189425	Group D
3:109052732:T:C	3	109052732	C	rs3762648	0.313253311812878	0.0009231768065513	0.00027311958384980005	Group D
3:109151709:G:A	3	109151709	A	rs769520	0.462595987319946	0.0	0.0003005740218478	Group D
3:109607659:T:C	3	109607659	C	rs7653550	0.652278530597687	0.0	0.0002282296510218	Group D
3:111291946:C:T	3	111291946	T	rs9865195	0.212147858738899	-0.000530900506875	0.00043111906130489995	Group D
3:111298145:A:G	3	111298145	G	rs9831496	0.586337581276894	0.001645664341288	0.0008466675841409998	Group D
3:111405407:G:T	3	111405407	T	rs4481128	0.551175391674042	0.0011921333991551	0.00018910473917570008	Group D
3:111658290:T:G	3	111658290	G	rs712509	0.619125360250473	0.000143797422634	0.00041836517149890007	Group D
3:111996554:T:C	3	111996554	C	rs9828502	0.325430446863174	0.0	0.0001294064751396	Group D
3:112059768:C:G	3	112059768	G	rs1131199	0.469208791851997	0.0007424484367162	2.451188829899996e-05	Group D
3:112072833:G:A	3	112072833	A	rs13093633	0.195879240334034	0.0	0.000435330237871	Group D
3:112144026:G:A	3	112144026	A	rs9847446	0.531656563282013	0.0	7.1719709088412e-06	Group D
3:113890815:C:T	3	113890815	T	rs6280	0.543796813488007	0.0	0.0001750487019678	Group D
3:113955164:T:G	3	113955164	G	rs3732782	0.704031056165695	0.000375973712949	1.3299025467799997e-05	Group D
3:113955320:C:T	3	113955320	T	rs6438191	0.452897021174431	0.0001113423749133	0.0004093423517831	Group D
3:114233596:G:A	3	114233596	A	rs7620649	0.386842685937881	0.0	0.0006390199510979	Group D
3:114279791:C:T	3	114279791	Group D	rs7609885	0.770663410425186	0.0028396062607962	0.0028396062607962	Group D
3:116422778:T:C	3	116422778	Group D	rs6790547	0.778999197483063	0.0022050326167788	0.0022050326167788	Group D
3:116428907:C:A	3	116428907	A	rs1829346	0.308047121763229	-0.0006458922680412	0.002549085776497	Group D
3:118261582:A:G	3	118261582	G	rs12695370	0.354840663075447	0.0004358532487202	0.0007628530292443001	Group D
3:118520959:T:G	3	118520959	Group D	rs798590	0.739668077230454	0.0001929913916835	0.0001929913916835	Group D
3:118559855:A:G	3	118559855	G	rs1521290	0.405109912157059	0.0005338882029309	0.0006795159263815999	Group D
3:118621664:C:A	3	118621664	A	rs36052974	0.428852069377899	-0.0001821732738972	3.4125135893900004e-05	Group D
3:118938119:T:C	3	118938119	C	rs4643703	0.583556833863258	0.0010820358164554	0.0006253339572982999	Group D
3:119021070:T:C	3	119021070	C	rs7625392	0.50420064330101	-0.0008416455269227	0.0008541343555211999	Group D
3:119182598:C:T	3	119182598	T	rs2282171	0.751586306095123	-0.0047894789243579	0.0015598889955338	Group D
3:119534153:C:T	3	119534153	T	rs2276707	0.0	0.0027263773906326	0.00035163244265589994	Group D
3:121353254:T:C	3	121353254	C	rs2070179	0.509072014689446	0.0061318652384971	0.00042275703108409987	Group D
3:121415610:G:A	3	121415610	A	rs33988592	0.386998876929283	0.0006158450291159	0.00030363314901070003	Group D
3:121647286:C:T	3	121647286	T	rs1143671	0.230465745925903	0.0006474916770554	0.00016328920326950003	Group D
3:121838319:G:A	3	121838319	A	rs1129055	0.60741982460022	0.0	0.0001167375814587	Group D
3:121907494:G:A	3	121907494	A	rs1847029	0.27009534239769	-7.096374619569e-05	0.0005450689953018099	Group D
3:121910706:A:G	3	121910706	G	rs1553309	0.200833962857723	0.0	4.55731729202817e-05	Group D
3:122005236:T:C	3	122005236	C	rs10190	0.149733885377646	0.0	0.0001981441734268	Group D
3:122010340:T:C	3	122010340	C	rs7614328	0.200320622324944	0.0	6.56036131829814e-06	Group D
3:122277268:G:A	3	122277268	A	rs34006803	0.614095824956894	0.0	0.000579022408961	Group D
3:122295235:T:C	3	122295235	Group D	rs6796228	0.785753005743027	0.0016501794687733	0.0016501794687733	Group D
3:122302815:T:C	3	122302815	C	rs6785609	0.663599622249603	0.0	0.0005502466555892	Group D
3:122352678:T:C	3	122352678	C	rs2877628	0.415701919794083	-0.0010577240136139	0.0009086529766428998	Group D
3:122878019:A:G	3	122878019	G	rs870429	0.439896562695503	0.0	1.77004371899565e-05	Group D
3:123105721:G:A	3	123105721	A	rs17295246	0.752853745222092	-0.0066044505507562	0.0020053901284258994	Group D
3:124341535:T:C	3	124341535	C	rs582288	0.247317978739738	-0.000398017344771	0.0009785787207291	Group D
3:124456742:G:C	3	124456742	C	rs1801019	0.244784383475781	-0.0003223921119202	0.0006435890353912	Group D
3:124478734:A:G	3	124478734	G	rs13082230	0.162951376289129	-0.0006328466537833	0.00012354916884340001	Group D
3:124646594:A:G	3	124646594	G	rs4679392	0.789867633581162	0.0002474471662945	0.00010168140677909999	Group D
3:124746049:A:G	3	124746049	G	rs2981546	0.575320360064507	0.0002377198823077	6.693050964470002e-05	Group D
3:124869707:C:T	3	124869707	Group D	rs3772217	0.802080899477005	0.0006854085841581	0.0006854085841581	Group D
3:124989394:A:C	3	124989394	C	rs7638240	0.261231932044029	-0.0040175993235095	8.843374286950003e-05	Group D
3:125122081:A:G	3	125122081	G	rs2076725	0.508086171746254	-0.001264451230431	0.0005312276462901	Group D
3:126185238:C:T	3	126185238	Group D	rs1687463	0.811391049623489	-0.0029832811764297	0.0029832811764297	Group D
3:126187574:G:A	3	126187574	A	rs1091370	0.441297844052315	0.0	0.0013904946759239	Group D
3:128168267:G:A	3	128168267	Group D	rs13061811	0.780097651481628	0.0009637884529209	0.0009637884529209	Group D
3:128627021:A:G	3	128627021	G	rs1683787	0.335252040624619	0.0067572599416216	0.0009113598906114002	Group D
3:128712378:A:G	3	128712378	Group D	rs11916893	0.765150827169418	4.2811784982323e-05	4.2811784982323e-05	Group D
3:128915591:T:C	3	128915591	C	rs6805004	0.449089270830154	0.0	0.000283486849803	Group D
3:129021795:C:T	3	129021795	Group D	rs62266910	0.785177224874497	-0.0019212550218297	0.0019212550218297	Group D
3:129293256:T:C	3	129293256	C	rs2255703	0.509771767258644	0.0	0.0004550350823933	Group D
3:130330135:G:A	3	130330135	A	rs1508518	0.365594062209129	0.0004996771935189	0.0012382238039763001	Group D
3:131456355:A:G	3	131456355	G	rs16837765	0.64493687748909	0.0	0.0003651282014876	Group D
3:131777465:G:T	3	131777465	T	rs9840453	0.339399397373199	0.0	0.0008386430476226	Group D
3:132088750:C:A	3	132088750	A	rs3749267	0.623866188526154	0.0	0.000530497060194	Group D
3:132102933:A:G	3	132102933	G	rs6776932	0.398381716012955	-0.000695966618934	0.00015162296757849998	Group D
3:132222601:A:G	3	132222601	G	rs7651369	0.256277100741863	-0.000313380598394	0.00044059691697639994	Group D
3:132662157:T:C	3	132662157	C	rs2887599	0.32342900633812	0.0015261884820983	0.00039632587415039996	Group D
3:133000230:A:G	3	133000230	G	rs6439400	0.634883797168732	0.0	0.0005976525981703	Group D
3:133293618:A:G	3	133293618	Group D	rs3821508	0.872067672014237	-0.0016362997812365	0.0016362997812365	Group D
3:133341988:T:C	3	133341988	C	rs10935070	0.657258856296539	0.0	0.0006101404543363	Group D
3:133356790:G:A	3	133356790	A	rs17301766	0.534949484467506	0.0	0.0002632726992564	Group D
3:133756102:C:T	3	133756102	T	rs9816473	0.432231771945953	0.0009514503569689	0.0010045533240151	Group D
3:134075522:A:G	3	134075522	Group D	rs4974498	0.762307846546173	0.0003139154951653	0.0003139154951653	Group D
3:134650463:C:T	3	134650463	T	rs36174	0.556603255867958	0.0	0.0005004631093349	Group D
3:134656289:A:G	3	134656289	Group D	rs36161	0.763347399234772	-4.59776978484352e-05	4.59776978484352e-05	Group D
3:135294254:T:C	3	135294254	C	rs979903	0.417148247361183	0.0	0.0004190335997019	Group D
3:135720540:A:G	3	135720540	G	rs9814557	0.643836140632629	0.0015464291172617	8.299267603819986e-05	Group D
3:136132705:A:G	3	136132705	G	rs7620314	0.142753886431456	0.0002284079086126	0.0007490134648497999	Group D
3:136142592:G:A	3	136142592	A	rs9831321	0.136628357321024	0.0030717527516866	9.623749222300356e-06	Group D
3:136574501:A:G	3	136574501	G	rs1052618	0.192364136874676	0.0070898967295319	0.00027179403485690003	Group D
3:137483362:G:T	3	137483362	T	rs201718	0.594878619909287	0.0022002143093094	0.00043052045839389987	Group D
3:138348310:G:A	3	138348310	A	rs17282752	0.497656774520874	0.0	0.0001331686945179	Group D
3:139843637:T:C	3	139843637	C	rs2350277	0.434568762779236	0.0004637670242191	0.0006572263973549	Group D
3:140156198:C:T	3	140156198	T	rs347341	0.325493305921555	0.0013478013078495	0.00033252370433529987	Group D
3:140167216:G:A	3	140167216	A	rs4683498	0.292085096240044	-0.000803155897404	0.00012029948215739998	Group D
3:141105570:A:G	3	141105570	Group D	rs724016	0.800745862722397	0.0070668147598722	0.0070668147598722	Group B
3:141106063:T:C	3	141106063	C	rs7632381	0.49074966609478	0.0	0.0045105895853357	Group B
3:141125186:A:G	3	141125186	G	rs1344674	0.443586412072182	0.0	0.0013734745448938	Group D
3:141158212:G:T	3	141158212	T	rs7612543	0.312475381791592	0.0	0.0006864239809018	Group D
3:141217954:T:C	3	141217954	Group D	rs6808837	0.788717156648636	0.0006038922660858	0.0006038922660858	Group D
3:141362225:A:G	3	141362225	G	rs295315	0.51084970831871	0.0	0.0004072780237928	Group D
3:141365883:G:A	3	141365883	Group D	rs7618625	0.789285802841187	0.0005903248995136	0.0005903248995136	Group D
3:142954204:A:G	3	142954204	G	rs7646566	0.278086815774441	0.00033831797508	0.0007615054583221	Group D
3:143237830:C:T	3	143237830	T	rs2165359	0.393913528323174	0.0002451692586457	0.0006059246864447	Group D
3:143355137:A:C	3	143355137	C	rs9862274	0.3638552069664	0.0	0.0004025471031463	Group D
3:143510594:A:G	3	143510594	G	rs2007192	0.413417616486549	0.0008766492703496	0.0010015068108136	Group D
3:143540594:A:C	3	143540594	C	rs12637090	0.528020000457764	0.0	0.0019344497963453	Group D
3:143541114:T:G	3	143541114	Group D	rs6806661	0.818619674444199	0.0029367913529463	0.0029367913529463	Group D
3:145079739:C:T	3	145079739	Group D	rs13072906	0.766721975803375	0.0006377246446696	0.0006377246446696	Group D
3:145717737:C:T	3	145717737	T	rs9289710	0.515568724274635	-0.0003804909229356	0.0011324563830841	Group D
3:145776673:G:T	3	145776673	T	rs7651139	0.348930004239082	0.0005039728882592	0.0006903357262286001	Group D
3:145838895:C:T	3	145838895	T	rs4681297	0.599848622083664	0.0024175612665074	0.00029662739416120004	Group D
3:147345411:G:A	3	147345411	A	rs7651055	0.240994818508625	-0.000988828346571	0.0007818379009148001	Group D
3:147353269:G:A	3	147353269	A	rs9838382	0.242829982936382	0.0	0.000269209390397	Group D
3:147395723:G:A	3	147395723	A	rs16859655	0.329735735058785	-0.0003131730346171	0.0010581137350441	Group D
3:149038433:G:A	3	149038433	Group D	rs1975084	0.751669788360596	-0.0012520934536668	0.0012520934536668	Group D
3:149122942:C:T	3	149122942	T	rs11720500	0.521669802069664	0.0007374543180536	0.0008778637032119	Group D
3:149162046:A:C	3	149162046	Group D	rs7628817	0.781731933355331	0.0022453213498376	0.0022453213498376	Group D
3:149485293:T:C	3	149485293	C	rs7610425	0.599152797460556	0.0016331687184818	0.00040830582299640006	Group D
3:149777272:C:T	3	149777272	Group D	rs4681564	0.741571927070618	-0.0003820422834177	0.0003820422834177	Group D
3:149777669:A:G	3	149777669	G	rs9837142	0.403594279289246	0.0	0.0011785170906827	Group D
3:149823327:T:C	3	149823327	C	rs4681574	0.477096623182297	0.0	0.0002901949391353	Group D
3:149852975:C:A	3	149852975	A	rs2068235	0.518486213684082	0.0001946548210098	0.0009484593275428001	Group D
3:149868338:G:A	3	149868338	Group D	rs13066347	0.783021467924118	-0.0027474250429095	0.0027474250429095	Group D
3:150167144:G:A	3	150167144	A	rs2903834	0.784673517942429	0.0016862319825548	0.0015303235733352	Group D
3:150384807:T:G	3	150384807	G	rs6440691	0.723658913373947	-0.0071288742082955	0.001034206579512799	Group D
3:150996434:A:C	3	150996434	Group D	rs3773621	0.753335547447205	0.0011563154298868	0.0011563154298868	Group D
3:151033597:A:C	3	151033597	C	rs6767266	0.266654291749001	0.0024226858549579	0.0016461353880132998	Group D
3:151046308:G:A	3	151046308	A	rs1466684	0.863248890638351	0.0065708929914132	0.0004698586918859002	Group D
3:152066793:A:G	3	152066793	Group D	rs2036291	0.747011798620224	0.0003607165487466	0.0003607165487466	Group D
3:152150885:C:T	3	152150885	T	rs12635093	0.61875941157341	0.0001487692835334	0.0007510976471822	Group D
3:152190918:T:C	3	152190918	C	rs1434794	0.381712731719017	-0.0003407967452462	0.0005832210150242	Group D
3:152588596:A:G	3	152588596	G	rs4680010	0.59562823176384	3.0539228121559e-05	2.7651776598454987e-06	Group D
3:152590821:A:C	3	152590821	C	rs9864615	0.385405677556992	0.001716807691142	0.0006544246724008	Group D
3:152953343:G:A	3	152953343	A	rs9811019	0.291844372451305	0.003771944538825	0.0003450720769889999	Group D
3:152994772:G:A	3	152994772	A	rs7355869	0.33125551044941	0.0012016200234531	0.0002149106572117	Group D
3:153973408:T:C	3	153973408	C	rs3172332	0.283053132891655	-0.0016472625165953	0.0006197882094417999	Group D
3:155588148:T:C	3	155588148	Group D	rs11706359	0.799755436182022	-0.0010026968411182	0.0010026968411182	Group D
3:157126631:T:C	3	157126631	C	rs1456104	0.56527838408947	0.0	0.0004431548162721	Group D
3:157155314:C:A	3	157155314	A	rs3816527	0.669037425518036	0.0007979723297041	9.78688086391e-05	Group D
3:157574195:G:A	3	157574195	A	rs7622880	0.595303702354431	-0.0021756688430853	0.0005163048685190999	Group D
3:158366900:G:A	3	158366900	A	rs2303909	0.329703903198242	-0.0041393109514728	0.00019292956898619984	Group D
3:158714381:T:C	3	158714381	C	rs1846897	0.255686013400555	-0.004368545211796	0.0004231765097359001	Group D
3:159099226:C:T	3	159099226	T	rs878382	0.279120303690434	0.0	0.0003177994925722	Group D
3:159104487:T:C	3	159104487	C	rs7649056	0.295783250033855	-0.0006609403281208	0.00048228225555839996	Group D
3:159109216:A:G	3	159109216	G	rs4679856	0.540962728857994	-0.000811040754103	3.7281317405100044e-05	Group D
3:159161861:G:T	3	159161861	T	rs7628336	0.474499282240868	0.0026478772020831	0.0003014451400667	Group D
3:159509380:T:C	3	159509380	C	rs2169305	0.599080693721771	0.0	0.0004512496059486	Group D
3:159554958:T:G	3	159554958	G	rs13088856	0.749165952205658	0.0037403476185025	0.0024292300497833997	Group D
3:159613455:T:G	3	159613455	G	rs6785153	0.383132222294807	0.0002108918619104	0.0017929410695754998	Group D
3:159635428:G:A	3	159635428	A	rs9877650	0.211795322597027	0.0007780917128248	0.0006122402190103	Group D
3:159665050:A:G	3	159665050	Group D	rs17810546	0.801977223157883	-0.0040750229417271	0.0040750229417271	Group B
3:159668291:A:G	3	159668291	G	rs480350	0.511568138003349	0.0	0.0011101040314052	Group D
3:159677620:A:G	3	159677620	G	rs649852	0.501778170466423	0.0013916908201581	0.0006171180544715999	Group D
3:159685800:G:A	3	159685800	A	rs7642216	0.0	0.0021089040950966	0.0005491025443615	Group D
3:159833805:G:A	3	159833805	A	rs4680560	0.416903668642044	-0.0004443073154557	0.0023405312130345	Group D
3:159834050:G:A	3	159834050	Group D	rs11916869	0.482167872786522	-0.0002003909711076	0.0002003909711076	Group D
3:159841425:T:C	3	159841425	C	rs7622187	0.552194103598595	-0.0004377893320082	0.00015629063028159998	Group D
3:160191236:C:A	3	160191236	A	rs3851365	0.621811228990555	0.0	4.72626230366093e-05	Group D
3:160475488:C:T	3	160475488	Group D	rs1455869	0.819319355487824	-0.0008582507764928	0.0008582507764928	Group D
3:160523671:G:A	3	160523671	A	rs6781371	0.40472437441349	0.0	0.0002963545234423	Group D
3:164941049:A:G	3	164941049	G	rs2033857	0.249381119012833	0.0010355884809374	0.0005665024509520001	Group D
3:166608790:G:A	3	166608790	A	rs2900668	0.290010122954845	-0.001481415560323	0.0008295347010856997	Group D
3:167458304:T:C	3	167458304	C	rs7630514	0.441540119051933	0.0	0.0018580965098262	Group D
3:167460383:G:A	3	167460383	Group D	rs11921535	0.846686339378357	0.0037256184305755	0.0037256184305755	Group D
3:167504672:A:C	3	167504672	C	rs9852595	0.377914887666702	0.0	6.87408785780444e-05	Group D
3:167526655:G:A	3	167526655	A	rs13071510	0.35305061340332	0.0	0.00061460136268	Group D
3:169595485:T:C	3	169595485	C	rs7614694	0.467382878065109	0.0003642343910172	0.0005578450527144999	Group D
3:170255506:T:C	3	170255506	C	rs1023599	0.408760273456574	0.0	0.0005926887825506	Group D
3:170911590:A:G	3	170911590	G	rs10936673	0.666032761335373	0.0024364351495656	0.0009516451368407996	Group D
3:171145711:C:T	3	171145711	Group D	rs9875030	0.872130870819092	-0.0015291483218602	0.0015291483218602	Group D
3:171150266:C:T	3	171150266	Group D	rs115929495	0.735973864793778	0.0024265527020284	0.0024265527020284	Group D
3:171152223:C:T	3	171152223	T	rs7618779	0.625421959161758	0.0	0.0007207637939163	Group D
3:171395468:A:G	3	171395468	G	rs2124147	0.388957706093788	0.0005104724407738	0.0005828322954105999	Group D
3:171795540:G:A	3	171795540	A	rs4894799	0.341842946410179	0.0	0.0001219412954674	Group D
3:171821513:G:A	3	171821513	A	rs7651931	0.545563963055611	0.0010031425542555	0.00048062010701369995	Group D
3:171847196:G:A	3	171847196	A	rs6763884	0.46697533428669	0.0002061363199358	0.0005991233601628	Group D
3:171900737:G:A	3	171900737	Group D	rs9825851	0.747949665784836	-0.0015519063957417	0.0015519063957417	Group D
3:172163449:G:A	3	172163449	A	rs509035	0.338099953532219	-0.0004128413938047	0.0010058754075915	Group D
3:172243161:G:A	3	172243161	Group D	rs3136581	0.808253365755081	0.0032227584430311	0.0032227584430311	Group D
3:172974145:T:C	3	172974145	C	rs792354	0.0	0.0	2.66016456280425e-05	Group D
3:173114167:T:C	3	173114167	C	rs583514	0.838957065343857	0.0045854131720121	0.0013980722045322997	Group D
3:173314577:C:T	3	173314577	T	rs6788660	0.300829574465752	-0.0008492760264818	0.0015967863310150001	Group D
3:173522097:G:A	3	173522097	A	rs13074723	0.304017190635204	0.0	0.0001467493475774	Group D
3:176009517:G:A	3	176009517	A	rs9812934	0.385312682390213	0.0002741031276697	0.0007235516689453	Group D
3:176210523:T:C	3	176210523	C	rs526346	0.479281789064407	0.0002410357980514	0.0004182967175219	Group D
3:176240644:A:G	3	176240644	G	rs936034	0.526259428262711	-0.0006257192664374	0.0003633138829959	Group D
3:176261513:T:C	3	176261513	C	rs1377820	0.497791475057602	-0.0029371799523893	0.0001522536381207999	Group D
3:176294153:T:C	3	176294153	C	rs2862481	0.451451987028122	-0.0002486419020347	0.0004909760495983	Group D
3:176706602:C:A	3	176706602	A	rs13072667	0.351357924938202	-0.0005187529457382	0.0006578040505649999	Group D
3:178095423:A:G	3	178095423	G	rs495739	0.327097061276436	0.0	5.79673195069685e-05	Group D
3:178155754:A:G	3	178155754	G	rs282877	0.394499260187149	0.0020813563447684	0.0004204681160779001	Group D
3:179570641:C:T	3	179570641	T	rs3774238	0.546117281913757	0.0	0.0004014485976591	Group D
3:180996959:C:T	3	180996959	T	rs7619173	0.406985232234001	0.0	0.00038263802022	Group D
3:181659359:C:T	3	181659359	T	rs1392340	0.528735768795013	-0.0018366040448602	0.00025984814962880004	Group D
3:181718601:G:A	3	181718601	A	rs6785807	0.643496012687683	0.0	0.0006515049460542	Group D
3:182004287:C:T	3	182004287	T	rs4859198	0.377504146099091	-0.000372143190002	0.0007083601422722	Group D
3:182261809:A:G	3	182261809	G	rs9873428	0.391747963428497	-0.0012803832558168	0.0006923607502397999	Group D
3:182486083:A:G	3	182486083	G	rs1357451	0.528341636061668	0.0015122760010318	0.00040841623285370007	Group D
3:182521143:G:T	3	182521143	T	rs12696498	0.185282450914383	-0.000492127450785	0.0005509844445813999	Group D
3:182755209:T:G	3	182755209	G	rs2270968	0.405550843477249	-0.0019137840622117	0.0006264658874698002	Group D
3:183125354:T:G	3	183125354	G	rs12491399	0.540179234743118	-0.000986475318789	0.0007454994304135999	Group D
3:183361256:T:C	3	183361256	C	rs6802882	0.290680448710918	-0.0039196550268689	0.0007118423760531	Group D
3:183558402:C:G	3	183558402	G	rs3732581	0.204671780765057	0.0003815943773354	0.00018658665338609998	Group D
3:183699516:T:C	3	183699516	C	rs7636910	0.492192661762238	0.0010473032044515	0.00047512746009829984	Group D
3:183754294:G:C	3	183754294	C	rs6443930	0.326840746402741	0.0035562063559771	2.23637305121001e-05	Group D
3:183771986:C:T	3	183771986	T	rs7648564	0.619927734136581	0.002443480205726	0.0005625375092106998	Group D
3:183818416:G:A	3	183818416	A	rs7627615	0.563138994574547	0.0019996649023235	0.0001246032080892	Group D
3:185548683:G:A	3	185548683	A	rs720390	0.415864935517311	-0.0017774579290676	0.0005563452555801	Group D
3:185683903:A:G	3	185683903	G	rs4563435	0.396377018094063	0.0	7.59633933526789e-05	Group D
3:186349412:C:T	3	186349412	T	rs13084035	0.349728083610535	-0.0017075194116242	0.0005390290590757999	Group D
3:186395572:A:T	3	186395572	T	rs1042464	0.427473050355911	0.0021465158798975	0.0001409942112661003	Group D
3:186436604:T:C	3	186436604	C	rs1836860	0.444800817966461	-3.05777789821844e-05	0.0005361701147974156	Group D
3:186443018:T:C	3	186443018	C	rs1656922	0.469290992617607	0.0017677827017188	1.7073603270600186e-05	Group D
3:186459927:T:C	3	186459927	C	rs710446	0.437948083877564	0.0002071114223352	0.0003022476207131	Group D
3:186705790:G:C	3	186705790	C	rs11923417	0.558609214425087	-9.42442490557744e-05	0.0006557563268978256	Group D
3:186767440:G:A	3	186767440	Group D	rs4012245	0.276272062957287	-0.0012503291189642	0.0012503291189642	Group D
3:186778382:C:T	3	186778382	T	rs4012246	0.213006065785885	-0.0026067952844043	0.0016262102527688001	Group D
3:186784789:T:C	3	186784789	Group D	rs736341	0.754173135757446	-0.0001267581183637	0.0001267581183637	Group D
3:186807282:C:T	3	186807282	T	rs9290844	0.322040775418282	-0.0011517554189912	0.0005750426418733999	Group D
3:186917751:C:G	3	186917751	G	rs6764714	0.34859185218811	0.0010912490823969	0.0002422521342334001	Group D
3:187568380:A:G	3	187568380	G	rs974671	0.747767871618271	-0.0019404958433225	0.0015746133107314	Group D
3:187570173:C:T	3	187570173	T	rs517116	0.394860193133354	0.0	0.0001263708756763	Group D
3:187632238:G:C	3	187632238	C	rs9810106	0.53925356566906	0.0	0.0004148206974731	Group D
3:187639657:A:G	3	187639657	Group D	rs2611619	0.811940687894821	0.0013246258850845	0.0013246258850845	Group D
3:187762629:C:T	3	187762629	T	rs1353687	0.548021799325943	0.0	0.000201692164371	Group D
3:187795325:G:T	3	187795325	Group D	rs9871228	0.84321900010109	-0.0011581794579502	0.0011581794579502	Group D
3:187795657:T:C	3	187795657	C	rs2037184	0.680775368213654	0.0	0.0005679344275698	Group D
3:188112554:C:A	3	188112554	A	rs1464510	0.0	-5.21256232418577e-07	0.0005496502545790814	Group D
3:188187250:G:A	3	188187250	Group D	rs1426271	0.747791546583176	0.0005462425228328	0.0005462425228328	Group D
3:189229935:G:A	3	189229935	A	rs3856927	0.757939523458481	0.0035070095966481	0.0017673759878274	Group D
3:189462592:T:C	3	189462592	C	rs6444395	0.298951995372772	-0.0001913349413386	0.0003524135972681	Group D
3:189528852:C:A	3	189528852	A	rs4687094	0.393378242850304	-0.0006818573551882	0.0006615571027746	Group D
3:190044017:A:G	3	190044017	G	rs6781278	0.629381573200226	0.0	0.0004269402471767	Group D
3:190104453:A:G	3	190104453	Group D	rs6764651	0.843857795000076	0.0003677705367166	0.0003677705367166	Group D
3:190382215:C:T	3	190382215	T	rs6444446	0.39760385453701	0.0	0.000282333254929	Group D
3:191159716:G:A	3	191159716	Group D	rs12633934	0.759400033950806	-0.0006023047040221	0.0006023047040221	Group D
3:191179193:A:G	3	191179193	G	rs293833	0.770432966947556	-0.001356018143077	0.0006093761954121001	Group D
3:191469920:T:G	3	191469920	G	rs709098	0.477485957741737	-0.0023581463770176	0.000794622982095	Group D
3:191862675:G:A	3	191862675	A	rs9809505	0.367559060454369	-0.0021343051011589	0.0004698285286582004	Group D
3:193031926:C:T	3	193031926	T	rs2280268	0.737962746620178	0.0003143349331712	0.00013749569577529996	Group D
3:193711138:C:T	3	193711138	Group D	rs9288760	0.777570992708206	0.0006167866999904	0.0006167866999904	Group D
3:193810750:C:T	3	193810750	Group D	rs7642977	0.851743394136429	0.0003137205771601	0.0003137205771601	Group D
3:193842582:G:T	3	193842582	T	rs7649147	0.53755666911602	0.0	0.0009761320825084	Group D
3:193848312:C:T	3	193848312	Group D	rs4130691	0.742852878570557	-0.0020820694232082	0.0020820694232082	Group D
3:193938611:T:G	3	193938611	G	rs7647261	0.479877921938896	0.0	0.0006694865370781	Group D
3:193938796:G:A	3	193938796	Group D	rs35402322	0.756943202018738	0.001404019895642	0.001404019895642	Group D
3:193963483:G:A	3	193963483	A	rs4547644	0.426628625392914	0.00020517499518	0.0007583676613744999	Group D
3:194545903:A:C	3	194545903	C	rs4677644	0.714093452692032	-0.0042128644287712	0.0005810661488302995	Group D
3:194743015:A:G	3	194743015	G	rs938712	0.536626473069191	-4.92437258942491e-05	0.0005604927506749508	Group D
3:194900432:C:T	3	194900432	T	rs11719455	0.487082299590111	0.0	0.0002158505311141	Group D
3:195277104:A:G	3	195277104	G	rs77963694	0.833782422542572	-0.0008064445817964	0.00028210530875380003	Group D
3:195594151:CCT:C	3	195594151	C	rs10579442	0.0	-0.0003865292918097	0.0006132357483511	Group D
3:195876780:A:C	3	195876780	Group D	rs1868198	0.745696747303009	-0.0018801115543125	0.0018801115543125	Group D
3:195955762:G:A	3	195955762	A	rs939885	0.649777239561081	0.0	0.0015749734145217	Group D
3:196014073:T:C	3	196014073	Group D	rs6766480	0.736179333925247	0.0033360669509011	0.0033360669509011	Group D
3:196054439:T:G	3	196054439	G	rs6785339	0.469044467806816	0.0	0.0017673378359031	Group D
3:196096451:C:T	3	196096451	T	rs9860931	0.183276697993279	0.0008742708642957	0.00048529983155449997	Group D
3:196366964:G:A	3	196366964	Group D	rs939874	0.906542700529099	0.0016951611846273	0.0016951611846273	Group D
3:196435534:T:C	3	196435534	C	rs6776064	0.699904847145081	-0.003663153127938	0.0004035136096051002	Group D
3:196549742:T:G	3	196549742	G	rs6583177	0.232789531350136	0.003056026216612	0.0006582314987197001	Group D
3:196674749:C:T	3	196674749	T	rs4916589	0.609252142906189	-0.0007968700613955	0.0002564118740729001	Group D
3:196757464:G:A	3	196757464	Group D	rs3755771	0.736210960149765	-0.0001801998769517	0.0001801998769517	Group D
4:121652:T:C	4	121652	C	rs9996597	0.272873888909817	-0.0010531884344885	0.0006010526590928	Group D
4:516586:G:A	4	516586	A	rs1135945	0.349301165342331	0.0	0.0006347157882328	Group D
4:896486:T:C	4	896486	C	rs3822023	0.370115846395493	0.0	0.0003411156689552	Group D
4:923947:T:C	4	923947	C	rs7663192	0.47255771458149	0.0	0.0004419850167583	Group D
4:983060:T:C	4	983060	C	rs3796622	0.43116190135479	0.0	0.0004464228169812	Group D
4:1165748:T:C	4	1165748	C	rs6836335	0.637005215883255	-0.0053767822986076	0.0006857379452824006	Group D
4:1560545:C:A	4	1560545	A	rs4450995	0.427188241481781	0.0	3.41747235902614e-05	Group D
4:1714684:C:A	4	1714684	Group D	rs798744	0.77291955947876	0.0008153614006669	0.0008153614006669	Group D
4:1721654:A:G	4	1721654	G	rs2854915	0.284848859906197	0.0038188439791336	0.0007713431884981002	Group D
4:2307966:G:A	4	2307966	A	rs2031727	0.658274269104004	0.0	0.0008158732337677	Group D
4:3039150:T:C	4	3039150	C	rs1801058	0.651264828443527	0.001039379399299	1.4440437862899913e-05	Group D
4:3240159:C:T	4	3240159	T	rs2071704	0.663996225595474	-0.0006924045677327	8.608387926290005e-05	Group D
4:3263138:G:A	4	3263138	A	rs3095073	0.412107276916504	-0.0019326350685765	0.0008182591111924999	Group D
4:3442259:G:A	4	3442259	Group D	rs73193400	0.749072116613388	-0.0017808492899463	0.0017808492899463	Group D
4:3446091:G:T	4	3446091	T	rs3748034	0.723696851730347	0.0039920721614124	0.0006314861249940001	Group D
4:4605471:A:G	4	4605471	Group D	rs7698982	0.775108885765076	0.0004626469302871	0.0004626469302871	Group D
4:4615708:A:G	4	4615708	G	rs1837711	0.368947844207287	0.0	9.36131255598531e-05	Group D
4:5641507:A:G	4	5641507	G	rs747971	0.639581274986267	0.0	5.4959990691461e-05	Group D
4:5690902:T:C	4	5690902	C	rs4689278	0.447764205932617	-0.0005440151296871	0.0002564147423681	Group D
4:5936570:T:C	4	5936570	C	rs17751160	0.271015149354935	0.0	0.0005361814918571	Group D
4:5948903:C:T	4	5948903	T	rs9683420	0.387054285407066	0.0	0.0001920496327549	Group D
4:5966801:T:C	4	5966801	C	rs6839295	0.430590319633484	0.0	0.0005964749600542	Group D
4:6165640:C:T	4	6165640	T	rs2358576	0.519842773675919	0.0013077564909192	0.00022894567080500002	Group D
4:6173521:G:A	4	6173521	A	rs17773390	0.692485809326172	0.0019578955480292	0.0006426393087323999	Group D
4:6411960:G:C	4	6411960	C	rs10017964	0.388982224464417	0.0	0.0006457230798805	Group D
4:6417028:G:A	4	6417028	A	rs7658616	0.549577686190605	-0.0008995611768182	0.000623237665774	Group D
4:6417785:T:C	4	6417785	C	rs16838780	0.5265819221735	0.0	2.25840834192263e-05	Group D
4:6562943:G:A	4	6562943	Group D	rs875579	0.766175019741058	-0.001166190787827	0.001166190787827	Group D
4:6776649:G:A	4	6776649	A	rs4689549	0.550442323088646	0.0004440185473112	0.0013972199617979	Group D
4:7045657:C:A	4	7045657	A	rs6842659	0.763107800483704	0.0040689080156667	0.0029901490301848	Group D
4:7195054:G:A	4	7195054	A	rs4689630	0.639430505037308	0.000258357728977	0.0007139848071199	Group D
4:7655855:C:T	4	7655855	T	rs2285789	0.614646363258362	0.0	0.0003576752781392	Group D
4:7689152:A:C	4	7689152	C	rs886378	0.417772197723389	0.0	0.0001697066106317	Group D
4:8115160:C:T	4	8115160	T	rs1400730	0.771186286211014	0.0031473987205583	0.0020772214997202	Group D
4:8454639:A:G	4	8454639	G	rs1880024	0.337072262167931	0.0002215370234735	0.0007683220875171	Group D
4:8554894:C:T	4	8554894	T	rs4696842	0.400718781352043	0.0007388637802513	0.0008184263880290001	Group D
4:9784542:A:C	4	9784542	C	rs2227851	0.0	-0.0032897055114499	9.628104351249974e-05	Group D
4:11330931:G:A	4	11330931	A	rs1011034	0.493274760246277	0.000591575753768	0.0007765953001564	Group D
4:11546579:G:T	4	11546579	Group D	rs733936	0.76841881275177	0.0005943236460732	0.0005943236460732	Group D
4:11556107:G:T	4	11556107	T	rs6448783	0.33428413271904	0.0	0.0001138440933872	Group D
4:12375716:T:C	4	12375716	C	rs9291588	0.313434948027134	0.0	9.69657909304253e-05	Group D
4:12670390:G:A	4	12670390	A	rs7668124	0.268616069853306	0.0018519852892187	0.0005526598832407	Group D
4:12718482:G:A	4	12718482	A	rs2866694	0.274522733688355	-0.0007314531941651	0.0004031182716532	Group D
4:13534408:C:T	4	13534408	T	rs1157946	0.775836801528931	-0.0024051914827863	0.0020176846117953002	Group D
4:14139678:A:G	4	14139678	G	rs3893808	0.37293829023838	-0.0010122293261906	0.0005194800151392999	Group D
4:14282131:A:G	4	14282131	G	rs10013659	0.225683660805225	0.0010697821689872	0.0006651676850681	Group D
4:15128633:A:G	4	15128633	G	rs1455207	0.353841224312782	0.0	0.0001776956361693	Group D
4:15354435:T:C	4	15354435	C	rs6852653	0.651461905241013	-0.0060312335683028	0.0006039972676092995	Group D
4:15852104:T:C	4	15852104	Group D	rs17476066	0.739871770143509	-0.0001553592918875	0.0001553592918875	Group D
4:15915036:A:C	4	15915036	Group D	rs4698424	0.751969075202942	0.0008412096320667	0.0008412096320667	Group D
4:15918395:G:T	4	15918395	T	rs10008478	0.444148164987564	-0.0030580173499846	0.0012898303411035	Group D
4:16125136:C:T	4	16125136	Group D	rs317891	0.833075934648514	0.0004260079820857	0.0004260079820857	Group D
4:16587885:T:C	4	16587885	Group D	rs41268381	0.732513755559921	0.002692663544882	0.002692663544882	Group D
4:16588729:A:G	4	16588729	G	rs10755217	0.55426230430603	0.0	0.0010471912702851	Group D
4:17524570:C:G	4	17524570	G	rs13147559	0.623438614606857	0.0	0.0003466100852678	Group D
4:17932555:A:G	4	17932555	G	rs6854757	0.079265969991684	0.0052841965743398	0.00030353955818810015	Group D
4:18024121:C:T	4	18024121	T	rs1380294	0.372190025448799	0.0006935365318009	0.0007507589902782999	Group D
4:18046499:A:G	4	18046499	G	rs1325107	0.331779587268829	0.0	0.000473370348146	Group D
4:18489994:C:T	4	18489994	T	rs2254416	0.426830041408539	0.0005243489991409	0.0005151307298241	Group D
4:19056475:G:A	4	19056475	A	rs16898037	0.312151069939137	0.0	2.95454236467439e-05	Group D
4:19854388:T:C	4	19854388	C	rs11941873	0.0	0.000713527771933	0.0012045207026905	Group D
4:20069249:A:G	4	20069249	Group D	rs1385646	0.755089199542999	0.0018089450641627	0.0018089450641627	Group D
4:20898220:C:A	4	20898220	A	rs1565534	0.315494510531426	0.0	0.000219320070378	Group D
4:23088051:T:C	4	23088051	C	rs1394018	0.574006295204163	0.0	4.0054800665317e-05	Group D
4:24047686:A:G	4	24047686	G	rs640050	0.303043577075005	0.0	3.8079972957654e-05	Group D
4:24234074:C:T	4	24234074	T	rs17641468	0.454551604390144	-0.0007180252604051	0.0005985742908807001	Group D
4:24682569:G:A	4	24682569	Group D	rs4697468	0.788918244838715	0.0018661015345987	0.0018661015345987	Group D
4:24705742:G:A	4	24705742	A	rs12500507	0.344524517655373	0.0	0.0014973851433107	Group D
4:25133669:G:A	4	25133669	A	rs3756208	0.230516067147255	0.0	0.0001286888852061	Group D
4:25312242:G:A	4	25312242	Group D	rs1533131	0.779831886291504	-0.000313184227546	0.000313184227546	Group D
4:25408838:G:A	4	25408838	A	rs34811474	0.604233407974243	-0.0039452187853443	0.0004235433414166998	Group D
4:25916457:A:G	4	25916457	Group D	rs12642193	0.750409042835236	-0.0004466877974371	0.0004466877974371	Group D
4:26025756:T:C	4	26025756	C	rs4269167	0.48398315012455	-0.0024297560373926	6.84424179422001e-05	Group D
4:26028775:C:T	4	26028775	T	rs6846421	0.70689891576767	0.0	0.0007289327046227	Group D
4:26079129:T:C	4	26079129	C	rs4558863	0.635203874111176	0.0003433402227552	0.000338778046671	Group D
4:26190536:G:A	4	26190536	A	rs4692424	0.586048185825348	0.0014824191843067	0.0003925510370978002	Group D
4:26491111:A:G	4	26491111	G	rs1800857	0.60036740899086	-0.0008731468010281	0.000684387068344	Group D
4:26839460:T:C	4	26839460	C	rs4407490	0.230024476349354	0.0005624742855286	0.0010831495234719	Group D
4:26845759:C:A	4	26845759	A	rs13114545	0.210093992948532	-0.0001400472025784	0.0007032509783689001	Group D
4:26861656:A:C	4	26861656	C	rs9790789	0.579892471432686	0.0013031343756586	0.00110606080851	Group D
4:27280768:A:G	4	27280768	G	rs7689900	0.491294100880623	0.0	0.0005257440139488	Group D
4:27878240:A:C	4	27878240	C	rs7656782	0.229546609520912	0.0	8.45418164609246e-05	Group D
4:28440972:T:C	4	28440972	C	rs3907987	0.437874495983124	-0.0004153699899326	0.00038806511201339996	Group D
4:28483359:A:G	4	28483359	G	rs6833080	0.484903672337532	-0.0002173440466268	0.00020740786121630002	Group D
4:28561990:A:C	4	28561990	C	rs6448587	0.114173882454634	0.0	0.0003145649933083	Group D
4:28737332:C:T	4	28737332	T	rs13143929	0.455744355916977	0.0023732809736074	0.0005842848287788997	Group D
4:29441731:C:T	4	29441731	T	rs2310033	0.472534322738648	-0.0013824644242808	0.00046915112230749997	Group D
4:30811774:G:A	4	30811774	A	rs6812005	0.474688029289246	-0.0022385824867234	0.00023607699261880008	Group D
4:30832319:T:C	4	30832319	C	rs12331633	0.325697162747383	-0.000438905066345	0.000816039653789	Group D
4:31025354:A:G	4	31025354	G	rs10939326	0.242860595881939	0.0	0.0003532631208179	Group D
4:36244844:T:G	4	36244844	Group D	rs13145162	0.807126587629318	-0.0003680581700481	0.0003680581700481	Group D
4:37395513:G:A	4	37395513	A	rs6531533	0.42283074259758	0.0005347824218888	0.00043971713916220005	Group D
4:37445315:C:A	4	37445315	A	rs4634233	0.462674537301064	0.0003475884229263	0.00028685881723819993	Group D
4:37470577:T:G	4	37470577	G	rs11096879	0.362651684880257	0.0	0.0002778553554315	Group D
4:37559754:T:C	4	37559754	C	rs2941005	0.421418708562851	0.0	0.0004153508564724	Group D
4:37903756:T:C	4	37903756	C	rs2279027	0.741250687837601	0.0	2.97397733339321e-05	Group D
4:37904089:C:T	4	37904089	T	rs35859249	0.645945489406586	0.0	0.0006785176364415	Group D
4:38016395:T:G	4	38016395	G	rs10501	0.647015827894211	0.0036097085984653	0.0005476736717991001	Group D
4:38060485:T:C	4	38060485	C	rs1863329	0.45642931163311	0.0001060409533483	0.0016343161476861	Group D
4:38083814:A:C	4	38083814	Group D	rs4832986	0.826927179098129	0.001199219039477	0.001199219039477	Group D
4:38109847:T:C	4	38109847	C	rs1344603	0.706419515609741	0.0071774545156502	0.0008143841548717999	Group D
4:38122459:G:A	4	38122459	A	rs645469	0.371907660365105	-0.0001411724173358	9.291910969344279e-05	Group D
4:38213124:A:G	4	38213124	Group D	rs11096936	0.769677543640137	8.07870610095247e-05	8.07870610095247e-05	Group D
4:38270176:A:G	4	38270176	G	rs1467092	0.590346938371658	0.0	0.0001595991902384	Group D
4:38308761:T:G	4	38308761	G	rs991331	0.564148190617561	0.0	4.73599148589563e-05	Group D
4:38314170:A:G	4	38314170	G	rs1586459	0.293237981200218	0.008152984945677	0.00018229429546979918	Group D
4:38330855:C:T	4	38330855	T	rs13139166	0.647467118501663	0.0162588128916039	0.0006806217180655993	Group D
4:38366090:T:C	4	38366090	C	rs13133642	0.321010935306549	2.55843048619827e-05	0.0008898259732062173	Group D
4:38368635:T:G	4	38368635	G	rs901705	0.481723564863205	0.0076437739559008	0.0013843996667059003	Group D
4:38553286:A:G	4	38553286	G	rs13119129	0.462598466873169	-0.0028059996328593	0.00024334802906619997	Group D
4:38592867:T:C	4	38592867	C	rs7678850	0.352172169089317	-0.0044342476077293	0.0010269712540217002	Group D
4:38593487:G:A	4	38593487	A	rs7654288	0.605155009031296	-4.49672058588257e-05	0.0002067178336250743	Group D
4:38593723:G:A	4	38593723	Group D	rs6811246	0.80101243853569	0.007555783438571	0.007555783438571	Group B
4:38604807:T:C	4	38604807	C	rs337638	0.429773235321045	0.0048383709142756	0.0046115474378112	Group B
4:38618689:A:G	4	38618689	G	rs2126526	0.419204187393189	0.006981709871364	0.0006080718622929002	Group D
4:38626282:T:C	4	38626282	C	rs6531654	0.653506422042847	0.003715962458441	0.0015401155804105	Group D
4:38806827:G:A	4	38806827	A	rs5743557	0.875920134782791	-0.002363567025789	0.0006009961160696998	Group D
4:38830350:A:G	4	38830350	G	rs5743810	0.565694177150726	-0.0036607058878516	0.00015969235719729986	Group D
4:38847917:T:C	4	38847917	C	rs6531673	0.36909921169281	-0.0010782228084218	0.0014246337215855001	Group D
4:38912816:C:T	4	38912816	T	rs7657170	0.276666283607483	0.0	0.0002726728779146	Group D
4:38916914:T:G	4	38916914	G	rs4240248	0.591933560371399	0.0	0.0003499329770016	Group D
4:39700694:C:G	4	39700694	Group D	rs2279850	0.807173484563828	-0.000992197823017	0.000992197823017	Group D
4:40279534:G:A	4	40279534	A	rs9683756	0.37091166973114	-0.0004389679345869	0.0006898004046148999	Group D
4:40318344:A:G	4	40318344	Group D	rs11735437	0.88621267080307	0.0022547837849417	0.0022547837849417	Group D
4:40546500:T:C	4	40546500	Group D	rs425786	0.735583168268204	0.0013767083729505	0.0013767083729505	Group D
4:41259633:C:A	4	41259633	A	rs5030732	0.827233451604843	0.0	8.88159171132105e-05	Group D
4:41416598:C:T	4	41416598	Group D	rs7349673	0.772039079666138	0.0023862342392989	0.0023862342392989	Group D
4:41417193:G:A	4	41417193	A	rs4426816	0.557428187131882	0.0	0.0005959740889498	Group D
4:42297029:G:A	4	42297029	A	rs4861182	0.360867720842361	-1.73332693623249e-05	0.0003402318956742751	Group D
4:42331579:T:C	4	42331579	C	rs748360	0.421030393242836	0.0	0.0001033504823889	Group D
4:48082095:C:T	4	48082095	T	rs11724347	0.801117342710495	0.0	0.0005424061606269	Group D
4:48444367:A:C	4	48444367	C	rs1565220	0.335349318385124	0.0017208457028254	0.0005470234199370001	Group D
4:53289704:T:C	4	53289704	C	rs986545	0.500262269377708	-0.0002390223304996	0.00024076361557600002	Group D
4:54011526:A:G	4	54011526	G	rs7675987	0.364583215117455	0.0039200376322795	0.00021028789637440003	Group D
4:54460824:C:A	4	54460824	A	rs1464028	0.455760318040848	0.0	0.0002122143444972	Group D
4:54475336:G:T	4	54475336	T	rs2668517	0.562067079544067	0.0	0.0001557683792259	Group D
4:54959591:A:G	4	54959591	G	rs79168501	0.754034006595612	0.0138604630061522	0.0096713410486969	Group A
4:55283481:T:C	4	55283481	C	rs12507641	0.479174998402596	0.0	0.0006144992041657	Group D
4:55986562:G:A	4	55986562	A	rs1531290	0.454885476827622	0.0009118293081741	0.0006252665909165999	Group D
4:56276334:T:C	4	56276334	C	rs11943456	0.583230963349342	0.0	0.0002307206809885	Group D
4:56718473:A:G	4	56718473	G	rs1979063	0.391992622613907	-0.0018226094239424	0.00040921718808139976	Group D
4:56927194:A:C	4	56927194	C	rs2412721	0.217781794071198	0.0	0.0003765388775542	Group D
4:56945325:A:G	4	56945325	Group D	rs2412717	0.840659558773041	0.0010206169400964	0.0010206169400964	Group D
4:57797414:C:T	4	57797414	T	rs3796529	0.31340419948101	-0.0066993725279429	0.0005442545649902005	Group D
4:58883326:C:A	4	58883326	A	rs781468	0.286622084677219	0.0	0.0002836088881455	Group D
4:59725460:T:C	4	59725460	C	rs1463171	0.24835319519043	-0.0001244672075586	0.00032387491434279997	Group D
4:59842999:A:G	4	59842999	G	rs11932542	0.234392674267292	-0.000647537191473	0.0004054432277073001	Group D
4:60164589:G:A	4	60164589	A	rs9312092	0.264431990683079	0.0	7.56438280379671e-05	Group D
4:60178068:A:G	4	60178068	G	rs17089569	0.225167497992516	0.0	0.0005853724607786	Group D
4:60217601:T:C	4	60217601	C	rs10022990	0.269474375247955	0.0	0.0004890410551633	Group D
4:61975533:A:G	4	61975533	G	rs1449618	0.37021419107914	0.0	0.0003114389185953	Group D
4:63183246:G:A	4	63183246	A	rs1459807	0.56834788620472	0.0025467462367338	0.0007677432814751999	Group D
4:66613508:C:T	4	66613508	T	rs2350334	0.325672769546509	0.0	0.0003380427539589	Group D
4:66904918:C:T	4	66904918	T	rs6819941	0.384294056892395	0.0	0.0003273918438488	Group D
4:66943110:T:C	4	66943110	C	rs6551993	0.566675180196762	0.0	9.61035654113349e-05	Group D
4:67009474:A:G	4	67009474	G	rs1461827	0.488086614012718	0.0	8.5286521004849e-05	Group D
4:67830581:C:A	4	67830581	A	rs12643482	0.457725948095322	0.003506554604656	0.0009910561747225	Group D
4:68450302:C:T	4	68450302	T	rs2087176	0.188654208928347	0.0	0.0002737307747569	Group D
4:68594340:C:T	4	68594340	T	rs1038432	0.141414930671453	0.0032937674204058	0.0007286402716351996	Group D
4:69343287:A:G	4	69343287	G	rs976002	0.424519026279449	0.0036079980919617	0.0005409964881049004	Group D
4:69536084:A:C	4	69536084	C	rs1902023	0.447084900736809	0.0	0.0001852442341857	Group D
4:70704542:G:A	4	70704542	Group D	rs1910465	0.741222101449966	0.0012691198693901	0.0012691198693901	Group D
4:71232701:C:T	4	71232701	T	rs6853742	0.256865200400353	0.0008526127113823	0.00046167409378150006	Group D
4:72618323:G:T	4	72618323	T	rs4588	0.669005292654038	-0.0028601202913593	0.00031772090667230024	Group D
4:72618334:A:C	4	72618334	C	rs7041	0.638928014039993	0.0006639026769668	8.079889871160002e-05	Group D
4:73117353:A:G	4	73117353	G	rs1554017	0.334060555696487	0.0	0.0006319385891462	Group D
4:73514262:A:G	4	73514262	G	rs1878759	0.493880453705788	0.0	8.22364150328048e-05	Group D
4:74881968:T:C	4	74881968	Group D	rs422140	0.895708382129669	0.0008561275690203	0.0008561275690203	Group D
4:75669794:A:G	4	75669794	G	rs28696767	0.660087937116623	0.0001165745818084	0.0008250276540446	Group D
4:75977125:G:A	4	75977125	A	rs3919612	0.098669321089983	0.0003474675719681	0.0008354411722084	Group D
4:76576116:G:A	4	76576116	A	rs9306994	0.387796205282211	0.0031381722488029	0.0007326657107250998	Group D
4:77033590:C:T	4	77033590	T	rs1128864	0.418938311934471	0.0	0.0004039369919293	Group D
4:77536598:G:A	4	77536598	A	rs3733247	0.271274277567863	0.0	0.0004072958378467	Group D
4:77910530:G:A	4	77910530	A	rs2055209	0.445198661088944	-0.0016678931141992	0.0006501315700645001	Group D
4:80807604:A:G	4	80807604	G	rs11931136	0.361752060055733	-0.0011528736916113	0.0058210492073926005	Group B
4:80809997:G:A	4	80809997	A	rs6534625	0.328447903692722	0.0	0.00184455759806	Group D
4:80827062:T:C	4	80827062	Group D	rs7747	0.73817566037178	-0.0035030936330562	0.0035030936330562	Group D
4:80829204:A:G	4	80829204	G	rs6534643	0.450292611122131	0.0	0.0009233778821388	Group D
4:80883021:T:C	4	80883021	C	rs4312703	0.510733291506767	0.0	0.0079843629964635	Group B
4:80931982:G:A	4	80931982	A	rs4690135	0.244377782940865	0.0	0.0001692237217564	Group D
4:80958253:G:A	4	80958253	Group D	rs10033356	0.884170722961426	-0.0155405012233276	0.0155405012233276	Group A
4:80988478:C:T	4	80988478	T	rs11730030	0.53842451274395	0.0	0.0009141161266798	Group D
4:81430314:A:G	4	81430314	Group D	rs10857170	0.797535508871079	0.0007625705067274	0.0007625705067274	Group D
4:81764113:G:A	4	81764113	A	rs6849668	0.481399548053742	0.0	0.0007434209396505	Group D
4:83153179:G:T	4	83153179	T	rs2583636	0.430361005663872	0.0	0.0005457389704611	Group D
4:83503020:C:A	4	83503020	A	rs4693460	0.271367953717709	-0.0090808534283215	0.000199006733291901	Group D
4:83562569:A:G	4	83562569	G	rs6535363	0.421854344010353	-0.0039027060867216	0.00042813268886989983	Group D
4:83582211:C:G	4	83582211	G	rs3733227	0.429775124788284	0.0080677854500896	0.00012002649429929992	Group D
4:83611744:T:C	4	83611744	C	rs1395369	0.335407581925392	0.0	0.0004729721181492	Group D
4:83838262:G:T	4	83838262	T	rs897945	0.25562190413475	-0.0058361590169544	0.0002980957663133001	Group D
4:85274948:G:A	4	85274948	A	rs1442164	0.38928981423378	0.0	7.42275319332714e-06	Group D
4:85447672:A:G	4	85447672	G	rs6812841	0.277955269813538	0.0	0.0006167257271314	Group D
4:85571339:A:G	4	85571339	G	rs1372971	0.361557921767235	0.0	0.0009066667612139	Group D
4:85873451:C:T	4	85873451	T	rs6531779	0.77917160987854	0.002505471687201	0.0024144996571456804	Group D
4:86339854:C:A	4	86339854	A	rs168152	0.616805118322372	0.0	0.0005219364273712	Group D
4:86912951:G:A	4	86912951	A	rs11724681	0.153254660964012	-0.0001716344338971	0.0007362624718134001	Group D
4:87945401:G:T	4	87945401	Group D	rs34140562	0.732585114240646	0.0004478501253863	0.0004478501253863	Group D
4:88003262:G:T	4	88003262	T	rs17668952	0.826922965049744	0.0040329068413385	0.0018981647211263998	Group D
4:88290265:G:A	4	88290265	A	rs10028441	0.293774868547916	0.0	0.0003099445670066	Group D
4:88293745:A:G	4	88293745	G	rs6849846	0.458870446681976	0.0	0.0023681650591578	Group D
4:88307252:T:G	4	88307252	Group D	rs6811010	0.801390081644058	0.00304888517367	0.00304888517367	Group D
4:89052323:G:T	4	89052323	T	rs2231142	0.628139823675156	0.0	0.0008133871863118	Group D
4:89062285:T:G	4	89062285	G	rs4148149	0.437367337942123	0.0004472357945185	0.0003141319171839	Group D
4:89203670:A:G	4	89203670	G	rs893971	0.718280494213104	0.0	0.000747307516467	Group D
4:89204093:C:T	4	89204093	T	rs17732955	0.777683180570602	0.002339092142064	0.0021686513831651	Group D
4:89739479:C:T	4	89739479	T	rs13131633	0.362651905417442	7.49745265531554e-05	0.0005326237765190447	Group D
4:89743821:G:T	4	89743821	Group D	rs3775373	0.766093784570694	-0.0007005853577918	0.0007005853577918	Group D
4:89931070:C:T	4	89931070	T	rs12505696	0.850685596466065	-0.0050363166576112	0.0021607324240097998	Group D
4:89978456:A:G	4	89978456	Group D	rs11097211	0.76409575343132	-0.0007492514571575	0.0007492514571575	Group D
4:90004188:A:G	4	90004188	G	rs12506327	0.484202265739441	0.0	0.0017226455899392	Group D
4:90816294:A:G	4	90816294	G	rs1442138	0.683028966188431	0.0	0.0006873470993063	Group D
4:92246344:G:A	4	92246344	A	rs3762827	0.660195422172546	0.0017243749106589	0.00047295270290500005	Group D
4:92390408:C:A	4	92390408	A	rs17018547	0.271988260746002	0.0035374718736323	0.0012824483497573002	Group D
4:94618455:C:T	4	94618455	T	rs4693334	0.154339352250099	0.0005319380248676	0.0009736241940301001	Group D
4:94805046:G:A	4	94805046	A	rs4359863	0.304559038579464	0.0	0.0004426854895462	Group D
4:94995064:T:G	4	94995064	G	rs10005131	0.368143656849861	-0.0018049713355033	0.0011919734775887997	Group D
4:94996110:A:C	4	94996110	C	rs7658581	0.403440937399864	-0.0014803865445701	0.0004023806988944999	Group D
4:95561459:A:G	4	95561459	G	rs7690296	0.508310467004776	0.0006663974124755	0.0007232796032033	Group D
4:97805511:A:G	4	97805511	G	rs12651219	0.232182155549526	-0.0002927325509305	0.0008632387279529001	Group D
4:100175530:G:A	4	100175530	A	rs4699738	0.240725283324719	0.0	0.0002831788436526	Group D
4:100332057:A:G	4	100332057	G	rs284789	0.250856111943722	0.0005556046984141	0.0007189285008631	Group D
4:100516022:C:G	4	100516022	G	rs2306985	0.232472190260887	0.000250538319929	0.0004974628366931001	Group D
4:101942483:T:C	4	101942483	C	rs10000538	0.578495779633522	-0.0001311679736119	0.0004580843866415	Group D
4:101942847:T:C	4	101942847	C	rs34422081	0.341931673884392	-0.0007826964564734	0.00012642150670139996	Group D
4:102492778:T:C	4	102492778	C	rs2723055	0.353586667776108	0.0	0.0005867212637758	Group D
4:102505179:C:T	4	102505179	T	rs2615959	0.336752432584763	-0.001206222188464	0.0005735840264121002	Group D
4:102617300:A:G	4	102617300	G	rs2866427	0.347211754322052	-0.0001483372597912	0.00034040291010409995	Group D
4:102709308:T:C	4	102709308	C	rs11097755	0.475341907143593	0.0025562616927763	0.0005426974224795999	Group D
4:102726095:G:A	4	102726095	A	rs6833764	0.345395860075951	0.0	0.0009990520886934	Group D
4:102839287:G:A	4	102839287	A	rs3733197	0.261540022492409	-0.0030142306414088	0.0010568116105612	Group D
4:103107786:T:C	4	103107786	C	rs439538	0.283921907842159	0.0	0.0002637941919054	Group D
4:103557077:G:A	4	103557077	A	rs2866413	0.237460014224052	0.0148490112994605	0.00025396787832709933	Group D
4:103964529:A:C	4	103964529	C	rs2276976	0.399581453204155	0.0	0.0004671468179183	Group D
4:104690656:G:A	4	104690656	A	rs10005574	0.303269869089127	0.0002250278532811	0.0004589603162626	Group D
4:105231571:C:T	4	105231571	Group D	rs10002598	0.425680875778198	2.73020749424151e-05	2.73020749424151e-05	Group D
4:105250110:C:T	4	105250110	T	rs12511245	0.451689377427101	5.86014284072262e-05	0.0005130791974301738	Group D
4:105306929:T:C	4	105306929	C	rs6843675	0.43480532169342	-0.0022127334141984	0.0002790895773445998	Group D
4:105457180:G:A	4	105457180	A	rs7675301	0.255517293512821	0.0005850772019406	0.00040343420879239997	Group D
4:106071064:A:G	4	106071064	Group D	rs974801	0.796978950500488	0.0017965302589137	0.0017965302589137	Group D
4:106196951:A:G	4	106196951	G	rs2454206	0.683427476882935	-0.0062725128249857	0.0008449126609326001	Group D
4:106467767:C:T	4	106467767	T	rs17617811	0.467882707715035	-0.0005901287313133	0.0008846908404943999	Group D
4:106792380:C:T	4	106792380	T	rs2553440	0.358438828587532	-0.0002274279752189	0.0005393311345025001	Group D
4:106819053:G:A	4	106819053	A	rs34712979	0.675192087888718	-0.0003779160400117	0.00014041298595020003	Group D
4:106861730:A:G	4	106861730	G	rs4340795	0.371081832051277	0.0	0.0005644715058616	Group D
4:107394976:T:C	4	107394976	C	rs10516535	0.768066453933716	-0.0018780800091607	0.0014377411031416	Group D
4:108639491:A:C	4	108639491	C	rs2726207	0.634284466505051	-0.000452857101136	0.0004716640427631	Group D
4:108837809:A:G	4	108837809	G	rs17498593	0.615720808506012	0.0001651570202079	0.0004616642788519	Group D
4:108861082:T:C	4	108861082	C	rs1493132	0.473919832706451	-0.0002229901444891	6.096674124169999e-05	Group D
4:108999366:G:A	4	108999366	Group D	rs4956157	0.863036149740219	0.0010000003611002	0.0010000003611002	Group D
4:109025865:T:C	4	109025865	C	rs7690934	0.575348800420761	2.4727473758448e-05	0.000130567227874352	Group D
4:109030320:G:T	4	109030320	T	rs7698317	0.293833288550377	6.62564439256162e-05	6.563360553231597e-06	Group D
4:109095552:G:A	4	109095552	A	rs6854803	0.41773174405098	0.0005814857479691	0.0007073172611031	Group D
4:109511198:G:A	4	109511198	A	rs3796937	0.219102984666824	-0.0007028850048525	0.00044987176313000007	Group D
4:109711994:T:C	4	109711994	C	rs1840063	0.304940932989121	0.0	0.0002360663753228	Group D
4:110659067:T:C	4	110659067	C	rs10033900	0.491555148363113	0.0002430599960578	0.00023745960865220002	Group D
4:110829734:G:A	4	110829734	A	rs10021157	0.328486442565918	-0.0003012010630214	0.0063519391328524	Group B
4:110834110:A:G	4	110834110	Group D	rs4444903	0.783488529920578	-0.0059983987888433	0.0059983987888433	Group B
4:111132434:T:C	4	111132434	C	rs12499413	0.721697199344635	-0.0007036866343737	0.000395623369404	Group D
4:111170945:C:T	4	111170945	T	rs4698818	0.58505437374115	0.0	0.0002984584172623	Group D
4:111173378:A:G	4	111173378	G	rs1482470	0.481209093332291	-0.001360796600338	0.00022944644591530003	Group D
4:111220892:T:G	4	111220892	G	rs244050	0.654466891288757	0.0004401747817694	0.0005491189537699	Group D
4:111997314:T:C	4	111997314	C	rs159482	0.283664546906948	-0.0013430254547974	0.00036266993411850014	Group D
4:112428657:G:A	4	112428657	A	rs1394002	0.545920222997665	0.0009209498119633	0.0005221086391950001	Group D
4:113079391:T:C	4	113079391	C	rs1040278	0.351738655567169	0.0	0.0051895865238644	Group B
4:113104605:G:A	4	113104605	Group D	rs10516586	0.736271876096726	-0.0068259647045861	0.0068259647045861	Group B
4:113240137:T:G	4	113240137	G	rs7658770	0.627506220340729	-0.00118430282785	0.0010884204858883	Group D
4:114017352:G:A	4	114017352	A	rs17476377	0.251907525956631	-0.0013346221498576	0.0006426428092543	Group D
4:114024092:G:A	4	114024092	A	rs313958	0.331519731879234	0.0	0.0003673191928904	Group D
4:114058359:C:T	4	114058359	T	rs13135212	0.612154763936997	0.0	2.29307962156432e-05	Group D
4:114164585:T:G	4	114164585	G	rs362503	0.342784944176674	0.0	8.2611745089017e-05	Group D
4:114180042:G:A	4	114180042	A	rs29336	0.386513435840607	0.0	0.0003329203144084	Group D
4:114418142:C:T	4	114418142	T	rs757174	0.612431561946869	0.0	8.47264556458062e-05	Group D
4:115264948:T:C	4	115264948	C	rs4418044	0.31579205840826	0.0	0.0002340822125006	Group D
4:116920093:A:G	4	116920093	G	rs2045320	0.15784604549408	-0.0012905702944168	0.00027476262063569996	Group D
4:118666423:G:A	4	118666423	A	rs936437	0.565107774734497	0.00207197420155	0.0005959950856186001	Group D
4:119219909:C:A	4	119219909	A	rs28661939	0.566171550750732	0.0	0.0004427461071871	Group D
4:119812197:T:C	4	119812197	C	rs10518319	0.430524802207947	0.0034091981018494	0.0007527208159387004	Group D
4:120241902:T:C	4	120241902	C	rs1799883	0.366190847754478	-0.0021224805855721	0.0004726675143980003	Group D
4:122335493:A:G	4	122335493	G	rs2221935	0.215426735579968	-0.0002244906631502	0.0009063161829069	Group D
4:123041854:C:T	4	123041854	T	rs4833813	0.666766774654388	0.0032484958951852	0.0029819728025691	Group D
4:123497697:G:A	4	123497697	Group D	rs17389644	0.77309427857399	-0.0014549922777151	0.0014549922777151	Group D
4:123500669:T:C	4	123500669	Group D	rs4833836	0.750798451900482	0.0021203586211851	0.0021203586211851	Group D
4:123621228:G:A	4	123621228	A	rs309415	0.604820132255554	0.0001955700221654	0.0012813234476772	Group D
4:124320924:A:G	4	124320924	G	rs300572	0.763872611522675	-0.0016106652983797	0.0015086761875512998	Group D
4:124775472:C:T	4	124775472	T	rs3113392	0.744776314496994	-0.0035809788121679	0.0012256150955061002	Group D
4:125123223:C:T	4	125123223	Group D	rs62320367	0.759075707197189	0.0038444701562909	0.0038444701562909	Group B
4:125128229:C:A	4	125128229	A	rs7685444	0.594198429584503	0.0	0.0012084136894036	Group D
4:125404239:T:C	4	125404239	C	rs962939	0.609326601028442	-0.0003207396439236	0.0010767247463499001	Group D
4:125496652:G:A	4	125496652	A	rs7697525	0.317171767354012	-0.000254025338008	0.0005411517149327999	Group D
4:125518104:C:T	4	125518104	T	rs7682791	0.630245125293732	0.0	7.41982066334471e-05	Group D
4:126186133:G:A	4	126186133	A	rs1396696	0.403251928091049	0.0	0.0005336879950428	Group D
4:126435279:C:A	4	126435279	A	rs1532881	0.352298951148987	-0.0030699310212123	0.0007776588325319003	Group D
4:127251381:G:A	4	127251381	A	rs2391031	0.485444244742394	0.0	0.0004280166152184	Group D
4:127273449:C:T	4	127273449	T	rs1318464	0.601339870691299	0.0002944248358974	0.0005265908348343	Group D
4:127283300:A:G	4	127283300	G	rs6534554	0.276365502178669	-0.0022332800958548	0.0002224344337181999	Group D
4:127290078:G:A	4	127290078	A	rs13110774	0.543773093819618	-0.0002213913328543	0.0007983466078483999	Group D
4:127820239:A:G	4	127820239	G	rs1510672	0.488637492060661	0.0	0.0052767629174788	Group B
4:127837538:G:A	4	127837538	Group D	rs4834155	0.826513874530792	0.0067157387657029	0.0067157387657029	Group B
4:128392771:G:T	4	128392771	T	rs7679411	0.406194469332695	0.0	0.0005922620014375	Group D
4:128959213:G:A	4	128959213	A	rs6848982	0.544170477986336	0.0	0.0008343193849692	Group D
4:129646870:C:T	4	129646870	T	rs13147397	0.63337709903717	-0.0001132721359035	0.0006408862158375	Group D
4:130056276:C:T	4	130056276	T	rs234264	0.369173541665077	0.0	0.0003378335485406	Group D
4:130474564:A:G	4	130474564	G	rs10857140	0.300683811306953	0.000664247006908	0.0007508827026111	Group D
4:130966620:T:C	4	130966620	C	rs1022006	0.488366007804871	0.0015082956441649	0.0006689198203571	Group D
4:133000364:T:C	4	133000364	C	rs958901	0.146491670608521	0.0006453303600207	0.0006894814626416	Group D
4:133160255:G:T	4	133160255	T	rs9997674	0.179274502396584	-0.0014106905308993	0.0001814829599793	Group D
4:134710268:G:A	4	134710268	A	rs41426348	0.285905434191227	0.0	0.0001409134714623	Group D
4:135465881:T:C	4	135465881	Group D	rs11736391	0.789065182209015	-0.0002173736461948	0.0002173736461948	Group D
4:135473527:G:A	4	135473527	A	rs7695759	0.466527515649796	0.0001741066288049	0.0002090789029817	Group D
4:135479705:T:C	4	135479705	C	rs4376195	0.288955640792847	0.0008563583231	5.699175322089998e-05	Group D
4:135548788:T:C	4	135548788	C	rs4552527	0.608708900213242	0.0	0.0003649976945474	Group D
4:135740001:G:A	4	135740001	A	rs11934675	0.2918880879879	0.0	0.0002876710487951	Group D
4:136176700:C:T	4	136176700	T	rs4356958	0.450203877687454	0.0054436876124453	0.0004613443080313997	Group D
4:136847562:C:T	4	136847562	T	rs4339269	0.620054489374161	-0.001618180636683	0.0004558290474637001	Group D
4:137638450:A:G	4	137638450	G	rs6854798	0.363220489025116	0.0	8.06759901982869e-06	Group D
4:137736768:T:C	4	137736768	C	rs1551702	0.348034557700157	0.0031262916757707	0.0004614464015151999	Group D
4:137983318:T:C	4	137983318	C	rs17697523	0.242924071848393	0.0009846592006612	0.0006286810699272999	Group D
4:138170186:C:T	4	138170186	T	rs1028100	0.429419326782227	0.0	0.000129912081245	Group D
4:138367353:C:T	4	138367353	T	rs2406747	0.412344321608543	-0.0001407241615953	0.0007249130140916	Group D
4:138717331:T:C	4	138717331	C	rs7670760	0.443994575738907	-0.0002795726281916	0.00012306823388699999	Group D
4:138722352:C:T	4	138722352	T	rs12500644	0.588826578855515	0.0019327637355744	0.00033333708767759995	Group D
4:139112622:G:A	4	139112622	A	rs6852562	0.440808969736099	-0.0016635963491019	0.0006518672631318002	Group D
4:139365038:G:A	4	139365038	A	rs890444	0.657698678970337	0.0	0.0005057424300371	Group D
4:139406421:G:A	4	139406421	A	rs12644806	0.282873785495758	0.0	0.0001278957252051	Group D
4:139431355:C:T	4	139431355	Group D	rs299113	0.845401674509049	0.0001301710035081	0.0001301710035081	Group D
4:139946648:A:G	4	139946648	Group D	rs17050680	0.73701086640358	-0.000519995109216	0.000519995109216	Group D
4:140650730:A:G	4	140650730	G	rs2246759	0.389575296640396	0.0	0.0001865554603775	Group D
4:140694724:A:G	4	140694724	G	rs7690424	0.376960608363152	0.0	0.0001845278444835	Group D
4:140709444:G:A	4	140709444	A	rs2175458	0.452275410294533	0.0	0.000322338965797	Group D
4:141868515:T:C	4	141868515	Group D	rs1001487	0.815162968635559	-0.0003941889859249	0.0003941889859249	Group D
4:141882245:C:A	4	141882245	A	rs1425444	0.312261578440666	0.001863753796395	0.0007581282071447999	Group D
4:142002088:C:T	4	142002088	T	rs11100702	0.364174044132233	-0.0003040523691362	0.00024012794450699998	Group D
4:142009987:A:G	4	142009987	G	rs17006859	0.254074262082577	0.0003727250928996	0.0003903558727117	Group D
4:142197917:T:C	4	142197917	C	rs6840028	0.352587822079659	0.0011827008705229	0.0007879155415171	Group D
4:143326714:T:G	4	143326714	G	rs7696969	0.712494945526123	-0.0019218087243838	8.502136257130003e-05	Group D
4:143344473:T:C	4	143344473	C	rs3756125	0.235548670589924	-0.0006139365559306	0.0005300990003212001	Group D
4:143440337:C:T	4	143440337	T	rs17016304	0.315476149320602	0.0	0.0002084371754607	Group D
4:143450575:T:C	4	143450575	C	rs975136	0.398661038279533	-0.000401794781388	0.0007310215389433999	Group D
4:143899411:G:T	4	143899411	T	rs17017056	0.387398302555084	0.0	0.000796951309068	Group D
4:144255838:T:C	4	144255838	C	rs300895	0.580033022165299	0.0	0.0034141371219883	Group D
4:144257116:C:T	4	144257116	Group D	rs300893	0.838109409809113	0.0051061309201793	0.0051061309201793	Group B
4:144426798:C:T	4	144426798	T	rs11730153	0.13737874776125	0.0	0.0004576329390922	Group D
4:144443350:C:T	4	144443350	T	rs7685063	0.220816020667553	0.0	8.21564439012637e-05	Group D
4:144480013:G:A	4	144480013	A	rs924233	0.681994986534119	0.0	2.39225644856265e-06	Group D
4:144715570:A:C	4	144715570	C	rs1825040	0.274414996802807	0.0	0.0004215097614903	Group D
4:144825754:T:C	4	144825754	C	rs9997931	0.471300539374352	0.0	0.0019335906282429	Group D
4:144842638:T:G	4	144842638	Group D	rs1822841	0.818764984607697	0.0050046043021514	0.0050046043021514	Group B
4:144908114:G:A	4	144908114	A	rs1877235	0.500904631614685	0.0	0.0013079539951725	Group D
4:144918712:C:G	4	144918712	G	rs1132783	0.552734482288361	0.0	0.0002278931401531	Group D
4:145056487:C:T	4	145056487	T	rs13103731	0.525059655308723	0.0033316145961172	0.0004985007554952998	Group D
4:146469938:G:A	4	146469938	A	rs11724813	0.238824139535427	0.0	0.0003710070013122	Group D
4:147177341:G:A	4	147177341	A	rs1057560	0.71638605594635	0.0004874137052426	0.0007072131625724	Group D
4:147535168:G:A	4	147535168	A	rs2134852	0.409042364358902	0.0	0.0003557098834758	Group D
4:147766118:T:C	4	147766118	C	rs4835349	0.364598003029823	0.0	0.0006264540469962	Group D
4:147824864:G:A	4	147824864	Group D	rs17610219	0.542779070138931	-0.0001814084913426	0.0001814084913426	Group D
4:148344745:C:A	4	148344745	A	rs1896819	0.33953243792057	0.0	7.18380495155783e-05	Group D
4:148451834:G:A	4	148451834	A	rs2048894	0.577385395765305	0.0007093397371244	0.0005900668760033	Group D
4:148477877:T:C	4	148477877	C	rs1517137	0.584202438592911	-0.0005475598868332	0.0004407078205787001	Group D
4:149358014:G:C	4	149358014	C	rs2070951	0.563875508308411	0.0015846184480661	0.00031675467038770003	Group D
4:151185651:A:C	4	151185651	C	rs11059	0.448923093080521	-0.0018592174476771	0.0005899725262982999	Group D
4:151199080:G:A	4	151199080	A	rs2290846	0.611417239904404	0.0006631412393253	0.00022284230103860003	Group D
4:151207127:C:T	4	151207127	Group D	rs3749574	0.581727284193039	0.0002923511917528	0.0002923511917528	Group D
4:152445831:A:C	4	152445831	C	rs2053566	0.31282799243927	6.11330434293208e-05	0.0007912127592406792	Group D
4:152958691:T:C	4	152958691	C	rs17276212	0.273544445633888	0.0	0.0001672486941295	Group D
4:152980406:G:A	4	152980406	A	rs6842274	0.440721213817596	0.0013698407798739	0.000435170924447	Group D
4:153010468:C:T	4	153010468	T	rs11943769	0.291135527193546	0.0	5.27384771157476e-05	Group D
4:153075491:A:G	4	153075491	G	rs6827083	0.53961706161499	0.0054557275748057	0.0002292262459013001	Group D
4:153109365:C:T	4	153109365	T	rs13119810	0.560976648330689	0.0	0.0001432369725964	Group D
4:154579793:G:A	4	154579793	A	rs6819564	0.649255156517029	0.0	0.0001507281678175	Group D
4:154590349:A:G	4	154590349	G	rs6835636	0.408154210448265	-0.0018435915640979	0.0005523720801621	Group D
4:154631587:C:G	4	154631587	G	rs1337	0.683834773302078	0.0017465867917232	0.0006230879414649997	Group D
4:155241572:G:A	4	155241572	A	rs11935573	0.748593437671661	0.0	0.0002313490376062	Group D
4:155287535:T:C	4	155287535	C	rs10017772	0.506822499632835	0.0024041305188052	0.0003050424148842998	Group D
4:155410667:G:A	4	155410667	A	rs55810732	0.807949686050415	0.0	0.0001132029229793	Group D
4:155412464:C:T	4	155412464	T	rs13149269	0.325592029094696	0.0	0.0002384949171146	Group D
4:155433663:T:C	4	155433663	C	rs7690851	0.37232928276062	0.0	0.0001476314207474	Group D
4:155507590:T:C	4	155507590	C	rs6050	0.501601555943489	0.0	0.0003794616670418	Group D
4:155678345:C:T	4	155678345	T	rs156501	0.341016599535942	0.0	0.0003121177605763	Group D
4:156052085:G:A	4	156052085	A	rs12643129	0.480156695842743	-0.0003167586422738	0.0006799846564577001	Group D
4:156273768:T:C	4	156273768	C	rs2305050	0.339032343029976	-0.0015795176227579	0.00013645400037720005	Group D
4:156297173:T:C	4	156297173	Group D	rs41280487	0.811407059431076	-0.0004298806105188	0.0004298806105188	Group D
4:156504520:T:C	4	156504520	C	rs2200168	0.693518632650375	0.003196841825535	0.0006811099451263999	Group D
4:156642800:T:C	4	156642800	C	rs3796582	0.546303454041481	0.0	0.0002189420204096	Group D
4:156646960:G:A	4	156646960	A	rs1384623	0.489072552323341	-0.0001329010457011	0.0003456261432966	Group D
4:158901664:G:A	4	158901664	A	rs4072169	0.540031066536903	0.0029100174394128	0.0009723815936297001	Group D
4:159631991:G:T	4	159631991	T	rs9410	0.110814393311739	0.0	0.0004548831833441	Group D
4:159894391:G:A	4	159894391	A	rs17037864	0.679114186763763	0.0004983211260384	3.5819153327400015e-05	Group D
4:159948180:C:T	4	159948180	T	rs7660477	0.638443672657013	0.0005244883699666	0.0004036224684812	Group D
4:161718544:T:C	4	161718544	C	rs3909235	0.315781600773335	0.0007284500597828	0.0007626704733836	Group D
4:162424868:T:C	4	162424868	C	rs17339916	0.322327494621277	-0.000228570298739	0.000708831574625	Group D
4:163428909:A:C	4	163428909	C	rs1870600	0.305486351251602	0.0010445881458297	0.0007740372674425	Group D
4:163955254:A:G	4	163955254	G	rs4130505	0.37744197845459	-0.0002147824004326	0.0007368898603503	Group D
4:164440581:T:C	4	164440581	C	rs1561736	0.24562062472105	0.0	9.43010760064217e-05	Group D
4:165397565:G:A	4	165397565	A	rs1587916	0.345613071322441	-0.0006701313558754	0.0008593202687003999	Group D
4:165614362:T:C	4	165614362	C	rs11935111	0.283543729782105	-0.0007714052214477	0.0009245135405928999	Group D
4:165722233:C:T	4	165722233	T	rs9999138	0.492818054556847	0.0	0.0006609523520726	Group D
4:166448674:G:A	4	166448674	A	rs1438118	0.350693678855896	-0.0017677789331197	0.0002767619986180998	Group D
4:166772855:A:C	4	166772855	C	rs12642989	0.530008190870285	0.0	0.000346545694882	Group D
4:167571706:T:C	4	167571706	C	rs28408994	0.278316421806812	0.0005282323143303	0.0006205033259804	Group D
4:167659185:T:C	4	167659185	C	rs17519417	0.275875371694565	-0.0026968532477377	0.0001448722648708001	Group D
4:167695661:T:G	4	167695661	G	rs897511	0.299758568406105	-0.0002606416770592	0.0004148664074761	Group D
4:167843608:T:C	4	167843608	C	rs10020692	0.203429138660431	0.0	0.0002931889967722	Group D
4:168013069:A:C	4	168013069	C	rs12505847	0.306638003885746	0.0	9.86046449069112e-05	Group D
4:168118840:C:A	4	168118840	A	rs10213065	0.283439938724041	0.0	0.0001154172311041	Group D
4:168732980:C:T	4	168732980	T	rs6845075	0.473718890547752	0.000487493725403	0.00036136158325309994	Group D
4:169083694:A:C	4	169083694	C	rs6836994	0.396838784217834	-0.0016430998235155	0.0003913150442361002	Group D
4:169282355:T:C	4	169282355	C	rs2684348	0.363791778683662	0.0022298044142682	0.00034151564508769997	Group D
4:169343044:A:G	4	169343044	G	rs61740705	0.804971426725388	0.0	0.0003120181386107	Group D
4:169928842:G:T	4	169928842	T	rs2877380	0.464510604739189	-0.0024128187601707	0.0004194076172811998	Group D
4:169977902:G:A	4	169977902	A	rs12498384	0.483729019761086	0.0	0.0007058673007336	Group D
4:169990206:A:C	4	169990206	C	rs4692561	0.468781170248985	0.0	0.0002677190334688	Group D
4:170166749:C:T	4	170166749	T	rs1876396	0.526844441890717	0.0	0.00033588507473	Group D
4:171050467:G:A	4	171050467	A	rs488603	0.372586730122566	0.0001986611357991	0.0007392635284969	Group D
4:171403782:A:G	4	171403782	G	rs2612420	0.410437965393066	0.002757115352876	0.0005144653982963	Group D
4:172088682:C:A	4	172088682	A	rs13121902	0.416671741008759	0.0	0.0005424887163535	Group D
4:172987596:C:A	4	172987596	A	rs1566950	0.334630320966244	-0.0022193356104746	0.0005668394710766	Group D
4:174468015:C:T	4	174468015	Group D	rs2332750	0.804089742898941	0.001110022910416	0.001110022910416	Group D
4:174591579:T:C	4	174591579	C	rs6841699	0.344422271847725	0.0	0.0003925642303036	Group D
4:175225452:G:A	4	175225452	A	rs4695918	0.271299606561661	-0.0010121593189161	0.0003070337931283	Group D
4:175515940:G:A	4	175515940	A	rs12498589	0.715020048618317	-0.0024049630396461	0.0008260077692643997	Group D
4:177098285:G:A	4	177098285	A	rs17625943	0.267879264056683	2.36902770879618e-05	0.0005225514177179383	Group D
4:177113779:T:C	4	177113779	C	rs12502935	0.686335355043411	-0.0012548545820192	0.0001554811736230999	Group D
4:177401450:G:A	4	177401450	Group D	rs17063114	0.780715483427048	-0.0027315702340479	0.0027315702340479	Group D
4:177401995:A:G	4	177401995	G	rs10023016	0.441427946090698	0.0	0.0009326361611291	Group D
4:177514289:T:C	4	177514289	C	rs13125916	0.44335028231144	0.000813611654136	0.001092148389974	Group D
4:178152876:G:A	4	178152876	A	rs6821871	0.246057197451592	0.0	3.37954857944505e-05	Group D
4:178506363:T:G	4	178506363	G	rs17065006	0.411968177556992	0.0	0.0003950370640942	Group D
4:178886008:G:A	4	178886008	A	rs10866222	0.640532493591309	-0.0026798540078521	0.0003105618423530003	Group D
4:180014056:T:G	4	180014056	G	rs11131908	0.677644610404968	0.0007339458069806	0.00043636848309449997	Group D
4:180337114:C:A	4	180337114	A	rs1455659	0.49795255959034	2.10903289952444e-05	0.00042422224305125564	Group D
4:180891208:C:T	4	180891208	T	rs4277813	0.382605111598969	0.0003331275070688	0.0006967443947608	Group D
4:181273259:T:C	4	181273259	C	rs6839696	0.361177390813828	0.0	0.000695863050971	Group D
4:181315715:G:A	4	181315715	Group D	rs4296712	0.841825360059738	0.0003413846736715	0.0003413846736715	Group D
4:181471913:G:A	4	181471913	A	rs6851088	0.256299294531345	0.0003074602254467	0.0004742409396007	Group D
4:182916588:T:C	4	182916588	C	rs17222326	0.727080076932907	0.0	0.0006383360826859	Group D
4:184226291:C:T	4	184226291	T	rs13108469	0.205437876284122	0.000394203413671	0.0006456179704329	Group D
4:184291882:G:A	4	184291882	A	rs17074692	0.294955855607986	0.0010521546834647	0.0009786115650445	Group D
4:184292904:A:G	4	184292904	Group D	rs4862171	0.373154854774475	-0.0001835202092611	0.0001835202092611	Group D
4:184427580:A:G	4	184427580	Group D	rs62358469	0.826987808942795	-0.0015632882214273	0.0015632882214273	Group D
4:184471255:C:T	4	184471255	T	rs11726805	0.380106770992279	0.0013351376519533	0.0008207325723729999	Group D
4:184612553:G:C	4	184612553	C	rs67383011	0.300797149538994	0.0051567209748668	0.0008181596590144001	Group D
4:185012398:T:C	4	185012398	C	rs4479748	0.53616960644722	-0.0015391598561391	0.00039404508242890006	Group D
4:185191779:G:A	4	185191779	A	rs4862347	0.750371146202087	0.0024535309182744	0.0015672239852553998	Group D
4:185355881:G:A	4	185355881	A	rs12643218	0.700662797689438	-0.0003175336747048	0.0005457156953475	Group D
4:185356911:G:A	4	185356911	A	rs13139310	0.592056453227997	0.0	9.01895214160091e-05	Group D
4:185400748:G:A	4	185400748	A	rs7658103	0.739708656072617	0.004372153208827	0.001654166975682	Group D
4:185713349:T:C	4	185713349	C	rs13144160	0.229965361952782	0.0	0.0002798695219174	Group D
4:185775699:G:A	4	185775699	Group D	rs4862437	0.755306667089462	-0.0010269501483969	0.0010269501483969	Group D
4:185776616:G:A	4	185776616	A	rs13144344	0.793708372116089	0.0015767161565011	0.0006275535446239001	Group D
4:185913951:C:A	4	185913951	A	rs6854951	0.411853986978531	0.0	2.23922621957715e-05	Group D
4:186029032:A:C	4	186029032	C	rs2310155	0.374840939044952	0.0006875982778804	0.0008556866239989	Group D
4:186111639:T:C	4	186111639	C	rs1133657	0.331311085820198	0.0002859490342664	0.0001129851831389	Group D
4:186571441:C:T	4	186571441	T	rs6821894	0.342623910307884	-0.003042220880199	0.0009464588890297997	Group D
4:186695598:G:A	4	186695598	Group D	rs11132347	0.767015427350998	-0.0005194985694499	0.0005194985694499	Group D
4:186696269:A:G	4	186696269	G	rs2133380	0.419127497076988	0.0	0.0002685637001433	Group D
4:186749213:G:T	4	186749213	Group D	rs62335736	0.743983268737793	0.0008826464981178	0.0008826464981178	Group D
4:186947989:C:T	4	186947989	T	rs4862626	0.332048997282982	0.0013970168855583	0.0008728367585165999	Group D
4:187122009:C:A	4	187122009	A	rs7687961	0.128326923400164	0.0015504700427306	0.0007112859706115999	Group D
4:187492881:A:G	4	187492881	G	rs11930659	0.400088745355606	0.0	0.0002842551994487	Group D
4:188520784:G:A	4	188520784	A	rs10213208	0.338295519351959	0.0005352057317954	0.0006777914337196001	Group D
4:188549237:T:C	4	188549237	C	rs1605099	0.33320631980896	0.0005405779776832	0.0004590108679974	Group D
4:189061675:A:AT	4	189061675	AT	rs113738610	0.0	0.0007483151353998	0.00036591253596909986	Group D
4:189158163:G:A	4	189158163	Group D	rs4863421	0.762899214029312	-0.0005574744849114	0.0005574744849114	Group D
4:189221207:G:A	4	189221207	A	rs6830572	0.50381723344326	0.0	0.0004368012600759	Group D
4:190221296:C:T	4	190221296	T	rs9998207	0.38891479074955	0.0	0.0005768451434705	Group D
4:190223085:G:A	4	190223085	Group D	rs13133883	0.753766095638275	-0.0012609503490673	0.0012609503490673	Group D
4:190414241:A:G	4	190414241	G	rs6838957	0.288302671909332	0.000840106456909	0.0009290178010808001	Group D
5:174106:G:A	5	174106	A	rs4956987	0.274929867684841	0.0	8.84609751092438e-05	Group D
5:477968:G:A	5	477968	A	rs2278254	0.307429245114327	0.0016124527748234	0.0005751900633786998	Group D
5:1081767:C:T	5	1081767	T	rs4526148	0.356486895680428	0.0032496441923168	0.00039585602768550015	Group D
5:1129746:A:G	5	1129746	G	rs11951225	0.532522329688072	0.0	0.0003126633937095	Group D
5:1362793:T:C	5	1362793	C	rs27061	0.687732023000717	-0.0001583990610801	0.0008354372910748999	Group D
5:1467004:A:G	5	1467004	G	rs35452723	0.784713190793991	-0.0024579275691178	0.0006000269106250997	Group D
5:1499806:A:G	5	1499806	G	rs36986	0.529239705204964	-0.0018224782461931	0.0015244723362227	Group D
5:1503610:T:C	5	1503610	Group D	rs36979	0.815892493724823	-0.0009661505023985	0.0009661505023985	Group D
5:1687965:G:A	5	1687965	A	rs16883191	0.301841413974762	0.0	0.0004993825014648	Group D
5:1744484:G:A	5	1744484	A	rs1392466	0.550462454557419	-0.0003640465939182	0.0008331017663296	Group D
5:2056586:A:G	5	2056586	G	rs6555046	0.40141763985157	0.0	0.0001016937706219	Group D
5:2083797:A:G	5	2083797	G	rs4566837	0.305870762467384	-0.0009294810963892	0.0007045273836044999	Group D
5:2125330:C:T	5	2125330	T	rs4075367	0.697922098636627	0.000854720426653	0.0004042817902827	Group D
5:2319964:C:A	5	2319964	A	rs12189181	0.511866384744644	0.0005298495054849	0.0005302405209730999	Group D
5:2555514:A:C	5	2555514	C	rs10475169	0.412636917829514	0.0075711067123443	0.0011845492849043007	Group D
5:2749057:C:A	5	2749057	A	rs76906087	0.693917959928513	-0.000628987285715	0.0005977739475941	Group D
5:3088781:T:C	5	3088781	C	rs2442700	0.279983526468277	-0.000290319620709	0.0008021891463046999	Group D
5:3687018:T:C	5	3687018	C	rs7728616	0.44856641292572	0.0033148722262954	0.00047973989762500023	Group D
5:4117568:T:C	5	4117568	C	rs11134032	0.36889143884182	-0.0013218668341938	0.0005741877254384999	Group D
5:4638885:A:G	5	4638885	G	rs7713961	0.393107995390892	0.0	0.0007088016676224	Group D
5:4885156:C:A	5	4885156	A	rs11746248	0.462463930249214	0.0002767450077945	0.0006677760014931	Group D
5:5146377:T:C	5	5146377	C	rs1019747	0.73471622467041	-0.004483449904235	0.0002451223051521999	Group D
5:5278395:C:T	5	5278395	T	rs7341035	0.289242061972618	-0.0014818667133904	0.0005582707899122001	Group D
5:5914817:T:C	5	5914817	C	rs2652492	0.310070675611496	0.001664632965982	0.0008807008450794002	Group D
5:6174586:G:A	5	6174586	A	rs11953803	0.320649775862694	-0.0004192226003932	0.0006535262346507	Group D
5:6377973:T:C	5	6377973	Group D	rs10052685	0.793253546953201	0.0010003345408819	0.0010003345408819	Group D
5:6383710:A:C	5	6383710	Group D	rs4702340	0.74437747001648	-0.0029183775953919	0.0029183775953919	Group D
5:6386221:G:A	5	6386221	A	rs4701729	0.544216823577881	0.0	0.001414844219937	Group D
5:6870971:A:G	5	6870971	G	rs275430	0.499439263343811	0.000327691089927	0.00021461463399080003	Group D
5:6951821:C:T	5	6951821	T	rs6892419	0.461156114935875	0.0017208036659443	0.0003711820496529999	Group D
5:7005949:A:G	5	7005949	G	rs4446428	0.464884454011917	-0.0022311502636063	0.0010184872623220003	Group D
5:7520881:G:T	5	7520881	T	rs13166360	0.782258176803589	-0.0007961896037231	0.00032648826760550004	Group D
5:7870973:A:G	5	7870973	G	rs1801394	0.731875413656235	-0.0040042369934068	0.00029782476068140017	Group D
5:9476920:C:T	5	9476920	T	rs11134360	0.343256124854088	0.0	0.0003343711414068	Group D
5:9483744:A:G	5	9483744	Group D	rs411172	0.76694683432579	0.0015871765521857	0.0015871765521857	Group D
5:9716549:T:C	5	9716549	C	rs1015855	0.547065714001656	-0.0011704713766243	0.0004611958702853999	Group D
5:9850436:T:C	5	9850436	C	rs2905199	0.325108936429024	-0.0006756731101147	0.0007098769634781999	Group D
5:10237155:G:A	5	10237155	A	rs6876650	0.353464126586914	0.0002190880629437	8.086132225960002e-05	Group D
5:10307022:C:T	5	10307022	T	rs11738492	0.322946733236313	0.0004894118145549	0.0006229171476447	Group D
5:10433294:G:A	5	10433294	A	rs3852168	0.401532179117203	0.0004991683100628	0.0006008189739866001	Group D
5:10896458:T:C	5	10896458	Group D	rs7724887	0.742246407270432	-0.0008305134691105	0.0008305134691105	Group D
5:10955988:C:T	5	10955988	T	rs852586	0.505631390213966	0.0	0.0002179290636216	Group D
5:11469640:G:A	5	11469640	A	rs2244828	0.476293355226517	0.0007379590019864	0.0004546083817592	Group D
5:11843303:A:G	5	11843303	G	rs7733427	0.551513323187828	-0.0018384386126468	0.00047739691851719996	Group D
5:12931301:T:C	5	12931301	C	rs1438301	0.48350322842598	-0.0011550358743689	0.0005924547828405999	Group D
5:13701536:T:C	5	13701536	C	rs3734110	0.385165619850159	0.0	0.0001719967121976	Group D
5:13788886:C:A	5	13788886	A	rs10513155	0.296237432956696	0.0005674386964813	0.0005009957492626999	Group D
5:13799381:A:G	5	13799381	Group D	rs6874349	0.462231576442719	0.0001541850297142	0.0001541850297142	Group D
5:13809957:G:T	5	13809957	Group D	rs980897	0.339737850427628	0.0003974871346661	0.0003974871346661	Group D
5:13822140:G:A	5	13822140	A	rs1867679	0.486450389027596	0.0032438023329417	0.0010099002656919999	Group D
5:14546241:T:C	5	14546241	C	rs408042	0.640975654125214	-1.03198154811157e-05	0.0003928734127555843	Group D
5:16625591:A:G	5	16625591	G	rs419470	0.601979094743729	0.0	0.0001458592649777	Group D
5:16856138:A:G	5	16856138	G	rs1564650	0.599939960241318	0.0032752989772841	0.0004481829135580002	Group D
5:16897446:T:C	5	16897446	Group D	rs253482	0.860947525501251	0.0003540824768574	0.0003540824768574	Group D
5:18495883:G:T	5	18495883	T	rs1405708	0.38650398850441	0.0014937732292187	0.0007167289699941	Group D
5:19848325:A:G	5	19848325	G	rs1391429	0.434034565091133	4.31079242751102e-05	0.0008714527484738897	Group D
5:22856741:T:C	5	22856741	C	rs12652791	0.552552646398544	0.0014193980920777	0.0008467911836972	Group D
5:23976115:G:A	5	23976115	A	rs1501940	0.458514177799225	0.0025319048608496	0.00017658821299959982	Group D
5:24497516:G:T	5	24497516	T	rs1505874	0.677410310506821	-0.0001122693576515	0.0003611743321212	Group D
5:24576963:T:C	5	24576963	C	rs13185534	0.400464352965355	-0.0006017617891776	0.0007458703910164999	Group D
5:25688567:T:G	5	25688567	Group D	rs173585	0.778555732965469	-0.0015673792711727	0.0015673792711727	Group D
5:25771087:G:A	5	25771087	A	rs1600372	0.405705583095551	0.0	6.88373717846033e-05	Group D
5:26838935:A:G	5	26838935	G	rs12519694	0.611905288696289	0.0008888503733147	0.0006115661944338	Group D
5:26988328:G:A	5	26988328	A	rs2288466	0.529292410612106	-0.0004399201815721	1.7348508302299974e-05	Group D
5:27796089:A:G	5	27796089	G	rs6873479	0.398251003026962	0.0	4.65332498048485e-05	Group D
5:27932380:G:A	5	27932380	A	rs13153654	0.471523526310921	0.0011634589539502	0.0006836227652023	Group D
5:30085792:A:G	5	30085792	G	rs4352609	0.39042321741581	-0.0002590411232357	0.00010770522395239996	Group D
5:30097218:A:G	5	30097218	G	rs4321762	0.465819445252419	-0.0001361179125737	0.0005808455594008	Group D
5:31033816:G:A	5	31033816	A	rs12658735	0.532297334074974	-0.0018502864671471	0.0006090890890485003	Group D
5:31095369:G:T	5	31095369	T	rs7724768	0.335891145467758	-0.0010004552097198	0.0003378267810819999	Group D
5:31140098:G:A	5	31140098	A	rs17680580	0.465606421232224	0.0	0.0013076736274523	Group D
5:31144641:G:A	5	31144641	Group D	rs4867313	0.838817268610001	-0.0028432577059385	0.0028432577059385	Group D
5:31350724:A:G	5	31350724	G	rs645844	0.739337652921677	-0.001627706709971	0.0012449834727701	Group D
5:31409115:T:C	5	31409115	Group D	rs644236	0.747642636299133	-0.002314147065464	0.002314147065464	Group D
5:31658376:A:C	5	31658376	C	rs6890960	0.65697478055954	0.0036264162529653	0.0005518572478059001	Group D
5:31891791:G:A	5	31891791	A	rs1574436	0.233430024981499	-0.0006534616312002	0.0007319295605384999	Group D
5:32087374:A:G	5	32087374	G	rs157496	0.56880698800087	0.0023740838737237	0.00039792909422139977	Group D
5:32828846:T:C	5	32828846	Group D	rs7733331	0.746091067790985	-0.0034846545208493	0.0034846545208493	Group D
5:32831670:T:C	5	32831670	C	rs13154066	0.0	0.0	0.0026427326766805	Group D
5:33668070:A:G	5	33668070	G	rs4476726	0.0	-6.96953432113719e-05	0.0007375052940613281	Group D
5:34685190:G:A	5	34685190	A	rs116118111	0.662868499755859	0.0029266683345028	0.0005145273800414001	Group D
5:34824555:G:T	5	34824555	T	rs1048944	0.543682041764259	-0.0018018652955081	0.00031232306662250025	Group D
5:34998877:C:A	5	34998877	A	rs16899974	0.730996716022492	0.0007696828715162	0.0004004663791338	Group D
5:35876274:A:G	5	35876274	G	rs3194051	0.771801269054413	0.0215691570882563	0.0004144199927051985	Group C
5:36519527:G:A	5	36519527	A	rs2937551	0.341413173079491	0.0013352917080313	0.0009224510110545001	Group D
5:36833261:A:C	5	36833261	C	rs292176	0.0	-0.0002835831979878	0.0004998030213932	Group D
5:37239240:A:C	5	37239240	Group D	rs7735138	0.205259327590466	-9.55804889155276e-05	9.55804889155276e-05	Group D
5:37598570:T:C	5	37598570	C	rs4869530	0.280628968775272	0.0001701155851366	0.000296141492763	Group D
5:37624167:G:A	5	37624167	A	rs4869538	0.265248714387417	0.000451301496741	9.470846911519996e-05	Group D
5:37922538:C:A	5	37922538	A	rs4869559	0.306375031173229	-0.0003802823375815	0.0006602434918927001	Group D
5:37938540:A:G	5	37938540	G	rs2032873	0.454084971547127	0.0018020679527167	0.0007433845122906998	Group D
5:38481335:C:T	5	38481335	T	rs1005017	0.421361926198006	0.0021815628916819	0.0006357764529103999	Group D
5:38486065:C:T	5	38486065	T	rs3110234	0.657577228546143	0.0	0.0004383709352296	Group D
5:38633264:C:T	5	38633264	T	rs327276	0.454714027047157	0.0	0.0028978615073759	Group D
5:38635247:T:G	5	38635247	Group D	rs327281	0.772109192609787	-0.0035353376341808	0.0035353376341808	Group D
5:38919158:G:A	5	38919158	A	rs10941412	0.406207123398781	-0.0016354870095852	0.0004223516163656001	Group D
5:39016921:A:G	5	39016921	Group D	rs10472314	0.904651767015457	0.0001141835273748	0.0001141835273748	Group D
5:39364554:G:A	5	39364554	A	rs700233	0.478467839956284	-0.0025461390188686	0.0004939329378003	Group D
5:39424010:A:G	5	39424010	G	rs3909469	0.825728565454483	-0.0011114404426931	0.0006561350598647999	Group D
5:40226262:A:G	5	40226262	G	rs10512729	0.642605727910996	-0.0006691610966603	0.00041920441915439994	Group D
5:40267930:T:C	5	40267930	C	rs2279170	0.3722974807024	0.0	0.0003647424760579	Group D
5:40274458:A:G	5	40274458	G	rs2120857	0.494124236702919	0.0021632007771327	0.0001860233703249001	Group D
5:40827307:T:C	5	40827307	C	rs7725810	0.504378113150597	0.0	4.901683011243e-05	Group D
5:41048533:C:T	5	41048533	T	rs13173930	0.415432670712471	-0.00167640906301	0.00029726977915489985	Group D
5:41288252:G:A	5	41288252	A	rs2194208	0.302059212327004	-0.0021315564872592	0.0005041913690228997	Group D
5:42375243:A:C	5	42375243	C	rs979233	0.424690940976143	0.0	0.0010323609700714	Group D
5:42405511:G:A	5	42405511	A	rs2940930	0.255400539934635	0.0	0.0004870019441577	Group D
5:42466116:G:T	5	42466116	T	rs2972411	0.581936195492744	-0.0038397664375764	0.0002614825392065999	Group D
5:42496257:G:A	5	42496257	Group D	rs2972393	0.743329185247421	-0.001875600677006	0.001875600677006	Group D
5:43338922:T:C	5	43338922	C	rs1564198	0.426629987359047	-0.0002361624250426	0.0014568652108191	Group D
5:43482373:C:T	5	43482373	T	rs6451705	0.170076096057892	0.0	0.0004784739404545	Group D
5:43588948:G:A	5	43588948	Group D	rs6451718	0.737279134988785	-0.0013694481306909	0.0013694481306909	Group D
5:43604497:T:C	5	43604497	Group D	rs10065863	0.739527553319931	-0.0005873790917762	0.0005873790917762	Group D
5:45611988:T:C	5	45611988	C	rs16902186	0.438102704286575	0.0	0.0006610787744267	Group D
5:50814632:A:G	5	50814632	G	rs2068701	0.620599192380905	0.0001557002563162	0.00029572424043920005	Group D
5:50895803:T:G	5	50895803	G	rs4865514	0.273266708850861	0.0018236059765752	0.0002826043832851999	Group D
5:51405600:T:G	5	51405600	G	rs12655411	0.302187262475491	0.0	0.0002619074593839	Group D
5:52681741:T:C	5	52681741	C	rs13156108	0.590132576227188	0.0026716270681346	0.000568247913575	Group D
5:53854288:C:A	5	53854288	A	rs7711608	0.412162068486214	0.0	5.02651899385972e-05	Group D
5:54106732:G:A	5	54106732	A	rs10066294	0.541436913609505	0.0008656552038334	0.0007230360029063999	Group D
5:54960673:C:G	5	54960673	G	rs4865615	0.282733470201492	-0.0013006884310172	0.0003460286699523	Group D
5:55385145:C:A	5	55385145	Group D	rs322021	0.824738734960556	0.000181475528439	0.000181475528439	Group D
5:55444683:G:A	5	55444683	Group D	rs7731626	0.857185560464859	0.0010042597969629	0.0010042597969629	Group D
5:56568140:G:A	5	56568140	A	rs2161138	0.346783551573753	-0.0020277324085513	0.0005156387049491998	Group D
5:56718875:T:C	5	56718875	C	rs2172771	0.752245497703552	0.0017125072221964	0.0013635536260616999	Group D
5:57111084:T:C	5	57111084	C	rs6892809	0.271824958920479	0.0	3.87141238266954e-05	Group D
5:57575705:A:G	5	57575705	G	rs40207	0.575801861286163	-0.003515667146613	0.0008222070537500996	Group D
5:57954311:A:G	5	57954311	Group D	rs63710	0.74811834692955	-0.0010141270530087	0.0010141270530087	Group D
5:58386812:G:A	5	58386812	A	rs10075104	0.3846958309412	0.0042630422051831	0.0010477182857338996	Group D
5:58419621:T:C	5	58419621	Group D	rs62356723	0.757043021917343	0.0020075456209362	0.0020075456209362	Group D
5:59635353:C:T	5	59635353	Group D	rs7733705	0.745553505420685	0.0022309748254523	0.0022309748254523	Group D
5:59650536:A:G	5	59650536	G	rs6869495	0.612238091230393	0.0	0.0002112801410735	Group D
5:60484660:A:G	5	60484660	G	rs159540	0.176689819991589	-0.0007741648076156	0.0007784467829465001	Group D
5:60982841:G:A	5	60982841	A	rs16893687	0.539185976982117	0.0015173188007249	0.00035883554943079996	Group D
5:60999768:C:T	5	60999768	T	rs436696	0.550192975997925	-0.0002464695244614	0.000256878822534	Group D
5:62102343:T:C	5	62102343	C	rs2044417	0.412879326939583	-0.0016778644621501	0.0004431747264821999	Group D
5:62529983:G:T	5	62529983	Group D	rs346421	0.765803682804108	-0.0008951708815959	0.0008951708815959	Group D
5:62824362:C:A	5	62824362	A	rs30903	0.367214751243591	0.0006602394548084	0.0011452428496691999	Group D
5:62949119:A:G	5	62949119	G	rs6875610	0.387953615188599	0.0007253005486102	0.0005430036893457	Group D
5:63024606:C:T	5	63024606	T	rs1030221	0.491345682740212	0.0006163023373174	0.0002998672327756	Group D
5:63919470:A:G	5	63919470	G	rs2002628	0.3876913189888	-0.0018767573202589	0.0007549508342133001	Group D
5:64290004:T:C	5	64290004	C	rs1309546	0.523094812035561	0.0003719941110695	0.0007680504905923	Group D
5:64322549:G:A	5	64322549	A	rs11960938	0.265350317955017	-0.0008512154638064	0.00037542794100349996	Group D
5:65115003:G:A	5	65115003	A	rs2250861	0.745965445041657	0.0022140849761268	0.0016312446231412999	Group D
5:65198712:T:C	5	65198712	C	rs251298	0.391872403025627	0.0	0.0008611977985786	Group D
5:65914287:G:A	5	65914287	A	rs4455504	0.626302319765091	0.0013645553438519	0.0006899224371392002	Group D
5:66375888:A:G	5	66375888	G	rs2561453	0.468297430872917	0.0011768632875782	0.0006022568144364001	Group D
5:66530945:A:G	5	66530945	Group D	rs874550	0.732553952932358	0.0024852062055638	0.0024852062055638	Group D
5:66534837:A:G	5	66534837	G	rs1428479	0.0	0.001478554101795	0.0020724296045033	Group D
5:66551782:A:G	5	66551782	G	rs13155024	0.70613825917244	0.0	0.0011250258706804	Group D
5:67023975:C:T	5	67023975	T	rs7448274	0.315601593255997	0.0039064147842005	0.0006197592347670002	Group D
5:67139113:T:C	5	67139113	C	rs1490813	0.30955977588892	0.0	0.0001252830152743	Group D
5:67207482:C:T	5	67207482	T	rs1490790	0.0	-0.0001157003239614	0.00034296008303359997	Group D
5:67305730:A:C	5	67305730	C	rs17307853	0.423545721173286	0.000549734592402	0.0017152993241571	Group D
5:67342603:C:T	5	67342603	Group D	rs7706626	0.765187573432922	0.0015117634974894	0.0015117634974894	Group D
5:67350940:C:T	5	67350940	Group D	rs281445	0.756039756536484	7.9480272895686e-05	7.9480272895686e-05	Group D
5:67465803:G:A	5	67465803	A	rs921792	0.520941418409348	0.0	0.0019749791299441	Group D
5:67520226:G:A	5	67520226	Group D	rs706711	0.737928634881973	-0.003085906547396	0.003085906547396	Group D
5:67738430:G:A	5	67738430	A	rs853812	0.454899245500565	0.0	0.0006084502172559	Group D
5:68326128:T:C	5	68326128	C	rs4616847	0.426976865530014	0.0003994089665243	0.0004928120656918	Group D
5:68366335:G:T	5	68366335	T	rs2434345	0.512864053249359	0.0	0.0001287157397159	Group D
5:70800475:C:T	5	70800475	T	rs3761966	0.307753324508667	-0.0002469960343599	0.0001713169702566225	Group D
5:70806711:C:G	5	70806711	G	rs715747	0.287014774978161	-0.0003237759586289	0.0007110292704074001	Group D
5:71240138:T:G	5	71240138	G	rs898219	0.379366287589073	-0.0010469334650087	0.0006333169571756999	Group D
5:71380914:T:C	5	71380914	C	rs6897294	0.174310258030891	0.0035242233875544	0.0007436634251892999	Group D
5:71408867:A:G	5	71408867	G	rs2337390	0.592984187602997	0.0018166131587057	0.0006724883055448001	Group D
5:71462065:C:T	5	71462065	T	rs17301591	0.738494330644608	-0.0023754573093411	0.0022712490911757	Group D
5:71578902:G:A	5	71578902	A	rs2047588	0.73649492263794	-0.0045059837807703	0.0016028634070623998	Group D
5:71711269:G:T	5	71711269	T	rs10942294	0.0	0.0	0.000809165928794	Group D
5:72773989:T:G	5	72773989	Group D	rs347250	0.764034116268158	0.0011262372215625	0.0011262372215625	Group D
5:72891758:A:G	5	72891758	G	rs980631	0.571909618377686	0.0	2.06537410410926e-05	Group D
5:73163965:C:A	5	73163965	A	rs2973558	0.636922949552536	0.0010858872506086	0.00040698360549909995	Group D
5:73445452:A:C	5	73445452	Group D	rs2962801	0.744488406181335	0.0041764123190536	0.0041764123190536	Group B
5:73450088:G:A	5	73450088	A	rs2926721	0.502423891425133	0.0	0.0021986493653963	Group D
5:73554618:C:T	5	73554618	T	rs16871563	0.534582561254501	0.0010794291543623	0.0010729592889333998	Group D
5:74324548:G:A	5	74324548	A	rs3811987	0.327383598685265	-0.0015089455001341	0.0004906594168406001	Group D
5:74965122:G:A	5	74965122	A	rs34358	0.819959253072739	0.0001593142846264	0.0002932868532903	Group D
5:75458401:C:T	5	75458401	T	rs4610441	0.543028977513313	-0.0004783175105194	0.0006652840468569	Group D
5:75608993:T:C	5	75608993	C	rs2913261	0.486166125535965	0.0	0.0006303219128177	Group D
5:75631209:A:C	5	75631209	C	rs2937739	0.327237065136433	7.84472354374936e-05	0.0002927525100800064	Group D
5:75642771:A:G	5	75642771	G	rs246803	0.540649601817131	0.0	0.000263649680857	Group D
5:75719788:G:A	5	75719788	Group D	rs10044370	0.510328388214111	-0.000468379097925	0.000468379097925	Group D
5:75720544:T:C	5	75720544	C	rs10072221	0.494857281446457	-2.65097234717711e-05	0.001155322902831129	Group D
5:75722669:T:C	5	75722669	C	rs11749318	0.692175322771072	-0.0002767977443457	4.261530374439999e-05	Group D
5:75747296:C:A	5	75747296	Group D	rs10067617	0.869245278835297	0.0009577843121438	0.0009577843121438	Group D
5:75932869:C:T	5	75932869	T	rs2910819	0.456608468294144	-0.0001416239743365	0.00037754613312659995	Group D
5:75997213:A:G	5	75997213	Group D	rs10063791	0.794601446390152	0.0002092391177875	0.0002092391177875	Group D
5:76104512:G:T	5	76104512	T	rs4703719	0.502756088972092	0.0	0.0001332241900259	Group D
5:76107152:T:C	5	76107152	Group D	rs6453251	0.74098853468895	-0.0010370411822234	0.0010370411822234	Group D
5:76734084:C:T	5	76734084	T	rs33204	0.532303631305695	0.0	7.57223921015695e-05	Group D
5:76945039:A:G	5	76945039	G	rs4704438	0.496895471215248	0.0	0.0003894358234263	Group D
5:78181477:C:T	5	78181477	T	rs1065757	0.680138295888901	-0.0018811047212521	0.0001369449957372001	Group D
5:78326750:G:C	5	78326750	C	rs1805073	0.646991157531738	0.0002496605888625	0.0007221560685496001	Group D
5:78429594:A:C	5	78429594	Group D	rs617219	0.811612486839294	-0.0004896991304158	0.0004896991304158	Group D
5:78845631:T:C	5	78845631	C	rs6899277	0.311890980601311	-0.0006825066740308	0.0005114873302032	Group D
5:79028726:A:G	5	79028726	G	rs13158477	0.315192393958569	9.48918591647038e-05	0.0005708598209232962	Group D
5:79138739:C:T	5	79138739	T	rs10069298	0.510427385568619	0.0	0.0001249197762904	Group D
5:79388745:C:T	5	79388745	T	rs2438642	0.566891503334045	-0.0001741989488512	0.0004133523139593	Group D
5:79616936:A:C	5	79616936	C	rs35337118	0.232532179355621	-0.0003181245064254	0.0009737901209371	Group D
5:79855876:T:C	5	79855876	C	rs187262	0.435727396607399	0.0026024080537205	0.0013014748758123002	Group D
5:79949575:C:A	5	79949575	Group D	rs1478834	0.863707530498505	-0.0021308834819145	0.0021308834819145	Group D
5:79974983:T:C	5	79974983	C	rs836806	0.339053845405579	0.0	0.0003209529902016	Group D
5:80277236:T:C	5	80277236	C	rs35000	0.30025564879179	0.0	0.0001998397303082	Group D
5:80296487:A:G	5	80296487	G	rs701394	0.37348016500473	0.0	0.0004841486881163	Group D
5:80508670:C:T	5	80508670	T	rs11958318	0.6849593937397	-0.0005915195283154	0.0005717927186106999	Group D
5:80529756:C:T	5	80529756	T	rs750728	0.309250485897064	0.0	0.0016086121023041	Group D
5:80531899:C:T	5	80531899	Group D	rs6877435	0.777589380741119	-0.0035691699461699	0.0035691699461699	Group D
5:80675496:G:A	5	80675496	A	rs10942262	0.572353145480156	-2.91256130973463e-05	0.0004040322201886537	Group D
5:80992495:T:C	5	80992495	C	rs446064	0.55723552107811	-0.0003131283410576	0.0006283000312789	Group D
5:82234797:G:A	5	82234797	A	rs37545	0.0	-0.0007178440791531	0.0006547654506435999	Group D
5:82837631:G:T	5	82837631	T	rs160277	0.37218998670578	0.00068464555946	0.00036647193681860007	Group D
5:82971512:G:A	5	82971512	A	rs13168731	0.343386971950531	0.0	0.0001345501784705	Group D
5:83315623:A:C	5	83315623	C	rs187568	0.444456177949905	-0.00183677192974	0.0007661848300555001	Group D
5:85373204:A:G	5	85373204	G	rs1422122	0.371204027533531	9.4354334853937e-05	0.0007810878683404631	Group D
5:88114476:T:C	5	88114476	Group D	rs160044	0.869133752584457	0.0060253201547231	0.0060253201547231	Group B
5:88135462:T:C	5	88135462	C	rs304160	0.340859073400497	0.0	0.0047839628802281	Group B
5:88715172:A:C	5	88715172	C	rs32886	0.663534247875214	-0.0004773538005032	0.0011561442547249	Group D
5:88762402:T:C	5	88762402	C	rs7722399	0.737210285663605	-0.0042941063871059	0.0022959962262759	Group D
5:89622691:T:C	5	89622691	Group D	rs1434600	0.73894150853157	-0.0015675912109405	0.0015675912109405	Group D
5:89669924:C:T	5	89669924	T	rs2935514	0.16574963927269	1.03158239699964e-05	0.0001766251322037036	Group D
5:89675329:C:T	5	89675329	T	rs2935508	0.189814838767052	0.0002177535623812	0.0010085197847967	Group D
5:89770768:G:A	5	89770768	Group D	rs2303801	0.899431246519089	-0.0003762463755971	0.0003762463755971	Group D
5:89826726:A:G	5	89826726	Group D	rs499148	0.782419615983963	0.0004145614100676	0.0004145614100676	Group D
5:89938587:C:T	5	89938587	T	rs2366773	0.685731834173203	-0.0007862762510372	0.0008622759327481001	Group D
5:91097945:G:A	5	91097945	A	rs2973868	0.453495582938194	0.0	0.0001904378291244	Group D
5:91991628:G:A	5	91991628	A	rs10476539	0.322373908758163	-0.0007379406065994	0.0006186420033695001	Group D
5:92236275:G:A	5	92236275	A	rs7724557	0.493311858177185	-0.001616165554889	0.0006070048644557001	Group D
5:92414492:C:T	5	92414492	Group D	rs1496336	0.857129728794098	-0.0004922406063374	0.0004922406063374	Group D
5:92415111:C:T	5	92415111	T	rs2009416	0.520871776342392	-0.0006498141552299	0.0006864804371405	Group D
5:92544460:C:T	5	92544460	T	rs4869417	0.4856135815382	0.0	7.12408763782336e-05	Group D
5:93213420:T:C	5	93213420	C	rs17314423	0.300909471511841	0.0006396445167337	0.0007303182188698999	Group D
5:93774266:C:T	5	93774266	T	rs1861806	0.531149950623512	-8.21550451399964e-05	0.0005231315289887036	Group D
5:93936485:A:G	5	93936485	G	rs10035650	0.504454892873764	0.0006363631788707	0.0004809295700236001	Group D
5:94197884:C:T	5	94197884	T	rs7715122	0.305707138776779	-0.0013101536386443	0.0004374988676037999	Group D
5:94212620:A:C	5	94212620	C	rs159030	0.495264157652855	0.0	1.9463140818134e-05	Group D
5:94485500:A:G	5	94485500	G	rs3852194	0.311424165964127	0.0	0.0003496452949953	Group D
5:94501681:A:G	5	94501681	G	rs331576	0.37931821346283	0.0006116097089001	0.0002264679953772	Group D
5:95236459:C:T	5	95236459	T	rs3815768	0.164638748019934	0.0038591634943077	0.00023200216437810036	Group D
5:96139595:G:A	5	96139595	A	rs72773968	0.577401864528656	0.0029838681840512	0.0008445263061973001	Group D
5:97395251:A:G	5	97395251	G	rs257213	0.400184544920921	-0.0004165654058287	0.0005287413234795	Group D
5:98451450:A:G	5	98451450	G	rs3886512	0.407915613055229	-0.0030165938420122	0.00012931080202419976	Group D
5:98500665:G:A	5	98500665	A	rs9285957	0.430453342199326	-0.001254939860877	0.0002331583623262001	Group D
5:98514172:A:G	5	98514172	G	rs12653401	0.269714985787869	-0.0024192934822903	0.000515439401725	Group D
5:99664611:A:G	5	99664611	G	rs184991	0.294202043116093	0.0	0.00030034531179	Group D
5:99784116:T:G	5	99784116	Group D	rs4703100	0.877309900522232	-0.0005081369807123	0.0005081369807123	Group D
5:100165117:T:C	5	100165117	C	rs2548278	0.397639229893684	0.0015509956900682	0.0006139686500083999	Group D
5:101795490:A:G	5	101795490	G	rs11746217	0.241867563128471	-0.0051298749636964	0.00022356602909300027	Group D
5:102201590:C:G	5	102201590	Group D	rs249496	0.914026933908463	0.000382189058727	0.000382189058727	Group D
5:102238502:G:T	5	102238502	T	rs10038600	0.563947340846062	0.0	0.00023357821948	Group D
5:102361084:G:C	5	102361084	C	rs41300805	0.653819364309311	0.0	5.14128529361597e-05	Group D
5:103105094:T:C	5	103105094	C	rs10056391	0.22633581161499	-0.000976812291547	0.000789010347556	Group D
5:103220367:T:C	5	103220367	C	rs42301	0.0	-0.0004842873470139	0.00029224742846640004	Group D
5:103241550:C:T	5	103241550	T	rs2161204	0.357200422883034	0.0	0.0004713989411438	Group D
5:104094519:G:A	5	104094519	A	rs324343	0.265131805837154	0.0	7.20035522556117e-05	Group D
5:105550513:T:C	5	105550513	C	rs1435200	0.330390283465385	0.0	0.0006268821206948	Group D
5:107132694:T:G	5	107132694	G	rs6869199	0.0	0.0	0.000108263707367	Group D
5:107159087:A:C	5	107159087	C	rs12514674	0.565330308675766	-0.0002370693830133	0.0007989732634746999	Group D
5:107494111:C:A	5	107494111	A	rs158171	0.382470154762268	-0.0004788323521479	0.0008306022566983999	Group D
5:107941267:A:C	5	107941267	C	rs6594322	0.25023754388094	0.0	0.0004354882898669	Group D
5:107963472:A:G	5	107963472	G	rs12719094	0.298794302344322	0.0	0.0001285419377188	Group D
5:107963946:C:T	5	107963946	T	rs10051840	0.416179415583611	0.0	0.0001832164927546	Group D
5:109064299:T:C	5	109064299	C	rs1005665	0.300315663218498	0.0	1.67864869709959e-05	Group D
5:109190935:TCTC:T	5	109190935	T	rs3217225	0.0	-0.0015498135221683	0.00044372239168659995	Group D
5:109574202:C:T	5	109574202	T	rs4601083	0.294563642144203	0.0	0.0003182276308231	Group D
5:110404999:A:C	5	110404999	C	rs10455025	0.626850354671478	0.0054058480804116	0.0006112895484714003	Group D
5:110585627:C:T	5	110585627	T	rs712645	0.552381700277329	6.37186195679583e-05	0.00041162069337274173	Group D
5:110897510:G:A	5	110897510	A	rs247548	0.559240981936455	0.0	0.0002208870993707	Group D
5:110899729:T:C	5	110899729	Group D	rs764488	0.756797271966934	0.0012190080361578	0.0012190080361578	Group D
5:110926062:A:G	5	110926062	G	rs10477468	0.249080720543861	0.0	0.0008708204946704	Group D
5:110981109:A:G	5	110981109	G	rs13177489	0.450980132818222	0.0	9.31989151913591e-05	Group D
5:111041083:A:C	5	111041083	C	rs26056	0.203565147519112	0.0059016015953487	0.0003392770310576996	Group D
5:112819944:A:C	5	112819944	C	rs348961	0.0	0.0	0.0003888067380454	Group D
5:113503422:A:G	5	113503422	G	rs11747037	0.355111730098724	0.0005267819144508	0.0004122150290218	Group D
5:113711389:G:T	5	113711389	T	rs1457762	0.346196413040161	0.0	0.0004988892264002	Group D
5:113752117:T:G	5	113752117	G	rs337714	0.403729364275932	-0.0002628427868786	0.00036503125859479996	Group D
5:115126388:G:A	5	115126388	A	rs364208	0.177837161719799	0.0003465348774952	0.0007391470257986	Group D
5:115847241:A:G	5	115847241	G	rs4920916	0.326405882835388	0.0	0.0006743662892044	Group D
5:115970828:G:A	5	115970828	A	rs595117	0.293154439330101	0.0015825952018428	0.0004575483089877001	Group D
5:116133051:C:T	5	116133051	T	rs2133759	0.322080788016319	-0.0003307881520513	0.0004366673846398	Group D
5:116261947:G:A	5	116261947	A	rs2416451	0.317644065618515	0.0	0.0001814569492423	Group D
5:116922504:A:C	5	116922504	C	rs35605891	0.475640776753426	0.0015966411630632	0.0006497402310824999	Group D
5:118666118:C:T	5	118666118	Group D	rs62375113	0.868659818172455	-0.0041701098553517	0.0041701098553517	Group B
5:118698998:T:C	5	118698998	C	rs17145265	0.22923643887043	0.0	0.0022634872299841	Group D
5:118891682:T:G	5	118891682	G	rs246966	0.19593892544508	-0.0023238242943272	0.0005438478302106	Group D
5:118989772:C:A	5	118989772	A	rs329144	0.395252075791359	-0.0026210831599202	0.00013990670929990004	Group D
5:121211925:A:G	5	121211925	G	rs4632823	0.751724702119827	-0.0018946965539981	0.001809195826850685	Group D
5:121488506:C:G	5	121488506	G	rs35262183	0.635693460702896	0.0007958510963895	0.0003851757873594	Group D
5:121761414:A:C	5	121761414	C	rs304383	0.422838374972343	0.0	0.000496136094389	Group D
5:122295857:A:G	5	122295857	G	rs10478570	0.555615872144699	0.0025360556530882	0.0010143820592180002	Group D
5:122359640:T:C	5	122359640	C	rs451195	0.58514279127121	-0.0027032737743395	0.00011198838704430019	Group D
5:123853591:G:T	5	123853591	T	rs949974	0.637460654973984	0.0	7.05274549499019e-05	Group D
5:124343851:C:T	5	124343851	T	rs12654442	0.360030320286751	0.0013058264475708	0.0021093696437302	Group D
5:124348069:G:A	5	124348069	Group D	rs12516382	0.766850656270981	0.0017034556757535	0.0017034556757535	Group D
5:124524136:T:C	5	124524136	C	rs4836159	0.660779118537903	0.0	7.81785586482177e-05	Group D
5:124864236:T:C	5	124864236	C	rs11956789	0.593279609084129	0.0011689934507008	0.0008759759654746	Group D
5:124993933:A:G	5	124993933	G	rs10064872	0.613254809379578	0.0019464110863109	0.00037725603834970023	Group D
5:125370639:T:C	5	125370639	C	rs10069209	0.35019605755806	0.0	9.42400256785386e-06	Group D
5:125758373:T:C	5	125758373	C	rs4388209	0.697235554456711	0.0016459108401635	0.0005312320748527	Group D
5:125874993:A:G	5	125874993	Group D	rs730870	0.828594315052033	-0.0030843232093874	0.0030843232093874	Group D
5:125878158:C:T	5	125878158	T	rs7715516	0.426857200264931	0.0	0.0005734624912661	Group D
5:125880589:T:C	5	125880589	C	rs2775	0.522819092869759	0.0	0.0019055010554438	Group D
5:126173660:G:A	5	126173660	A	rs2973593	0.387889710068703	7.65502641168766e-05	0.0002902994099153234	Group D
5:126188989:T:C	5	126188989	C	rs11740069	0.612108826637268	-0.0012968379679357	0.0003828970529028001	Group D
5:127347815:G:A	5	127347815	A	rs1003136	0.381892600655556	0.0	0.0029149807562545	Group D
5:127350549:C:T	5	127350549	Group D	rs3749748	0.750088763237	-0.0107013735209921	0.0107013735209921	Group B
5:127357526:C:T	5	127357526	T	rs17764730	0.491895297169685	0.0	0.0063506405694224	Group B
5:127822876:C:T	5	127822876	T	rs4836375	0.607569113373756	0.0	0.0002863475438052	Group D
5:131324250:C:CTG	5	131324250	CTG	rs3043838	0.0	0.0002203622625915	0.00014259934855000001	Group D
5:131580152:G:A	5	131580152	A	rs162907	0.316508859395981	-0.0024711010061117	0.0004701736589921	Group D
5:131663062:T:C	5	131663062	C	rs272893	0.734182912111282	-0.0017474505684381	0.00012449097820579989	Group D
5:131805735:C:T	5	131805735	T	rs2706379	0.217300054430962	0.0060556813325588	0.0002825821431619996	Group D
5:131995964:A:G	5	131995964	G	rs20541	0.663423842191696	-0.0003387349741285	0.00028896433507139994	Group D
5:132626997:T:C	5	132626997	C	rs6596118	0.655232590436935	-0.000348380281396	0.00034241920559640004	Group D
5:132630849:T:C	5	132630849	C	rs1896633	0.474314066767693	-0.0022615031549036	0.00047077748898120006	Group D
5:133212178:A:G	5	133212178	G	rs2640683	0.49313009083271	0.000828571509978	0.0007949603412465001	Group D
5:133845112:T:C	5	133845112	Group D	rs6877546	0.73587674498558	0.0007415647112078	0.0007415647112078	Group D
5:134409321:G:A	5	134409321	A	rs888678	0.53574478328228	-0.0002334381615423	0.0006974044499471999	Group D
5:134446275:G:T	5	134446275	T	rs254557	0.354283347725868	-0.00206651661416	0.0002729247968035996	Group D
5:134722833:C:A	5	134722833	Group D	rs75925066	0.849023818969727	0.0159918448934034	0.0159918448934034	Group A
5:134773993:A:G	5	134773993	Group D	rs6862392	0.850881040096283	4.26167553252754e-05	4.26167553252754e-05	Group D
5:135228165:G:A	5	135228165	A	rs2069885	0.460888168215752	-0.0003596024246292	0.0007796679298846	Group D
5:137450345:T:C	5	137450345	Group D	rs74458490	0.746027368307114	0.0037227545974316	0.0037227545974316	Group D
5:137800024:C:T	5	137800024	T	rs3813321	0.520014455914497	-0.0015067289513507	0.0009987227696107	Group D
5:137834139:C:T	5	137834139	T	rs11745596	0.45585997402668	-0.0002025152864506	0.0003224704655182	Group D
5:138732579:C:T	5	138732579	T	rs10900862	0.551402235031128	0.0	1.98391346055098e-05	Group D
5:140763029:A:G	5	140763029	G	rs2072315	0.61274306178093	0.0070369492274505	0.00031110729741	Group D
5:140772427:T:G	5	140772427	G	rs726684	0.465102961659432	0.0022483470366238	0.0003315268305808003	Group D
5:141097725:A:G	5	141097725	G	rs248626	0.472109752893448	0.0003565015746162	0.0005595201320542	Group D
5:141622938:T:G	5	141622938	G	rs12658011	0.610952770709992	0.0003231577244445	0.0004391432823384	Group D
5:141721245:G:T	5	141721245	T	rs930892	0.470316624641419	-0.0019630019736715	0.0007355196636036998	Group D
5:142009047:A:C	5	142009047	C	rs249918	0.0	0.0008114938265931	0.0003757034493965999	Group D
5:142839717:T:C	5	142839717	C	rs6871464	0.484136924147606	-0.0019005479333022	0.00048362528133930006	Group D
5:144349268:T:C	5	144349268	C	rs13154106	0.566759091615677	0.0	0.0005049906648516	Group D
5:145241164:C:T	5	145241164	T	rs2195929	0.445552060008049	-0.0006625136576131	0.0006382267087391999	Group D
5:145483844:A:T	5	145483844	T	rs12187913	0.569108295440674	-0.0034134191240222	0.00015977362348530005	Group D
5:146781440:A:C	5	146781440	C	rs3816013	0.307801631093025	0.0006108811932447	0.0005789791211695999	Group D
5:146831553:A:G	5	146831553	G	rs10056132	0.643823939561844	-0.0007906607782135	0.0005261694777912	Group D
5:147872465:G:A	5	147872465	A	rs34729481	0.521249493956566	-0.0006099985295147	3.8046054544900085e-05	Group D
5:147942238:T:C	5	147942238	C	rs1345697	0.425353738665581	-0.00306394120463	1.9306242486400067e-05	Group D
5:147942404:A:C	5	147942404	C	rs35558914	0.564541518688202	-0.0001595480653477	0.0006906695286028001	Group D
5:147943005:C:T	5	147943005	T	rs1833708	0.421604624390602	0.0	0.0001745233956012	Group D
5:148406386:T:C	5	148406386	C	rs17722209	0.455808493494988	-0.0068567181985316	0.00027865333144789974	Group D
5:149239093:C:T	5	149239093	T	rs888895	0.479745632410049	0.0003714896910118	0.0001503273119193	Group D
5:149241707:G:C	5	149241707	C	rs10040588	0.0	0.0004911805735343	0.0006283537201165999	Group D
5:149331638:A:C	5	149331638	C	rs446426	0.468510693311691	-0.0049698419958226	0.0003660533060542001	Group D
5:149826526:C:T	5	149826526	T	rs4841	0.570087569952011	0.0	0.0004871820471974	Group D
5:149963097:G:T	5	149963097	T	rs11167506	0.488119924068451	-9.31696982177617e-05	0.00047336777531393825	Group D
5:150038265:G:A	5	150038265	A	rs33409	0.605094569921494	0.0008199650092642	0.000781451945419	Group D
5:150407456:T:C	5	150407456	C	rs8177447	0.437307041883469	0.0012142230494322	0.00048299757989440006	Group D
5:150518357:C:CG	5	150518357	CG	rs34624580	0.0	-0.0091269866132893	2.128311975799907e-06	Group D
5:150534919:T:C	5	150534919	Group D	rs990994	0.802574783563614	-5.68723917446909e-05	5.68723917446909e-05	Group D
5:150535262:C:T	5	150535262	T	rs11750621	0.915198427438736	-0.0007398117458885	0.0007763973075881	Group D
5:150639439:A:G	5	150639439	G	rs153478	0.337407502532005	-0.0003297292807778	0.0001967813657581	Group D
5:150667016:T:C	5	150667016	C	rs978012	0.28827368915081	-0.0013943676174509	0.00033637716219199996	Group D
5:151150745:C:A	5	151150745	Group D	rs2915876	0.913700872659683	0.0012882569431182	0.0012882569431182	Group D
5:151311745:G:A	5	151311745	A	rs6887984	0.249854439496994	0.0	0.0004560572064121	Group D
5:151322875:G:A	5	151322875	A	rs12521103	0.406929284334183	-0.0008975753358959	0.0007769031504273001	Group D
5:151896509:G:A	5	151896509	A	rs10515673	0.278527344763279	0.0012887442222561	0.0011364736021219	Group D
5:153271756:A:G	5	153271756	G	rs1366095	0.332888245582581	-0.0001275403075017	0.0006012956453422	Group D
5:154396505:G:A	5	154396505	A	rs60928118	0.213082738220692	-0.0014866698262737	0.0004948994418682998	Group D
5:154473488:G:A	5	154473488	A	rs6890664	0.277753329277039	0.0	3.94449224871898e-06	Group D
5:154778196:A:G	5	154778196	G	rs9324815	0.254514047503471	0.0	0.0005213884615403	Group D
5:154920075:T:G	5	154920075	G	rs9324829	0.557836747169495	0.0	0.0002085479807862	Group D
5:155573559:C:T	5	155573559	T	rs10078170	0.396988442540169	0.0	0.0006782805059858	Group D
5:155770918:C:T	5	155770918	T	rs2871924	0.37651184797287	-0.0004657621114546	0.001262380963542	Group D
5:156074139:G:A	5	156074139	Group D	rs32056	0.735439699888229	-0.0022922353128965	0.0022922353128965	Group D
5:156226550:G:A	5	156226550	A	rs2436424	0.636130356788635	0.0	0.0001955543317165	Group D
5:156391628:T:C	5	156391628	C	rs6874202	0.401205587387085	-0.0033754032995454	0.0007312894446477995	Group D
5:156505233:A:G	5	156505233	G	rs11134551	0.409759220480919	0.0	0.0009011895826917	Group D
5:156693958:T:A	5	156693958	A	rs1862874	0.622398737072945	-0.0004528144414475	0.00013806202736440007	Group D
5:156898690:A:G	5	156898690	G	rs6860507	0.220832313597202	-0.0052706148532487	0.00045562584825969976	Group D
5:157098756:G:T	5	157098756	T	rs11740603	0.257232108712196	-8.95978861022078e-06	0.0005724599247690792	Group D
5:157528179:T:C	5	157528179	C	rs17229259	0.449816513061523	0.0	0.0003801313096625	Group D
5:157946648:C:T	5	157946648	T	rs12518991	0.341071578860283	-0.004861065358295	0.0004640280313410001	Group D
5:157951577:C:T	5	157951577	T	rs17055783	0.168271691352129	-0.0007885706629357	0.0012893299879956	Group D
5:157955018:G:A	5	157955018	A	rs17624389	0.468605154752731	-0.0025291532192501	0.0004546919711693998	Group D
5:158049854:T:C	5	158049854	C	rs1560043	0.0	-0.0019861697375727	0.0006581545647057004	Group D
5:158186469:G:A	5	158186469	Group D	rs1541648	0.785648572444916	-0.0002537973949596	0.0002537973949596	Group D
5:158705370:A:G	5	158705370	G	rs12520035	0.505586168169975	0.0039880523540687	0.0005948957147203001	Group D
5:159125765:T:G	5	159125765	G	rs1363659	0.356975144147873	-0.0003014451543189	0.0008582863668386	Group D
5:159592744:G:A	5	159592744	Group D	rs2546372	0.903473794460297	0.0015231331681506	0.0015231331681506	Group D
5:159791334:T:C	5	159791334	C	rs1574468	0.39572260081768	0.0	0.0002557285352927	Group D
5:159835658:A:G	5	159835658	G	rs2961944	0.0	-0.0001112249869319	0.00045762528597980003	Group D
5:159969455:T:C	5	159969455	C	rs4301261	0.584137672185898	0.0	0.000256297720295	Group D
5:160174947:A:G	5	160174947	Group D	rs1005790	0.776725679636002	0.0004461932549373	0.0004461932549373	Group D
5:160190132:C:T	5	160190132	T	rs12656418	0.304415455460548	0.0	0.0001687672309202	Group D
5:161349821:G:A	5	161349821	A	rs7730737	0.430529856681824	0.0	0.0004760815032815	Group D
5:161390744:T:C	5	161390744	C	rs745850	0.270377013087273	0.0019516769941147	0.0006892204047124	Group D
5:161517570:C:A	5	161517570	A	rs209354	0.407256960868835	0.0	5.62362385061974e-06	Group D
5:161677267:G:A	5	161677267	A	rs11135183	0.259306593239307	0.0	0.0002787034268511	Group D
5:162902516:T:C	5	162902516	C	rs299290	0.173788729310036	-0.0044762901272529	0.0007226659506132001	Group D
5:162944408:A:G	5	162944408	G	rs4869089	0.586296746134758	-0.0039900183017094	0.00043832372353489954	Group D
5:162947884:T:C	5	162947884	C	rs7716203	0.470213860273361	0.0003161106404704	0.00041472630606059996	Group D
5:163351263:G:A	5	163351263	A	rs1895178	0.253387753665447	0.0	0.0007134886193597	Group D
5:163375406:C:T	5	163375406	Group D	rs13159590	0.745051127672195	1.05005539256742e-05	1.05005539256742e-05	Group D
5:163375485:G:A	5	163375485	A	rs17062635	0.826335316896439	-0.0019526300751958	0.0018284735496996	Group D
5:163587535:G:A	5	163587535	A	rs7704440	0.493558639287949	0.0	0.0002812742510332	Group D
5:164658422:T:G	5	164658422	G	rs1578900	0.330568447709084	0.0011374540005942	0.000501432781415	Group D
5:164695671:G:A	5	164695671	A	rs11135362	0.221103346347809	0.0	0.0003142918569773	Group D
5:165060876:A:G	5	165060876	G	rs262753	0.518989273905754	0.0	0.0005505486977452	Group D
5:165075672:G:A	5	165075672	A	rs262771	0.0	0.0004154261705945	0.0005400910875832001	Group D
5:165313869:T:C	5	165313869	C	rs396769	0.459537130594254	0.0006369337274766	0.0007874624504177	Group D
5:165405770:T:C	5	165405770	C	rs7733351	0.344164651632309	0.0	0.0003134199914898	Group D
5:166332314:A:G	5	166332314	G	rs3866446	0.346252405643463	0.000315322297641	0.00035172058631410005	Group D
5:166365731:T:G	5	166365731	G	rs12520749	0.372178757190704	0.0015343045608255	0.0005707920933856999	Group D
5:166957450:T:C	5	166957450	C	rs12654925	0.443542909622192	0.0	0.0006746031290092	Group D
5:167345272:T:C	5	167345272	C	rs32403	0.588026261329651	0.0	0.0022566385146325	Group D
5:167372668:G:A	5	167372668	Group D	rs7724997	0.763986837863922	0.0023830497024731	0.0023830497024731	Group D
5:167829061:C:T	5	167829061	T	rs17731641	0.645189422369003	0.0013997463916132	0.0007220521727412999	Group D
5:168180081:C:T	5	168180081	T	rs10036727	0.471727782487869	-0.0010191778430233	0.0004039973555547999	Group D
5:168188531:C:T	5	168188531	T	rs7730187	0.593849542737007	0.0	0.0007688867067189	Group D
5:168189501:C:T	5	168189501	Group D	rs2288796	0.779223614931107	-0.0010852008755322	0.0010852008755322	Group D
5:168270244:T:C	5	168270244	C	rs10066747	0.509904107451439	-0.0013064154681102	0.0009203476261380999	Group D
5:169177359:C:T	5	169177359	T	rs35787483	0.0	0.0	0.0004315497494791	Group D
5:169185557:A:G	5	169185557	G	rs155341	0.441321936249733	0.0018019330433542	0.0013093791997613002	Group D
5:169356966:A:G	5	169356966	G	rs6896240	0.505141714215279	0.0	7.3847465381814e-05	Group D
5:169451927:T:C	5	169451927	C	rs10044477	0.583465614914894	-0.0032504852209023	0.00027562972795010026	Group D
5:169457601:G:A	5	169457601	A	rs4385221	0.299317938089371	0.0	0.0003989252435604	Group D
5:169661994:G:C	5	169661994	C	rs957998	0.0	0.0003991541590241	0.000396871397965	Group D
5:169724767:G:C	5	169724767	Group D	rs315731	0.911840468645096	0.0019088876049985	0.0019088876049985	Group D
5:169815868:C:T	5	169815868	Group D	rs314106	0.79211488366127	-0.001559212849995	0.001559212849995	Group D
5:169818569:A:G	5	169818569	G	rs314127	0.53868812918663	0.0002247610845316	0.0008148041227963	Group D
5:170869582:T:C	5	170869582	C	rs10077440	0.557674315571785	0.0	0.0003835931573813	Group D
5:171507531:T:C	5	171507531	C	rs6866684	0.54898724257946	-0.0001078492809673	0.0011011214646841	Group D
5:171603387:A:G	5	171603387	G	rs7735779	0.33972102701664	0.0	0.0001679130420831	Group D
5:172007558:C:A	5	172007558	A	rs6876578	0.467128717899323	-0.0017000618329146	0.0012555761053535	Group D
5:172157768:C:T	5	172157768	T	rs322394	0.485574823617935	0.0019460529901031	0.00020237254147000006	Group D
5:172160736:A:G	5	172160736	G	rs322396	0.682128548622131	0.0	0.0003770552675348	Group D
5:172342029:G:GT	5	172342029	GT	rs35941893	0.0	0.0	2.52881790298885e-05	Group D
5:172839584:G:A	5	172839584	A	rs17075905	0.60499684214592	0.0	0.000463694483431	Group D
5:172983353:C:T	5	172983353	T	rs9313636	0.59525380730629	0.0009309091084538	0.0006358297957225	Group D
5:173022413:A:G	5	173022413	G	rs421239	0.528345850110054	-5.90841249075593e-05	0.0007828938240544407	Group D
5:173107759:A:G	5	173107759	G	rs13187242	0.483068126440048	0.0	0.0003467693125507	Group D
5:173204210:A:G	5	173204210	G	rs812618	0.578428936004639	-0.0029708576723443	0.00046404125831219986	Group D
5:173593546:A:G	5	173593546	Group D	rs10056430	0.749442565441132	-0.0013009848463687	0.0013009848463687	Group D
5:173601704:C:T	5	173601704	T	rs871503	0.301616145670414	0.0	0.0010177074827407	Group D
5:173749575:T:C	5	173749575	C	rs6861937	0.282236762344837	0.0012083533967183	0.0005196067379266	Group D
5:173750565:C:T	5	173750565	T	rs2162728	0.384209823608398	0.0011318234142278	0.0007328869827558	Group D
5:173762787:G:A	5	173762787	A	rs17077345	0.538565236330032	0.0	0.0002119115760156	Group D
5:173863445:A:G	5	173863445	G	rs2913530	0.444591817259789	0.0005463660871111	0.0005489163783765	Group D
5:174272876:C:A	5	174272876	A	rs6556164	0.354942911863327	0.0012399721171085	0.0004511990089469001	Group D
5:174274276:G:T	5	174274276	T	rs6556165	0.435972431302071	0.0001144613981545	0.00022890120194670003	Group D
5:174302292:G:A	5	174302292	A	rs396585	0.566722077131271	0.0	0.0003647513294625	Group D
5:174420134:C:T	5	174420134	T	rs10053632	0.324052654206753	0.0	0.0002965983477461	Group D
5:174428848:T:C	5	174428848	C	rs10516123	0.392163428664207	0.0008797205588876	0.000510753382482	Group D
5:174629627:C:T	5	174629627	Group D	rs6556193	0.744895297288895	0.0002890253990313	0.0002890253990313	Group D
5:174866920:T:C	5	174866920	C	rs251937	0.450817978382111	-0.0008832606240738	0.000698608598166	Group D
5:175204022:C:T	5	175204022	T	rs2382072	0.359144526720047	0.0011253582157933	0.0006023082775231	Group D
5:175806850:G:T	5	175806850	T	rs11956308	0.503236195445061	0.0	2.16393378905557e-05	Group D
5:176516631:G:A	5	176516631	A	rs1966265	0.725455188751221	-0.0001069934996265	0.0002890407226071	Group D
5:176637240:G:T	5	176637240	T	rs3733875	0.225902235507965	-0.005285699959836	0.0001944193378823995	Group D
5:176637576:T:C	5	176637576	C	rs28932178	0.170171514153481	-0.0014447708749194	0.00022119465286779983	Group D
5:176740244:A:G	5	176740244	G	rs11949767	0.35351304858923	0.0002654233292476	0.0007938184366149	Group D
5:177044707:C:T	5	177044707	T	rs6600989	0.294404920935631	8.5841431492986e-05	0.00041854264113741404	Group D
5:177548085:C:A	5	177548085	A	rs7712666	0.687087368965149	0.0030305170221036	0.0005220992032036998	Group D
5:177589632:C:T	5	177589632	T	rs11952173	0.612565314769745	0.0	0.0006571357381353	Group D
5:177611667:A:G	5	177611667	G	rs9647596	0.363385024666786	-0.0005514497762523	0.00015944889692079997	Group D
5:177623076:G:A	5	177623076	A	rs2913815	0.621999514102936	-6.78678299666109e-05	4.5219176491469905e-05	Group D
5:177656701:C:A	5	177656701	A	rs2913862	0.472461667656899	0.0	2.9579008302902e-05	Group D
5:177683377:T:C	5	177683377	C	rs890802	0.615572160482407	0.0	0.00044243720894	Group D
5:177743772:G:A	5	177743772	A	rs2913779	0.50664464533329	0.0	0.0002079417911813	Group D
5:178042033:G:A	5	178042033	A	rs602451	0.36663630604744	0.0	0.0001818672623971	Group D
5:178459426:A:C	5	178459426	C	rs17078991	0.203754471242428	0.0014962620656764	0.0004176624198095999	Group D
5:178640760:A:C	5	178640760	C	rs466750	0.578570663928986	-0.0043565965412808	0.0007538530610009002	Group D
5:178974997:G:A	5	178974997	A	rs7733389	0.451006126403809	0.0028973253718289	0.0004761584695553	Group D
5:178991794:G:A	5	178991794	A	rs4700810	0.43966346681118	0.0006297456254656	0.00037832677359189997	Group D
5:178997373:C:T	5	178997373	Group D	rs4075890	0.237287726998329	1.77491587815036e-05	1.77491587815036e-05	Group D
5:178997692:G:A	5	178997692	A	rs4701133	0.175360830128193	-0.0002669368617566	0.00040192456283200004	Group D
5:179000849:T:C	5	179000849	C	rs12521172	0.156893585622311	0.000386309540538	0.0001785825278426	Group D
5:179249073:A:C	5	179249073	Group D	rs513165	0.844168931245804	-0.0033875810591785	0.0033875810591785	Group D
5:179264731:T:C	5	179264731	C	rs10277	0.40425640642643	-0.0011989056262659	0.0012903380645621003	Group D
5:179740827:T:C	5	179740827	C	rs2303007	0.668162274360657	0.0	0.0001297734363984	Group D
5:179925571:A:G	5	179925571	G	rs13181218	0.695077830553055	0.0008288422853472	0.0008852934888614001	Group D
5:180039606:C:T	5	180039606	T	rs1130379	0.591008943319321	0.0027910617706024	0.0011696442671858	Group D
5:180338368:A:G	5	180338368	G	rs2276995	0.662045496702194	-0.001623068190885	0.0004905690088753999	Group D
5:180600297:T:C	5	180600297	Group D	rs2391738	0.782046723365784	-0.0023158966415694	0.0023158966415694	Group D
5:180603691:A:G	5	180603691	G	rs2387724	0.623890101909638	0.0	0.0029066999298062	Group D
5:180611340:A:G	5	180611340	Group D	rs7713229	0.828617173433304	-0.0016559849114842	0.0016559849114842	Group D
6:403799:A:G	6	403799	G	rs3778607	0.571123600006104	0.0033251585687744	0.00044459544435330014	Group D
6:411064:A:G	6	411064	G	rs872071	0.725527626276016	0.0093413444131471	0.0005151900275163004	Group D
6:563013:C:T	6	563013	T	rs3765437	0.249300655722618	-0.0006163291819938	0.00022505100832769995	Group D
6:574810:T:C	6	574810	C	rs11758772	0.220948092639446	-0.0013921251251509	0.0005676548609966998	Group D
6:891210:A:G	6	891210	G	rs2756318	0.672631871700287	-0.0010236713841932	0.0004977084222410001	Group D
6:1002080:T:G	6	1002080	Group D	rs76057329	0.809447687864304	0.0008925570901563	0.0008925570901563	Group D
6:1022562:G:A	6	1022562	A	rs845880	0.513496935367584	-0.004764212359888	0.0007404474587964002	Group D
6:1133527:T:C	6	1133527	C	rs11242667	0.522624185681343	0.0001868102763257	0.0010347558583820998	Group D
6:1361900:G:A	6	1361900	A	rs9405468	0.441330695152283	0.0011834298259125	0.0009849958851029998	Group D
6:1463554:C:T	6	1463554	T	rs6926308	0.33310634791851	0.001493466045281	0.0003272809905561999	Group D
6:1514652:C:T	6	1514652	Group D	rs3902814	0.751645582914352	0.0009200916441788	0.0009200916441788	Group D
6:1582559:T:C	6	1582559	C	rs6916316	0.601803666353226	0.0	0.0004296861065273	Group D
6:1583600:G:A	6	1583600	A	rs7772118	0.410354509949684	5.99326779829089e-05	0.0007155876350260911	Group D
6:1584974:T:C	6	1584974	C	rs4959580	0.407123166322708	0.0	0.0001660187338614	Group D
6:1723356:G:T	6	1723356	Group D	rs9378652	0.753257304430008	0.0026902333360605	0.0026902333360605	Group D
6:2037175:C:T	6	2037175	T	rs11242732	0.337262001633644	-0.0001738476584494	0.0004972302029597	Group D
6:2199634:T:C	6	2199634	C	rs12528102	0.543382412195206	0.0	0.0003584822876023	Group D
6:2644839:A:G	6	2644839	G	rs6903273	0.549304619431496	0.0	0.0001600403636649	Group D
6:2783985:T:G	6	2783985	G	rs3823104	0.910131442546844	-0.0033301778460489	0.0013318618894467	Group D
6:2891282:G:C	6	2891282	Group D	rs11751892	0.866998946666718	0.0087245183169889	0.0087245183169889	Group B
6:2912277:G:A	6	2912277	A	rs318497	0.245027893781662	0.0043955929365964	0.0013931688101793006	Group D
6:3369031:A:G	6	3369031	G	rs9503565	0.614066129922867	0.0	0.0011183448426225	Group D
6:3371291:G:A	6	3371291	Group D	rs981946	0.818966168165207	-0.0017566160082579	0.0017566160082579	Group D
6:3485964:C:T	6	3485964	T	rs1205038	0.283127897977829	-0.0014835126902147	0.00034253480964789996	Group D
6:5476518:G:A	6	5476518	A	rs450366	0.0	-0.0009628194501181	0.0007302376193188	Group D
6:5984539:G:A	6	5984539	Group D	rs912019	0.779102927446365	0.0001106231261	0.0001106231261	Group D
6:6179882:T:C	6	6179882	C	rs3778353	0.361512944102287	-0.0002087061463827	0.0005674437259579999	Group D
6:6246984:C:T	6	6246984	T	rs1267843	0.770804190635681	-0.0024885730956053	0.0017001072466942002	Group D
6:6249702:T:C	6	6249702	C	rs3024387	0.488401997089386	0.0	0.0002434115184705	Group D
6:6621508:C:T	6	6621508	T	rs3804474	0.748426932096481	-0.0057521688045358	0.0016017563234668004	Group D
6:6659374:T:C	6	6659374	Group D	rs201006	0.805993795394898	-0.0012481353566982	0.0012481353566982	Group D
6:6662939:A:G	6	6662939	G	rs201011	0.438684660196304	0.0	0.0014233424357125	Group D
6:6886326:C:T	6	6886326	Group D	rs11967438	0.759544050693512	-2.23253388102865e-05	2.23253388102865e-05	Group D
6:6899063:G:C	6	6899063	C	rs6934349	0.599051809310913	-0.0004090537617734	0.0006357044041291001	Group D
6:6901007:T:G	6	6901007	Group D	rs3748060	0.737457019090653	6.49875950652468e-05	6.49875950652468e-05	Group D
6:6901659:A:G	6	6901659	G	rs2326837	0.619171813130379	0.0019729413440679	0.0008742862308352001	Group D
6:7143604:A:G	6	7143604	G	rs482393	0.885912454128265	0.0081334029731974	0.004433649514253701	Group B
6:7156901:T:C	6	7156901	C	rs1285882	0.618752932548523	0.0	0.0067410744599033	Group B
6:7166238:A:G	6	7166238	Group D	rs9405328	0.753800988197327	0.0050206155791354	0.0050206155791354	Group B
6:7247248:T:C	6	7247248	C	rs2256596	0.627208089828491	0.0	8.41581049778091e-05	Group D
6:7261881:G:T	6	7261881	Group D	rs2714346	0.896657377481461	-0.0001553599835527	0.0001553599835527	Group D
6:7673539:G:T	6	7673539	T	rs6910546	0.715748512744904	0.0	0.0001383895785246	Group D
6:7732967:C:A	6	7732967	A	rs56339627	0.649699783325195	0.0	0.0007416849002558	Group D
6:7757374:G:A	6	7757374	A	rs270404	0.438962906599045	0.0	5.82838817396377e-05	Group D
6:8151097:G:T	6	8151097	T	rs6902103	0.326695516705513	0.0011032197045948	0.0005240003065402001	Group D
6:8318698:G:A	6	8318698	A	rs4959478	0.390430396795273	0.0005456568373094	0.0005209102581612999	Group D
6:8855948:A:G	6	8855948	G	rs9393069	0.599024420976639	0.0	0.0005062358580067	Group D
6:9102386:G:A	6	9102386	A	rs4626470	0.606982213258743	0.0002941470728564	0.0005360745308726	Group D
6:10033272:T:C	6	10033272	C	rs1322827	0.673553001880646	-0.0027496725774499	0.0005483452664479999	Group D
6:10452463:A:G	6	10452463	Group D	rs303073	0.780783921480179	-0.0002773187832482	0.0002773187832482	Group D
6:10539289:T:G	6	10539289	G	rs1226013	0.197956605255604	-0.0020917484138166	0.0007726668913562002	Group D
6:11500617:T:G	6	11500617	G	rs9394119	0.605161845684052	0.0	0.0006004538326682	Group D
6:11919414:C:T	6	11919414	T	rs6938400	0.767163169384003	-0.0031165272131193	0.0026287439994856	Group D
6:12124587:C:G	6	12124587	G	rs2228212	0.616183227300644	0.0	0.0003392382453712	Group D
6:12124855:G:A	6	12124855	A	rs2228213	0.661512809991837	-0.0035713403195996	0.000848045495978	Group D
6:12233888:C:T	6	12233888	Group D	rs10947858	0.767019408941269	-0.0008043416062209	0.0008043416062209	Group D
6:12292772:G:T	6	12292772	Group D	rs2070699	0.760893386602402	-0.0003978378979785	0.0003978378979785	Group D
6:12354681:T:C	6	12354681	C	rs12332935	0.457119226455689	0.0	0.0002227140156222	Group D
6:13173833:G:A	6	13173833	A	rs1223552	0.548764786124229	0.0	0.0002358124329623	Group D
6:13180454:T:C	6	13180454	Group D	rs11757278	0.842832112312317	-0.0013857654428772	0.0013857654428772	Group D
6:13519434:C:T	6	13519434	T	rs2841528	0.443121060729027	0.0017787474827806	0.0004154763894930998	Group D
6:13638984:A:G	6	13638984	G	rs4715451	0.724700802564621	0.0	0.0006306728225141	Group D
6:13716592:A:G	6	13716592	G	rs441125	0.75762186050415	0.0034157331002732	0.0028551159622242	Group D
6:13719673:G:A	6	13719673	A	rs412970	0.352730709314346	0.0	0.0019948637739762	Group D
6:13733565:C:T	6	13733565	Group D	rs204236	0.763968545198441	0.003240633708012	0.003240633708012	Group D
6:13736025:C:T	6	13736025	T	rs204233	0.371504133939743	0.0	0.000717500813944	Group D
6:13755516:G:A	6	13755516	A	rs1573701	0.554194742441177	0.0	0.0009615652763081	Group D
6:14009291:G:T	6	14009291	T	rs16874548	0.514456337690353	-0.0001649068808608	0.0008561706404828	Group D
6:14355492:T:C	6	14355492	C	rs9476540	0.871719831228256	0.0017821745994207	0.0017107251819451102	Group D
6:14573063:A:G	6	14573063	G	rs9296938	0.331234088540077	0.0011835556742458	0.0010950783035729998	Group D
6:14715882:T:C	6	14715882	C	rs1267499	0.481108620762825	-0.0022656469300565	0.00020974545348069994	Group D
6:14716037:C:T	6	14716037	T	rs1267495	0.513475352525711	-0.0001693404068495	0.0007281545065625	Group D
6:15480898:C:T	6	15480898	Group D	rs2049951	0.788676357269287	0.0014879803226183	0.0014879803226183	Group D
6:15496662:C:CT	6	15496662	CT	rs1308265490	0.0	0.0010551068587925	0.0011739652538425	Group D
6:16024045:G:A	6	16024045	A	rs1342741	0.518786987662315	-0.0009135359691076	0.0008981473958082999	Group D
6:16223761:G:T	6	16223761	Group D	rs4712278	0.0	0.0001642184100515	0.0001642184100515	Group D
6:16226268:A:G	6	16226268	G	rs9367903	0.391176667809486	0.0007590708459482	0.0006757445802751	Group D
6:16376624:C:T	6	16376624	T	rs2237217	0.422611439228058	0.0024663585900813	0.0006910258587391003	Group D
6:16399590:G:A	6	16399590	Group D	rs12194346	0.840457212924957	-0.000529658847662	0.000529658847662	Group D
6:16577468:G:A	6	16577468	Group D	rs62389005	0.740527093410492	-0.0017408010598622	0.0017408010598622	Group D
6:16685387:T:TG	6	16685387	TG	rs5874569	0.0	0.0	0.0002385130766641	Group D
6:16724881:T:C	6	16724881	C	rs3828868	0.442739310860634	0.0	0.0001121766914582	Group D
6:16948451:G:A	6	16948451	A	rs17770697	0.444897788763046	0.0	0.0001361104609178	Group D
6:17278707:A:G	6	17278707	G	rs6941910	0.90372656583786	-0.0033156307364655	0.0017068603561698002	Group D
6:17364146:A:C	6	17364146	C	rs6459534	0.622215676307678	0.0	8.88729891892888e-06	Group D
6:17381817:T:G	6	17381817	G	rs1417722	0.692213118076325	0.0014164030895524	0.0003449717125238998	Group D
6:18080251:T:C	6	18080251	C	rs4072775	0.3772067964077	0.0054409393453217	0.00048423780165190045	Group D
6:18118098:G:A	6	18118098	A	rs9477630	0.312076225876808	-0.0014802800890185	0.0004494381175455999	Group D
6:18531115:A:G	6	18531115	G	rs4645427	0.436150398850441	-0.0031707657597599	0.0005189323564534004	Group D
6:20185051:A:G	6	20185051	G	rs555017	0.3761873036623	0.0046795463133894	0.0008647339208962997	Group D
6:20201181:G:A	6	20201181	Group D	rs11752473	0.735645818710327	0.0039445425688549	0.0039445425688549	Group B
6:20202770:G:A	6	20202770	A	rs10447379	0.656838536262512	0.0	0.0029088583823876	Group D
6:20745074:G:T	6	20745074	T	rs4710945	0.384544995427132	0.0004983462180483	0.00041540573002450004	Group D
6:21209999:A:G	6	21209999	G	rs1563728	0.46041704416275	0.0004682363909547	0.0013702975457246	Group D
6:22034957:C:T	6	22034957	T	rs17261417	0.324752122163773	0.0005963789337731	0.0006283025945597	Group D
6:22207494:C:T	6	22207494	T	rs17262993	0.290534307062626	0.0004437339878287	0.0006563946781626	Group D
6:22341469:G:A	6	22341469	Group D	rs1205896	0.791804498434067	0.0018827457451951	0.0018827457451951	Group D
6:22343301:A:G	6	22343301	G	rs1935007	0.578698009252548	0.0	0.0005023564363636	Group D
6:22367165:G:A	6	22367165	A	rs10484723	0.671562439203262	0.0	0.0015120138751616	Group D
6:22403373:C:T	6	22403373	T	rs6933317	0.505577805638313	0.0030267664057932	0.0009508844010473996	Group D
6:22409619:G:A	6	22409619	Group D	rs12664860	0.473517614603043	0.0005146722381943	0.0005146722381943	Group D
6:22942213:G:A	6	22942213	A	rs4712728	0.121812734752893	0.0007229471390101	0.0009924225724350002	Group D
6:23208904:A:G	6	23208904	G	rs9379482	0.481725588440895	0.0019118546524323	0.0006655636194557002	Group D
6:23264838:A:C	6	23264838	C	rs7774358	0.428662493824959	-0.0005746240949815	0.000601751377105	Group D
6:23442229:T:C	6	23442229	C	rs926453	0.527694603800774	0.0021141021141222	0.0005384375713101	Group D
6:23479628:A:G	6	23479628	G	rs1007959	0.521392345428467	0.0028261800251458	0.0005021573107986997	Group D
6:23526237:C:T	6	23526237	T	rs7738398	0.438224053382874	-0.0064793783992008	0.0006335083422146998	Group D
6:24584181:T:C	6	24584181	C	rs6902039	0.716976422071457	0.0006866689070789	0.0007244297637845999	Group D
6:24806594:C:T	6	24806594	T	rs9358799	0.531469658017159	-0.0124449418692759	0.00045541341254919966	Group D
6:25057429:A:G	6	25057429	Group D	rs1555431	0.74045415520668	0.0026215799814167	0.0026215799814167	Group D
6:25064919:C:T	6	25064919	T	rs9379712	0.329387265443802	0.0	0.0011434511789312	Group D
6:25167537:G:A	6	25167537	Group D	rs67294720	0.776845848560333	-0.0010622456688233	0.0010622456688233	Group D
6:25223827:T:C	6	25223827	C	rs2328874	0.803574043512344	-0.0036599166990418	0.0028544148825597002	Group D
6:25862466:C:T	6	25862466	T	rs1165165	0.303864373266697	0.0014995999735189	0.0011769374303930002	Group D
6:26370660:G:A	6	26370660	A	rs12205731	0.364745658636093	0.0048526912589812	0.00094523319555	Group D
6:27277051:C:T	6	27277051	T	rs41269255	0.355099865794182	-0.0019575438949761	0.0009685923419193998	Group D
6:29141849:T:C	6	29141849	C	rs3116856	0.311166815459728	0.0023444701165733	0.00016779580144209985	Group D
6:29523952:A:G	6	29523952	G	rs2076485	0.480329701304436	0.0034126355090542	0.0005876444884060999	Group D
6:29797695:GAAA:G	6	29797695	G	rs1304601122	0.0	-0.0061011945105395	0.000771704799234	Group D
HLA-A*0101	6	29911349	+	HLA-A*0101	0.0	-0.0055173260644825	0.0018414963536932992	Group D
HLA-A*0301	6	29911349	+	HLA-A*0301	0.0	0.0011993351635594	8.874371997740003e-05	Group D
HLA-A*2402	6	29911349	+	HLA-A*2402	0.0	-0.0028445694703873	0.0029971237025523	Group D
6:30025503:G:A	6	30025503	A	rs259919	0.205508299171925	-0.0027563322055795	0.0016536902321738999	Group D
6:30313268:G:A	6	30313268	A	rs11967	0.739210522174835	0.0020381302657917	0.0010780747705282998	Group D
6:30890871:T:C	6	30890871	C	rs753725	0.230702093243599	0.0004853359941347	0.00019519453753759998	Group D
6:30993533:A:G	6	30993533	G	rs2523898	0.424176678061485	-0.0018259175436365	0.0001767924786291999	Group D
6:31079889:C:G	6	31079889	G	rs1265053	0.239066687226295	0.0031551617688984	0.0034550026022191005	Group D
6:31105857:AG:A	6	31105857	A	rs79153019	0.0	0.0038734502753094	0.0018418634197371999	Group D
6:31106501:C:CC	6	31106501	CC	Affx-89026413	0.0	0.0052603975329237	0.0003051329033257003	Group D
6:31107648:C:T	6	31107648	Group D	rs1063646	0.290826952457428	0.0004583936284696	0.0004583936284696	Group D
6:31145920:C:T	6	31145920	T	rs887464	0.466974005103111	-0.0027546039837106	0.003925114181308101	Group B
6:31237124:T:C	6	31237124	C	rs1130838	0.633837842941284	0.0100430246456328	0.0019608178600857007	Group D
HLA-C*0401	6	31238217	+	HLA-C*0401	0.0	0.018997368943717	0.000172415283876199	Group D
HLA-C*0501	6	31238217	+	HLA-C*0501	0.0	0.0	0.0005450735084891	Group D
6:31241639:A:G	6	31241639	Group D	rs2524084	0.784968042373657	-0.008400256257837	0.008400256257837	Group B
6:31263051:A:G	6	31263051	G	rs2853926	0.221796260774136	0.0	0.0043039833394942	Group B
6:31272421:T:C	6	31272421	Group D	rs9264899	0.739006131887436	0.0103081734449061	0.0103081734449061	Group B
6:31319355:G:T	6	31319355	T	rs2442728	0.344544744491577	-0.0099353430328735	0.0013658911632239996	Group D
HLA-B*0801	6	31323307	+	HLA-B*0801	0.0	-0.0054607304679827	0.0017315584288416005	Group D
6:31368540:C:G	6	31368540	G	rs2523452	0.812980395555496	0.0026548912781918	0.00029013923679420016	Group D
6:31379109:G:A	6	31379109	A	rs1051794	0.228475084900856	0.0002062713213729	0.00020759829730079997	Group D
6:31380198:C:T	6	31380198	T	rs61738275	0.319302228093147	0.0008300959729349	0.00011168018967489999	Group D
6:31446546:T:C	6	31446546	C	rs2248373	0.210196812450886	-1.60176120997686e-05	0.003927255318888231	Group B
6:31474000:G:A	6	31474000	A	rs1051788	0.370313656330109	0.0	0.0004119133340679	Group D
6:31477681:A:G	6	31477681	G	rs1065076	0.29723816215992	-0.0035749513684648	0.0020976040045753	Group D
6:31506691:G:A	6	31506691	A	rs2071596	0.327623745799065	-0.0135172399181236	0.00019014682537839972	Group D
6:31513402:G:A	6	31513402	A	rs2239705	0.362565565109253	0.0	0.0021089839752185	Group D
6:31528130:C:T	6	31528130	Group D	rs4947324	0.851815783977509	0.0023323640496835	0.0023323640496835	Group D
6:31531215:T:G	6	31531215	Group D	rs928815	0.740338110923767	0.0101367189814895	0.0101367189814895	Group B
6:31536224:A:G	6	31536224	G	rs2844484	0.676562350988388	0.0	0.0052090646509134	Group B
6:31540784:C:A	6	31540784	Group D	rs1041981	0.804489099979401	-0.000534035557653	0.000534035557653	Group D
6:31542308:T:C	6	31542308	C	rs1799964	0.412905722856522	0.0	1.31584696097462e-05	Group D
6:31564821:C:T	6	31564821	T	rs2844480	0.276814562082291	0.0011782913970524	0.003383507135206	Group D
6:31625507:G:T	6	31625507	T	rs707922	0.404046201705933	0.0024822339275354	0.0006472238567094002	Group D
6:31639757:G:A	6	31639757	A	rs805267	0.345931234955788	0.0	0.00021365196307	Group D
6:31936668:T:C	6	31936668	C	rs410851	0.548635563254356	0.0054744630664059	0.00011252968001500014	Group D
6:32050067:T:C	6	32050067	Group D	rs185819	0.350797282159328	0.0003163874965227	0.0003163874965227	Group D
6:32208921:G:A	6	32208921	A	rs439303	0.476596823334694	0.0041564356352868	0.0005359900823142007	Group D
6:32405192:T:G	6	32405192	Group D	rs3135395	0.762871313095093	0.0033416933992479	0.0033416933992479	Group D
6:32409530:G:A	6	32409530	A	rs3129882	0.162411182373762	0.0029378979101537	0.0023092550548583	Group D
6:32546879:A:G	6	32546879	G	rs35445101	0.0	0.0025357841982602	0.0016011818538176	Group D
HLA-DRB1*0101	6	32552086	+	HLA-DRB1*0101	0.0	0.0144497273294607	0.0005023699959800006	Group D
HLA-DRB1*0103	6	32552086	+	HLA-DRB1*0103	0.0	-0.0089516986119424	0.006765121934253798	Group B
6:32565004:A:G	6	32565004	G	rs28366353	0.120345347374678	0.0	0.0002321299437248	Group D
HLA-DQA1*0102	6	32605398	+	HLA-DQA1*0102	0.0	-0.0035465244763817	0.0027932670093995	Group D
6:32629809:C:T	6	32629809	T	rs701564	0.539227196574211	0.0	0.0001902579285258	Group D
6:32731710:A:G	6	32731710	G	rs1978029	0.391625887155533	0.0	6.42181598567076e-05	Group D
6:32796685:A:G	6	32796685	G	rs241448	0.627357566356659	0.0057547186387164	0.00012412638494019995	Group D
6:32804570:G:A	6	32804570	A	rs3819720	0.304249216616154	0.0038159652137051	0.0006551934830033002	Group D
6:32904981:G:A	6	32904981	A	rs1042337	0.512635645270348	-0.0013946856507258	0.0011021067237842002	Group D
6:32975381:A:G	6	32975381	G	rs453779	0.33840726017952	0.001906766651543	0.00025159238201860005	Group D
6:33019643:T:G	6	33019643	G	rs440841	0.536947411298752	0.0032092187110007	0.0003315020480001	Group D
6:33153528:C:T	6	33153528	T	rs9277934	0.273806393146515	-0.0014953331391124	0.00021298451446680015	Group D
6:33272855:G:C	6	33272855	C	rs2071888	0.333212351799011	0.0011295609138	0.00017386367388969991	Group D
6:33542661:G:T	6	33542661	T	rs11757379	0.671295827627182	0.0002962931601332	0.0008670091063019001	Group D
6:33557225:A:G	6	33557225	G	rs430655	0.51295440196991	-0.001778902786554	0.00010126077893730001	Group D
6:33562720:C:T	6	33562720	T	rs6929774	0.301408100128174	-0.0044779003308288	0.0004934856870032001	Group D
6:33679807:A:G	6	33679807	Group D	rs3818532	0.761007690429688	0.0005164425696514	0.0005164425696514	Group D
6:33690796:C:T	6	33690796	T	rs4713668	0.101804591715336	-0.0041365755674299	0.0004948811469766999	Group D
6:34016786:C:T	6	34016786	T	rs2451328	0.595565736293793	0.0	0.0006254129491552	Group D
6:34217181:C:A	6	34217181	A	rs1150777	0.617121934890747	0.0072297866823671	0.0009205792712659996	Group D
6:34255476:T:C	6	34255476	C	rs206942	0.246752381324768	-0.0007336637157521	0.0003976524325154001	Group D
6:34824636:A:G	6	34824636	G	rs11755393	0.384474340081215	-0.002714895682694	1.3523760176499967e-05	Group D
6:34827085:A:T	6	34827085	T	rs9469913	0.264965176582336	-0.0007779640953227	0.0004952646778723	Group D
6:35033891:G:A	6	35033891	A	rs820076	0.451877948641777	0.0	1.13558754267724e-05	Group D
6:35272274:C:T	6	35272274	T	rs10807150	0.333975294232368	0.0	0.0010017948725039	Group D
6:35439932:T:C	6	35439932	Group D	rs12525930	0.760112988948822	0.0003569129671242	0.0003569129671242	Group D
6:35465786:A:C	6	35465786	Group D	rs1051952	0.888565891981125	-0.0007298185571751	0.0007298185571751	Group D
6:35646435:T:C	6	35646435	C	rs9470080	0.379840764403343	0.0	0.0008294726748622	Group D
6:35658327:C:T	6	35658327	Group D	rs9380526	0.751724511384964	0.0021906220854334	0.0021906220854334	Group D
6:35787417:C:T	6	35787417	T	rs879493	0.369813829660416	0.0	0.001018616535989	Group D
6:35901378:A:G	6	35901378	Group D	rs668438	0.886305660009384	-0.001813166848483	0.001813166848483	Group D
6:36270130:C:A	6	36270130	A	rs12199580	0.460285502672195	0.004845210170103	2.613544792430013e-05	Group D
6:36393816:A:G	6	36393816	G	rs664370	0.535526230931282	-0.0035012372087412	0.0005534143785185003	Group D
6:36922684:A:C	6	36922684	C	rs1405069	0.530804401636124	-0.0015593261525188	0.00036676466476799987	Group D
6:37492336:G:A	6	37492336	Group D	rs11754662	0.900151419639587	0.0014758930476592	0.0014758930476592	Group D
6:37579375:T:G	6	37579375	G	rs2051071	0.515034240484238	0.0	8.72930497642767e-05	Group D
6:38650628:T:G	6	38650628	G	rs4746	0.472414728999138	0.0005899034836229	0.00020932796662839997	Group D
6:38773293:G:A	6	38773293	A	rs874808	0.408916655182838	-0.0021700306630595	0.00018039052309270012	Group D
6:38980081:A:G	6	38980081	G	rs10484847	0.430004251003265	0.0	0.0002940671340105	Group D
6:39034072:G:A	6	39034072	A	rs6923761	0.648194164037705	0.0001849878713046	0.0003058631886279999	Group D
6:40069436:G:T	6	40069436	T	rs3008841	0.265196520090103	0.0	0.0004036202982841	Group D
6:40185308:A:C	6	40185308	C	rs35032383	0.754801291227341	0.0057677641653609	0.004011543023372	Group B
6:40261080:A:G	6	40261080	G	rs4714323	0.545432707667351	0.0	0.0003668172258224	Group D
6:40400288:C:T	6	40400288	T	rs61731040	0.534716045856476	0.0011076391750504	0.001632492434445	Group D
6:40591938:G:A	6	40591938	A	rs2473568	0.369327238202095	8.22792777802164e-05	0.0009716655518101837	Group D
6:40867771:G:A	6	40867771	A	rs914509	0.713120102882385	-0.0008305697018322	0.0005920637539009001	Group D
6:41089681:A:G	6	41089681	G	rs722442	0.518017300963402	0.0022381199282881	0.0010643564506597003	Group D
6:41168337:A:C	6	41168337	Group D	rs4714431	0.905426490306854	-0.0007401615833366	0.0007401615833366	Group D
6:41925159:G:A	6	41925159	Group D	rs9349205	0.750931906700134	-0.0003171288860735	0.0003171288860735	Group D
6:41991061:A:G	6	41991061	G	rs4714552	0.73984888792038	-0.0019160180950464	0.0016666051749671	Group D
6:42016246:T:C	6	42016246	Group D	rs10456506	0.892333960533142	0.0181257483339573	0.0181257483339573	Group A
6:42024285:G:A	6	42024285	A	rs10948011	0.67782467007637	0.0	0.0139457348342785	Group B
6:42034685:C:T	6	42034685	T	rs2493833	0.542892974615097	0.0	0.0013172801735996	Group D
6:42044945:G:A	6	42044945	A	rs3800286	0.514219564199448	-0.0041612730474749	0.0002518528555263003	Group D
6:42074872:A:C	6	42074872	C	rs11758539	0.650089246034622	0.0002466958086992	0.0011455079729954	Group D
6:42284097:G:C	6	42284097	C	rs77522	0.456282684206963	0.0	0.0002403973843944	Group D
6:42627434:G:A	6	42627434	A	rs6917033	0.27696296274662	2.31556380815603e-05	0.0006023970975811396	Group D
6:42666164:G:C	6	42666164	C	rs390659	0.334400627017021	0.0	0.000171158621862	Group D
6:43230970:G:C	6	43230970	C	rs3800294	0.534557098150253	-0.0015377148662246	0.0003711443508637	Group D
6:43273604:A:G	6	43273604	G	rs2242416	0.287524695694447	0.0008466094705756	0.0003574018193998001	Group D
6:43412865:T:C	6	43412865	C	rs2125739	0.229416485130787	0.0018677565811904	0.0004984479838569	Group D
6:43789616:A:G	6	43789616	G	rs6458350	0.504996430873871	0.0	1.12408211477429e-05	Group D
6:43865321:G:A	6	43865321	A	rs1570986	0.432710295915604	0.000403253102038	0.0009528915390346	Group D
6:44200953:A:G	6	44200953	G	rs760370	0.48566347360611	0.0	2.25325668756502e-05	Group D
6:44310854:G:A	6	44310854	A	rs10948132	0.442853406071663	-0.0015823530181695	0.00036188344737929997	Group D
6:44586363:C:T	6	44586363	T	rs6913259	0.624700018763542	-0.0075578733906003	0.0003576196625397002	Group D
6:44792718:A:G	6	44792718	G	rs9395049	0.313291703164578	-0.0011474751632977	0.0005801320594678	Group D
6:45529977:C:A	6	45529977	A	rs4714861	0.500019517540932	0.000251039544114	9.04316385109998e-06	Group D
6:45536359:G:T	6	45536359	T	rs7758107	0.283429770171642	0.0022845962078175	0.0007917015274726998	Group D
6:45687333:A:G	6	45687333	G	rs2782660	0.310268701612949	-0.0012360599933487	0.0005473290935128999	Group D
6:45928727:T:C	6	45928727	C	rs4714896	0.432138276100159	-0.0002416510708777	0.0007285551036868	Group D
6:48909996:G:A	6	48909996	A	rs2205870	0.344661408662796	0.0	0.0002569102707912	Group D
6:49014825:C:T	6	49014825	T	rs4431433	0.399939641356468	0.0	3.29919879481248e-05	Group D
6:49022964:T:C	6	49022964	C	rs4440458	0.364867243170738	0.0	9.93610207693477e-05	Group D
6:49217426:C:T	6	49217426	T	rs9381755	0.33926422894001	0.0	0.0003513779962353	Group D
6:49371745:A:G	6	49371745	G	rs2147569	0.19533293992281	0.0	0.0005622231967895	Group D
6:49459978:A:G	6	49459978	Group D	rs2501968	0.189070618152618	3.65542958965559e-05	3.65542958965559e-05	Group D
6:49592298:T:C	6	49592298	C	rs9463520	0.442062023282051	0.0025951543822357	0.0012710920774657002	Group D
6:49701439:C:A	6	49701439	A	rs1864312	0.500791373848915	0.000121259629957	2.574238177600004e-06	Group D
6:51130487:G:T	6	51130487	Group D	rs2397030	0.887730467319489	-0.0008466311579729	0.0008466311579729	Group D
6:51160125:G:A	6	51160125	A	rs2246447	0.451305934786797	0.0001274063894524	0.001357674540075	Group D
6:51769501:T:G	6	51769501	G	rs1321518	0.299666851758957	0.0013486071698683	0.0003921655186951	Group D
6:51797397:T:C	6	51797397	C	rs1266886	0.575178283452988	0.0	0.0002605353191565	Group D
6:52101844:T:C	6	52101844	C	rs2397084	0.680451375246048	0.0007749414060737	0.0011145320152435	Group D
6:52183126:C:A	6	52183126	Group D	rs2012041	0.739613837003708	-0.0007180331068863	0.0007180331068863	Group D
6:52617731:C:G	6	52617731	Group D	rs2180314	0.440688362717629	-3.93522836972162e-05	3.93522836972162e-05	Group D
6:52627698:T:G	6	52627698	G	rs2608632	0.608519273996353	0.0	0.0005209439529578	Group D
6:53113341:G:T	6	53113341	T	rs2562898	0.197102379798889	0.0021719028697718	0.00039688239833560006	Group D
6:53130081:C:T	6	53130081	T	rs2057024	0.359150877594948	0.0080704843989623	0.0002581001415332008	Group D
6:53470399:G:A	6	53470399	A	rs13192979	0.346295657753944	7.5476992266183e-05	0.000941701078279617	Group D
6:53562152:G:A	6	53562152	A	rs4326236	0.332329285144806	-0.0003195008716519	0.000546814257578	Group D
6:53883843:G:A	6	53883843	A	rs17625497	0.63043424487114	0.0001107065893559	5.472444737439999e-05	Group D
6:53989526:G:A	6	53989526	A	rs4712056	0.589338910579681	0.0	0.0004801386420898	Group D
6:54424937:T:G	6	54424937	G	rs6459009	0.347128382325172	0.0	0.0006536664233144	Group D
6:54805688:A:C	6	54805688	C	rs239798	0.509928265213966	-0.000389904835476	0.000574306337015	Group D
6:55356846:T:C	6	55356846	C	rs9464252	0.324793435633183	-0.0004052503935947	0.00040482659287660003	Group D
6:55371939:A:G	6	55371939	G	rs9475323	0.36052134335041	-0.001368720982561	0.0006961024981724999	Group D
6:55372270:T:C	6	55372270	C	rs9475327	0.365819334983826	-1.57459939029017e-06	1.61246951255892e-06	Group D
6:55372418:T:C	6	55372418	C	rs9475328	0.338769724965096	-1.27053873126094e-09	2.1523208262878103e-09	Group D
6:55373299:T:C	6	55373299	Group D	rs7751266	0.543523353338242	-6.12971753628688e-05	6.12971753628688e-05	Group D
6:56214292:G:A	6	56214292	A	rs9296842	0.713754969835281	0.0	0.0002421220560748	Group D
6:56218157:G:A	6	56218157	A	rs9382623	0.433158802986145	0.0	0.0002982107872462	Group D
6:56271872:A:G	6	56271872	G	rs10456188	0.379131895303726	0.0	0.0004054476038704	Group D
6:56290948:T:C	6	56290948	C	rs765289	0.318732935190201	-0.0006945685654079	0.00038721163025999994	Group D
6:56417282:C:T	6	56417282	T	rs4715630	0.585367172956467	0.0	4.23543551594046e-05	Group D
6:64139255:A:C	6	64139255	C	rs1711920	0.395947960019112	6.83801584403082e-05	0.0006878819601275918	Group D
6:65300516:T:G	6	65300516	G	rs57312007	0.462812772393227	0.0033213559363962	0.0005844081795856001	Group D
6:65545393:T:G	6	65545393	G	rs2023578	0.265070974826813	0.0	9.05150305938357e-05	Group D
6:66362817:C:T	6	66362817	T	rs958706	0.322189000248909	-0.001356722154527	0.0006185948890128998	Group D
6:66697003:C:A	6	66697003	A	rs7766730	0.476220774650574	0.0	3.87469045382918e-06	Group D
6:66699333:G:A	6	66699333	A	rs9354354	0.442093873023987	0.0	0.0001549873249894	Group D
6:67433274:T:C	6	67433274	C	rs1455082	0.330540832877159	0.0	7.16021965050551e-05	Group D
6:67681572:T:C	6	67681572	C	rs9345943	0.342412960529327	0.0	0.0001853095458181	Group D
6:68029041:A:G	6	68029041	G	rs9363741	0.601988977193832	0.0	0.0007105172868729	Group D
6:68804067:G:T	6	68804067	T	rs13219267	0.583382123708725	0.0	0.0003223544706358	Group D
6:68945419:C:T	6	68945419	T	rs2603688	0.67238734960556	-0.0020760936948789	0.0001996217717626001	Group D
6:69002165:A:G	6	69002165	G	rs11751542	0.375777590274811	-0.0011423384448584	6.127245736270003e-05	Group D
6:69017791:T:G	6	69017791	G	rs10945092	0.280557082593441	-9.49407030751803e-05	0.0006632952691441197	Group D
6:69039861:A:G	6	69039861	G	rs16899893	0.331783908605576	0.0	1.36240012560123e-05	Group D
6:69816451:A:G	6	69816451	G	rs10485427	0.518722015619278	0.0	0.0003665559504338	Group D
6:69942066:T:G	6	69942066	Group D	rs779463	0.746763789653778	-0.0015237322921437	0.0015237322921437	Group D
6:70733547:C:G	6	70733547	G	rs2273426	0.425986239314079	0.0086889389169747	0.001065081939347401	Group D
6:70966120:G:A	6	70966120	A	rs507676	0.409137326478958	0.0003810638006999	0.00048694740223579995	Group D
6:70984436:A:G	6	70984436	G	rs592121	0.461139389872551	7.37440548390835e-05	0.0001355526871337165	Group D
6:71273253:A:G	6	71273253	G	rs6455371	0.614236903190613	-0.0025676870506224	0.0007863166095561	Group D
6:71609707:A:C	6	71609707	C	rs4707862	0.437899214029312	0.0	0.0005751804607625	Group D
6:72139572:G:A	6	72139572	A	rs1727638	0.527608421444893	0.0	0.0017146661068138	Group D
6:72298195:G:A	6	72298195	Group D	rs72925179	0.752763730287552	-0.0050741020653602	0.0050741020653602	Group B
6:73267169:G:T	6	73267169	T	rs1202116	0.426446837186813	-0.0025888299761558	0.0004369087985962002	Group D
6:73919869:A:G	6	73919869	G	rs4639295	0.502745205163956	0.0	9.94081191259493e-05	Group D
6:74414610:G:T	6	74414610	T	rs7774274	0.514480885863304	5.47320878728699e-05	0.00070297541037603	Group D
6:76660551:G:C	6	76660551	C	rs3734311	0.458824142813683	0.0	9.7421562278376e-05	Group D
6:77652131:T:C	6	77652131	C	rs4426969	0.409059962630272	0.0005037023102493	0.0007760618996209001	Group D
6:78175842:C:T	6	78175842	Group D	rs9361235	0.745358163118362	-0.000307121829279	0.000307121829279	Group D
6:79138509:C:T	6	79138509	T	rs9443563	0.472328606247902	0.0	1.02127165437967e-05	Group D
6:79146107:T:C	6	79146107	C	rs10455116	0.541226106882095	-0.0009950105288537	0.0008429761435505001	Group D
6:81176395:T:C	6	81176395	C	rs486831	0.582664901018143	0.0004638449997418	0.0002134808303647	Group D
6:81182062:C:A	6	81182062	A	rs6913206	0.523587736487389	-0.0023902699257682	0.0004704985375551	Group D
6:81453406:T:G	6	81453406	G	rs9344041	0.696157366037369	0.0001265423309159	0.001119855248727	Group D
6:81492888:T:C	6	81492888	C	rs9344045	0.303693851828575	0.0025053432849733	4.3309269718400014e-05	Group D
6:83510176:A:G	6	83510176	G	rs3857476	0.27557158023119	-0.0013948030975237	0.0007828314508433998	Group D
6:83585800:T:G	6	83585800	G	rs1076710	0.0	0.0	0.0002085388634517	Group D
6:84849717:G:A	6	84849717	A	rs2476900	0.466589912772179	-0.0010245191684892	0.0007635887547394	Group D
6:85038395:C:A	6	85038395	A	rs9350994	0.292412906885147	0.0005667636220162	0.0012561984217924998	Group D
6:85060287:G:A	6	85060287	Group D	rs9449868	0.843074798583984	-0.0009961026940342	0.0009961026940342	Group D
6:86004627:C:T	6	86004627	T	rs499915	0.202242098748684	0.001450547678527	0.00032424876578680015	Group D
6:86008097:T:C	6	86008097	C	rs7759585	0.448486295342445	-0.0004429018984862	0.0008118902987531	Group D
6:86025111:G:A	6	86025111	A	rs911831	0.253769253194332	0.0036249192270824	6.706380427890001e-05	Group D
6:88592819:A:G	6	88592819	G	rs4519980	0.429273566603661	0.0	2.11984909000778e-05	Group D
6:88679785:T:C	6	88679785	C	rs663878	0.486826902627945	0.0	0.0004468481222774	Group D
6:90497589:A:C	6	90497589	C	rs4707569	0.573503124713898	-0.0015553635791736	0.0003250949753607999	Group D
6:90814199:C:T	6	90814199	T	rs6454802	0.467874872684479	-0.0010387994566802	0.0013010986813193	Group D
6:90927728:T:C	6	90927728	C	rs206916	0.471221590042114	-3.80499341158858e-05	0.0012628643917083143	Group D
6:90957463:C:T	6	90957463	T	rs3757247	0.495534554123879	-0.0008909861244803	0.0009118889988767	Group D
6:90973159:C:A	6	90973159	A	rs1847472	0.358399918675423	0.0	0.002511411217588	Group D
6:90976768:G:A	6	90976768	A	rs72928038	0.840601933002472	-0.0112700448360351	0.008367058324083701	Group B
6:90981653:C:T	6	90981653	Group D	rs9111	0.841399967670441	-0.0012147707096409	0.0012147707096409	Group D
6:91173423:G:A	6	91173423	A	rs12664489	0.579593867063522	0.0029571714317529	0.001030752559272	Group D
6:91417393:C:T	6	91417393	T	rs2325312	0.632763528823853	-0.0021893469429065	0.0007624408403145004	Group D
6:91644625:C:T	6	91644625	Group D	rs1145812	0.848481833934784	-0.0039756404417762	0.0039756404417762	Group B
6:91644742:T:G	6	91644742	G	rs1220322	0.462290000915527	0.0	0.0027994216044788	Group D
6:92020516:A:G	6	92020516	G	rs2224062	0.243422956764698	-0.000289293316998	0.00035706972334139997	Group D
6:92225686:C:T	6	92225686	T	rs10944538	0.518330746889114	0.0	0.0006796122329272	Group D
6:92920498:T:C	6	92920498	C	rs10944575	0.197028462588787	-0.0007566533696463	0.0005147458032199999	Group D
6:92961385:C:T	6	92961385	T	rs1444146	0.297977089881897	0.0014366244709744	0.0002775163807636001	Group D
6:93857817:C:T	6	93857817	T	rs4235857	0.253690524399281	-0.0021003624944809	6.757325120229987e-05	Group D
6:93859619:A:G	6	93859619	G	rs998775	0.306119877099991	-0.0004363072595822	0.0004241579380678	Group D
6:93909751:G:A	6	93909751	A	rs7745734	0.416256073117256	0.0019659617857046	0.0008735690536498001	Group D
6:94369637:T:C	6	94369637	C	rs7757023	0.434705954790115	0.0	0.0001579172645739	Group D
6:95110133:A:G	6	95110133	G	rs12216265	0.257805027067661	0.001486261527958	0.0008070731920484999	Group D
6:95890978:A:G	6	95890978	G	rs2251797	0.309243938326836	-0.0016297240556874	0.0012559059918653003	Group D
6:95891910:C:T	6	95891910	T	rs9399724	0.43961768746376	0.0	0.0004728959522079	Group D
6:96025446:A:G	6	96025446	Group D	rs9320526	0.775933116674423	-0.0006189228656282	0.0006189228656282	Group D
6:96212413:A:G	6	96212413	G	rs9321415	0.298461979627609	-0.0007736322292402	0.0007298374611442	Group D
6:97626374:A:G	6	97626374	G	rs1737145	0.247325380146503	0.0	4.53356386667789e-05	Group D
6:98328774:C:T	6	98328774	T	rs9401295	0.596087980270386	0.0	0.0001188490024162	Group D
6:98358575:G:A	6	98358575	A	rs6924808	0.419278353452683	0.0	0.0002853332188981	Group D
6:99413634:T:G	6	99413634	G	rs196964	0.446245816349983	0.0	0.0002653993095456	Group D
6:99475384:T:C	6	99475384	C	rs9402385	0.311990685760975	0.0	0.0005888107069871	Group D
6:99613136:A:G	6	99613136	G	rs12206927	0.369725054502487	0.0010666944379797	0.0007324800233081	Group D
6:99675887:A:C	6	99675887	C	rs7755007	0.220420967042446	0.0	0.000396229310921	Group D
6:100197285:G:A	6	100197285	A	rs7742890	0.422097766399384	0.0	0.0002608195996954	Group D
6:100207327:A:G	6	100207327	G	rs10485227	0.44794057905674	-0.0002760226827464	0.000384094812828	Group D
6:100289337:C:T	6	100289337	T	rs9389752	0.554141810536385	-0.0011376689158537	0.0003033396036849999	Group D
6:100296643:A:G	6	100296643	G	rs9495667	0.360092061758041	0.0	7.59588748247094e-05	Group D
6:100365724:T:C	6	100365724	C	rs9376547	0.229854072630405	0.0	0.0002774731839321	Group D
6:100668277:G:A	6	100668277	A	rs9390146	0.413829657435417	0.0	0.0003858479030013	Group D
6:103182735:T:C	6	103182735	C	rs967404	0.306555142998695	-9.41525762234091e-05	0.0004884961977855909	Group D
6:103916036:C:T	6	103916036	T	rs9322730	0.229686032235622	0.0011996847864232	0.0005938681049501	Group D
6:105400837:A:G	6	105400837	Group D	rs314280	0.790989631414414	-0.0013368306741642	0.0013368306741642	Group D
6:106252343:A:G	6	106252343	Group D	rs1876558	0.736090415716171	-0.0008031241544754	0.0008031241544754	Group D
6:106263076:G:A	6	106263076	Group D	rs7738222	0.771704947948456	0.0004626039275498	0.0004626039275498	Group D
6:106418389:A:C	6	106418389	C	rs9480628	0.348083737492561	0.0	0.0003891920222039	Group D
6:106430085:G:T	6	106430085	Group D	rs4540289	0.829950231313705	-0.0008140415592961	0.0008140415592961	Group D
6:106545118:T:G	6	106545118	Group D	rs1883230	0.770348769426346	0.0001950814655126	0.0001950814655126	Group D
6:106547372:C:G	6	106547372	G	rs811925	0.609861224889755	0.0014069448151117	0.00041303506394150006	Group D
6:106571543:G:A	6	106571543	A	rs11152965	0.564906096458435	0.0003048196706142	0.00021870986352680002	Group D
6:106574352:C:T	6	106574352	T	rs9486285	0.640460562705994	0.001369079297905	0.0037511387850012005	Group B
6:106589496:A:G	6	106589496	G	rs6901662	0.62600217461586	0.0	0.0003946479905787	Group D
6:106591781:A:G	6	106591781	Group D	rs6929396	0.819725030660629	0.0059166623464181	0.0059166623464181	Group B
6:106879750:C:T	6	106879750	T	rs1884462	0.421305885910988	-0.0003409118629022	0.00030301055210890004	Group D
6:106936625:T:G	6	106936625	G	rs9398091	0.84713226556778	0.0021259038159309	0.0015002807192661	Group D
6:107135667:A:G	6	107135667	G	rs9386579	0.339910006523132	0.0	0.0005168462872566	Group D
6:107213273:A:G	6	107213273	G	rs7772155	0.447953426837921	-0.0019336951677326	0.0006229296683884999	Group D
6:107360843:C:T	6	107360843	T	rs3763205	0.377850988507271	0.0	0.0003380344238663	Group D
6:107456170:A:C	6	107456170	C	rs12529070	0.39043006002903	-0.0041109830995229	0.0005823428197003003	Group D
6:108053364:G:A	6	108053364	A	rs12526696	0.834781658649445	0.0117659277367337	0.002736527580599	Group C
6:108292259:C:A	6	108292259	A	rs4946883	0.337475576996803	0.0	3.75295697051972e-05	Group D
6:108493349:C:A	6	108493349	A	rs217520	0.675294578075409	0.0	6.40081034107965e-05	Group D
6:108985481:G:A	6	108985481	A	rs199833934	0.0	0.0020983667339769	0.0007654773866415999	Group D
6:109042459:T:C	6	109042459	C	rs484754	0.76208353638649	-0.0020683919487111	0.002042819345319281	Group D
6:109201129:A:C	6	109201129	C	rs17316116	0.613375371694565	0.0002300385644498	0.0010089677275286	Group D
6:109827716:C:T	6	109827716	T	rs2277114	0.22380904853344	-0.0003490029764429	0.00016016176893489994	Group D
6:109894773:T:A	6	109894773	A	rs12175588	0.236802379786968	0.0008243614858027	0.00044495352823760003	Group D
6:110107517:T:C	6	110107517	C	rs9885672	0.43831952214241	0.0	0.0001299393416233	Group D
6:111394511:G:A	6	111394511	A	rs9481140	0.192641058564186	0.0	3.31889174610472e-05	Group D
6:111628626:C:T	6	111628626	T	rs3204953	0.6805155813694	-0.0022171088786291	0.0009272602698702	Group D
6:111944596:T:G	6	111944596	Group D	rs7764009	0.803483635187149	0.0005836840327446	0.0005836840327446	Group D
6:112083848:C:T	6	112083848	T	rs6926405	0.377428385615349	0.0026951408703043	0.0013243161884065	Group D
6:112179932:G:A	6	112179932	Group D	rs7768046	0.766110330820084	0.0010289407009827	0.0010289407009827	Group D
6:112920979:A:G	6	112920979	G	rs17074170	0.500274094939232	0.0	1.82860986493945e-05	Group D
6:113408783:T:C	6	113408783	C	rs6568751	0.380411767959595	-0.0004866123783816	0.0006264489365499999	Group D
6:113468172:C:T	6	113468172	T	rs2502389	0.728450930118561	-2.89822530639103e-05	0.0001854381889011897	Group D
6:113476791:C:T	6	113476791	T	rs1922941	0.559557700157166	-0.0020796549727325	0.0002005570659135	Group D
6:113509151:C:T	6	113509151	T	rs12154111	0.475400337576866	-0.0001787621025972	0.0001988214549135	Group D
6:113644882:G:A	6	113644882	A	rs1937239	0.316854032874107	0.0001712320154094	0.0010119673792564	Group D
6:116032842:T:C	6	116032842	C	rs9387358	0.442648789286613	-0.0009629435786355	0.0008936033225613	Group D
6:116768917:A:G	6	116768917	Group D	rs2858829	0.836331284046173	-0.0003714316159729	0.0003714316159729	Group D
6:117113761:A:AGG	6	117113761	AGG	rs550458778	0.0	0.0015096372254009	0.0015365348490989999	Group D
6:118016513:T:C	6	118016513	Group D	rs12200948	0.83777237534523	-0.0015299475644214	0.0015299475644214	Group D
6:118052432:T:G	6	118052432	G	rs565122	0.407481446862221	0.0	7.9864072529246e-05	Group D
6:118887303:T:C	6	118887303	C	rs3734381	0.579826319217682	0.0025482977450825	7.052043626950026e-05	Group D
6:119050142:T:G	6	119050142	G	rs1688617	0.294922780990601	0.0	0.0004218824481042	Group D
6:119473273:G:A	6	119473273	A	rs682949	0.433835604786873	0.0	1.57972407384986e-05	Group D
6:119520051:T:C	6	119520051	C	rs6923555	0.451741284132004	0.000494331120921	0.0004949530801824	Group D
6:119528356:T:C	6	119528356	Group D	rs2267670	0.87018768787384	0.0001337925119258	0.0001337925119258	Group D
6:121577370:T:C	6	121577370	C	rs7745023	0.455800706148148	0.0009877056017306	0.0003427688258490001	Group D
6:121825381:T:C	6	121825381	Group D	rs11154034	0.748154330253601	-0.0012473732326251	0.0012473732326251	Group D
6:121828351:G:A	6	121828351	A	rs6913516	0.701263970136643	0.0	0.0009858562963915	Group D
6:121998250:C:T	6	121998250	T	rs4946590	0.168421563506126	0.0020523869108591	0.0007541931835303999	Group D
6:122367334:G:A	6	122367334	A	rs2679699	0.502923899888992	0.0001789432829082	0.0002258681653775	Group D
6:122906639:G:A	6	122906639	A	rs56304640	0.48038694858551	-0.0046811934884289	0.0008753329303450002	Group D
6:123107697:T:C	6	123107697	C	rs9482286	0.549469247460365	-0.0010704043843794	0.0009794739236359002	Group D
6:123783377:G:A	6	123783377	A	rs9490772	0.581039822101593	-0.0018997413748709	0.0005078534316855998	Group D
6:123975313:A:G	6	123975313	G	rs2169092	0.404016467928886	0.001109918528633	0.0006811533983002	Group D
6:125115123:T:C	6	125115123	C	rs2475860	0.251235343515873	0.0028865646127117	0.0007980081594803003	Group D
6:125262173:C:A	6	125262173	A	rs4895600	0.575593620538712	-0.000650562482994	0.0006090527988047	Group D
6:125298340:C:A	6	125298340	Group D	rs7761517	0.800882267951965	-0.0007605276351793	0.0007605276351793	Group D
6:125476064:G:A	6	125476064	Group D	rs561117	0.865452575683594	-0.0006684838348609	0.0006684838348609	Group D
6:125658104:G:A	6	125658104	A	rs9388420	0.326342394948006	-0.0010884503145364	0.0008295055401317999	Group D
6:125797983:G:A	6	125797983	A	rs4895745	0.408688512444496	0.0008721029000662	0.0004383301374986	Group D
6:126078530:G:A	6	126078530	A	rs3799708	0.242122606933117	-0.0008439483430955	0.00045232871679359995	Group D
6:126806676:T:C	6	126806676	C	rs4422634	0.409970533847809	-0.0018962217977969	0.00033475208441570013	Group D
6:127380482:C:T	6	127380482	T	rs6902885	0.551441010832787	-0.0005464116001747	0.0003761372872534	Group D
6:128079888:C:T	6	128079888	T	rs270010	0.296148818731308	0.0002903005232452	0.00041374840325280005	Group D
6:128211078:G:T	6	128211078	T	rs156061	0.413693153858185	0.0	0.0003544696389546	Group D
6:129807629:C:T	6	129807629	T	rs2229848	0.711460280418396	0.0	2.64783684094559e-05	Group D
6:130056536:A:G	6	130056536	Group D	rs71570977	0.747580033540726	0.0005754482941735	0.0005754482941735	Group D
6:130331265:A:G	6	130331265	G	rs7754426	0.436540544033051	0.0004213532804446	0.00044432511764199995	Group D
6:130341235:T:C	6	130341235	Group D	rs113898003	0.745772504806519	0.0019580866509682	0.0019580866509682	Group D
6:130374102:C:A	6	130374102	A	rs9388768	0.562156435847282	0.0039725340403699	0.00012947216366599986	Group D
6:130452430:A:G	6	130452430	G	rs9492459	0.275779969990253	-0.0017027435547664	0.0007073618480365001	Group D
6:130488626:A:G	6	130488626	G	rs1547334	0.491987195611	-0.0048190459350935	0.0017992465421073998	Group D
6:130499861:A:G	6	130499861	Group D	rs1034262	0.778850114345551	-0.0003771106227419	0.0003771106227419	Group D
6:130787438:T:C	6	130787438	C	rs11154584	0.68458725810051	-0.0005238200296254	0.0003197417733182999	Group D
6:131438063:G:A	6	131438063	A	rs643459	0.433615383505821	-0.0015337441237728	0.0007326279838734001	Group D
6:132912311:C:A	6	132912311	A	rs12208145	0.451457571983337	0.0002511923923101	0.0006851183271367	Group D
6:133561646:T:G	6	133561646	G	rs3813346	0.549794259667397	-0.0006688320040223	0.00036902810922039995	Group D
6:133575653:G:T	6	133575653	T	rs533729	0.616463327407837	0.0	0.0002781395538989	Group D
6:133634699:A:C	6	133634699	C	rs17242333	0.369425573945045	0.0	0.0002336206477544	Group D
6:133714427:C:T	6	133714427	T	rs159418	0.487531107664108	-0.0035113808598307	0.00023225980398210036	Group D
6:133715888:G:A	6	133715888	A	rs465147	0.501268762350082	0.0	0.0006381568420505	Group D
6:134211922:T:C	6	134211922	Group D	rs2327431	0.812591189146042	-0.0017117942722604	0.0017117942722604	Group D
6:134304023:C:T	6	134304023	T	rs2076583	0.673010015487671	0.0017935796866803	0.00034169896225849975	Group D
6:134884553:A:G	6	134884553	G	rs6569954	0.501219663023949	0.0018290804957193	0.0003353640123220998	Group D
6:134898523:C:T	6	134898523	T	rs228439	0.481186127662659	0.0030347172508307	0.00046233038296229984	Group D
6:134904524:G:A	6	134904524	A	rs376192	0.355744314193726	0.0001790011604102	0.0008072994764869	Group D
6:135036003:A:G	6	135036003	Group D	rs6902798	0.744765204191208	0.0028853915484992	0.0028853915484992	Group D
6:135048564:A:G	6	135048564	G	rs2327531	0.66372104883194	0.0	0.0007708744982387	Group D
6:135381351:A:G	6	135381351	G	rs11759077	0.299077834188938	-0.0039649437322626	4.503413701500026e-05	Group D
6:135419018:T:C	6	135419018	C	rs9399137	0.512047544121742	-0.0090626782236443	0.0012867809958230988	Group D
6:135435501:T:C	6	135435501	Group D	rs9483788	0.87075120806694	-0.0010480087687444	0.0010480087687444	Group D
6:135583623:A:C	6	135583623	Group D	rs9494193	0.84127009510994	0.0016862974235681	0.0016862974235681	Group D
6:135692847:G:T	6	135692847	T	rs2614287	0.713017076253891	0.0031265120258334	0.00018785081567970026	Group D
6:136743135:G:A	6	136743135	A	rs2076193	0.430912759900093	6.11721020288652e-05	0.0006082464832098348	Group D
6:137209591:A:G	6	137209591	G	rs2327766	0.717181414365768	0.0	0.0007369051115906	Group D
6:137541075:C:T	6	137541075	T	rs1327474	0.774178636074066	-0.0030370661938722	0.0026058793936300003	Group D
6:138215574:G:A	6	138215574	A	rs644340	0.310621143877506	-0.0003257222512456	0.0004932002401741001	Group D
6:138244943:C:T	6	138244943	T	rs1545092	0.622684627771378	0.0002347840997732	0.0003684174335512	Group D
6:139343346:A:G	6	139343346	G	rs35460423	0.215116576850414	0.0	0.000369257361217	Group D
6:139547657:C:A	6	139547657	A	rs7763923	0.358959773182869	0.0028212194485361	0.0005643348715134999	Group D
6:139591891:T:C	6	139591891	Group D	rs62441202	0.8083331823349	0.0026442339151714	0.0026442339151714	Group D
6:139630458:T:C	6	139630458	C	rs9495424	0.523095446825028	-0.0005327283746101	0.0010483325649898	Group D
6:139688467:G:A	6	139688467	A	rs6570333	0.520181441307068	0.0	0.0001521333543657	Group D
6:139808046:C:T	6	139808046	T	rs1468708	0.360987120866776	0.0017970505668002	0.00043258215691520017	Group D
6:139854972:T:C	6	139854972	Group D	rs9389692	0.786208534240723	0.0040789769099431	0.0040789769099431	Group B
6:139860412:T:G	6	139860412	G	rs3888326	0.431909888982773	0.0027215935381074	0.0030718408138991006	Group D
6:140931910:G:A	6	140931910	A	rs6570402	0.257249775528908	0.0	0.0004330054546998	Group D
6:141338767:T:C	6	141338767	C	rs12206040	0.646320998668671	-0.0002501789706038	0.0010361226299468	Group D
6:141648965:A:G	6	141648965	G	rs6934166	0.361168020963669	0.0	0.0001376740176164	Group D
6:141870345:C:T	6	141870345	Group D	rs17177818	0.768396288156509	0.0008482664267739	0.0008482664267739	Group D
6:142395336:T:C	6	142395336	C	rs4457175	0.361110517382622	0.0	8.838528631547e-06	Group D
6:142928295:A:G	6	142928295	G	rs263130	0.620755207538605	0.0007442632050224	0.0006581745192681001	Group D
6:143109149:G:A	6	143109149	A	rs197494	0.372121964395046	-0.0007904045536859	0.0006594496645479	Group D
6:143278739:T:C	6	143278739	C	rs6922444	0.532200860977173	0.0029954012169409	0.0003647755480504001	Group D
6:143827102:T:C	6	143827102	C	rs1038390	0.742291164398193	-0.0001677186430043	0.0003319999085568	Group D
6:143935807:G:A	6	143935807	A	rs954349	0.442985439300537	0.0	0.0004669342373998	Group D
6:144441243:C:T	6	144441243	T	rs9376807	0.552055114507675	0.0	6.70737473583684e-06	Group D
6:145431523:T:C	6	145431523	C	rs559299	0.344104719161987	0.0	0.0002740441181998	Group D
6:146960353:G:T	6	146960353	T	rs10457801	0.425972241163254	0.0	0.0003274072144796	Group D
6:147381317:T:C	6	147381317	C	rs9377045	0.339495447278023	0.0	0.0006827922219226	Group D
6:147391326:T:C	6	147391326	C	rs7751770	0.345748782157898	0.0	2.87579435628651e-06	Group D
6:148185702:A:G	6	148185702	G	rs501098	0.335228118300438	0.0	0.0008629372287818	Group D
6:148305952:T:C	6	148305952	C	rs4122017	0.658602273464203	0.0034177119235417	0.00025271220895100015	Group D
6:148307101:G:A	6	148307101	A	rs11155536	0.29225982427597	0.0006959084912117	0.0006986647885749	Group D
6:148886287:G:A	6	148886287	A	rs208720	0.460890007019043	0.0	0.002031832525861	Group D
6:148887642:C:A	6	148887642	Group D	rs208717	0.860614091157913	-0.0027628620763886	0.0027628620763886	Group D
6:149013861:A:G	6	149013861	G	rs11155587	0.152674693614244	-0.0001985222259808	0.0006989530710604999	Group D
6:149614718:G:A	6	149614718	Group D	rs610707	0.836045664548874	0.0002523694023154	0.0002523694023154	Group D
6:150210723:C:T	6	150210723	T	rs6925151	0.261815400421619	0.0	0.0001340020313759	Group D
6:150589471:T:C	6	150589471	C	rs12212378	0.546818414330483	-0.0027424762366463	0.00041447669533559986	Group D
6:150677754:C:A	6	150677754	A	rs607971	0.417799133062363	-0.0006484782768808	0.0008586452795840999	Group D
6:150739841:G:A	6	150739841	Group D	rs6905592	0.804500663280487	0.0023441194476661	0.0023441194476661	Group D
6:150748812:T:G	6	150748812	G	rs628577	0.533876675367355	0.0	0.0006236072485889	Group D
6:151110723:A:G	6	151110723	G	rs9371473	0.446181011199951	0.0001461601278936	0.0006859811482767	Group D
6:151163542:A:G	6	151163542	G	rs803399	0.646457308530808	0.0	0.0004465567994595	Group D
6:151901409:C:T	6	151901409	T	rs4870044	0.745133608579636	0.0041489403403316	0.0015428692301183	Group D
6:152156197:G:A	6	152156197	A	rs827423	0.535241821408272	0.0	0.0006822942299683	Group D
6:153043035:G:A	6	153043035	A	rs17710008	0.586375957727432	0.0035525205683088	0.0005164009966256997	Group D
6:153457053:C:T	6	153457053	T	rs596359	0.326791456341743	-0.0003076423684999	0.00029350776898260007	Group D
6:153482056:A:G	6	153482056	Group D	rs2584889	0.625601267814636	-0.0003246691304631	0.0003246691304631	Group D
6:153484699:A:C	6	153484699	C	rs1281985	0.529766592383385	0.0	0.0003405929488686	Group D
6:153757736:C:T	6	153757736	T	rs270309	0.579878926277161	-0.0006509495339638	0.0009553772435619	Group D
6:154627823:G:A	6	154627823	A	rs7770794	0.519650259613991	-0.0059017892604343	0.0004442339931976999	Group D
6:155503116:G:A	6	155503116	A	rs7770051	0.619107395410538	0.0	0.0003844311974641	Group D
6:155813894:A:G	6	155813894	G	rs4869856	0.563140431046486	0.0	7.96222847875629e-05	Group D
6:156205356:A:G	6	156205356	G	rs6913149	0.62004429101944	0.0	0.0005265236849144	Group D
6:156488698:A:G	6	156488698	G	rs9689110	0.643079471588135	0.0	0.00069980726504	Group D
6:156529762:G:A	6	156529762	A	rs4562153	0.383390367031097	-0.0015855486062296	0.00042130304205500015	Group D
6:156566142:G:A	6	156566142	A	rs2820409	0.47570436000824	-0.0004763334764496	0.00042792653295709997	Group D
6:156673243:T:C	6	156673243	C	rs9397928	0.418158468604088	0.0002668060396824	0.000549642207977	Group D
6:156787460:C:T	6	156787460	T	rs6931416	0.311306090652943	0.0	0.0004076383998783	Group D
6:157059428:G:A	6	157059428	A	rs6934980	0.502012458443642	-0.000574347398696	0.0006999868108323001	Group D
6:158201121:T:C	6	158201121	C	rs11753617	0.800876826047897	0.0026395798228947	0.0025117104180793	Group D
6:158412184:A:G	6	158412184	G	rs10455934	0.48862843811512	-0.0005022719073034	0.0002715427968639	Group D
6:158966179:A:C	6	158966179	C	rs2033968	0.30384363681078	0.0003343850274584	0.0004684997545405	Group D
6:159270803:T:C	6	159270803	C	rs2129210	0.717420828342438	0.0	0.0002694268968883	Group D
6:159313488:T:C	6	159313488	Group D	rs9457503	0.740604740381241	0.002318033437423	0.002318033437423	Group D
6:159655383:A:G	6	159655383	G	rs2501176	0.595894235372543	-0.004256563806557	0.0008662300333113007	Group D
6:159949869:T:C	6	159949869	C	rs538056	0.608475857973099	-0.0005002840608286	0.0006419979322302001	Group D
6:160598486:A:G	6	160598486	G	rs791195	0.880135101079941	-0.0021319458092034	0.0015495019487544001	Group D
6:161671594:G:A	6	161671594	A	rs7750302	0.501997339725494	0.0031355154609753	0.0008879417383059998	Group D
6:162256072:G:A	6	162256072	Group D	rs55892588	0.743373364210129	-0.0017136984034764	0.0017136984034764	Group D
6:162633618:T:C	6	162633618	C	rs4546464	0.506502366065979	-0.0039086422688048	0.0007452109690762	Group D
6:163619906:A:G	6	163619906	G	rs6916143	0.546165001392365	0.0	0.0002705131632167	Group D
6:164450606:A:G	6	164450606	G	rs9365641	0.429350745677948	4.74298991932942e-05	0.0001525039072238058	Group D
6:164450922:A:G	6	164450922	G	rs9347812	0.320823296904564	0.0001273889082237	0.0006592519455224999	Group D
6:164578183:G:A	6	164578183	A	rs12663314	0.387120294570923	0.0	0.0001976712336404	Group D
6:164973867:A:G	6	164973867	G	rs4709050	0.291947162151337	0.0	0.0001217549994199	Group D
6:165724052:C:A	6	165724052	A	rs504371	0.498093017935753	0.0013099984801573	0.00019522206397660016	Group D
6:165790374:T:C	6	165790374	C	rs575669	0.551261088252068	0.0004366817753738	0.0005286985222803999	Group D
6:166214237:T:C	6	166214237	C	rs10806833	0.332533749938011	-0.0002213871258272	0.00037129938521830003	Group D
6:166224280:C:T	6	166224280	T	rs12528550	0.501193210482597	-0.0003787268443804	0.00031005982557989997	Group D
6:166227582:A:G	6	166227582	G	rs9348048	0.47911990582943	0.0001435839276791	0.0005415593362795999	Group D
6:166287984:T:G	6	166287984	G	rs2453396	0.351079502701759	-0.0002541405369117	0.0008504853592088	Group D
6:166671718:T:C	6	166671718	Group D	rs9364840	0.765009015798569	0.0007704039086393	0.0007704039086393	Group D
6:166796433:C:A	6	166796433	Group D	rs1546854	0.744240576028824	5.44204466701848e-05	5.44204466701848e-05	Group D
6:166851540:G:C	6	166851540	C	rs2049956	0.58833749294281	-0.000545814014647	0.0012498026631137002	Group D
6:167287772:G:A	6	167287772	A	rs13204302	0.60524805188179	0.0	0.0007659532989058	Group D
6:167522300:T:C	6	167522300	C	rs6456156	0.1704265370965	0.0	0.000149792583642	Group D
6:167818861:G:A	6	167818861	A	rs4709182	0.43440708220005	-2.17144863948156e-05	5.55061651847995e-05	Group D
6:167819444:G:A	6	167819444	A	rs6455558	0.361646813154221	0.0024411361533086	0.0005455106889162998	Group D
6:168709385:T:C	6	168709385	C	rs6925614	0.447801604866982	0.0003496231185023	0.0002105638484959	Group D
6:169284674:A:C	6	169284674	Group D	rs12198614	0.821463245153427	-0.000556541646103	0.000556541646103	Group D
6:169713132:A:G	6	169713132	G	rs7454215	0.524901401996613	0.0	0.0002270289332525	Group D
6:169718055:A:G	6	169718055	G	rs9406332	0.472176533937454	0.0001188598444771	0.0004638018718384	Group D
6:170070723:A:G	6	170070723	G	rs4236176	0.315948733687401	0.000241685709022	0.00034419043081660003	Group D
6:170560149:C:T	6	170560149	T	rs735692	0.390090274810791	0.0039557144458889	0.0005099996682913993	Group D
6:170628009:T:G	6	170628009	G	rs9348266	0.645285260677338	-0.0014522464016873	0.0003979773884233999	Group D
7:889169:A:G	7	889169	G	rs74742245	0.674252462387085	-0.0010077064613442	0.0007398729617117	Group D
7:971124:G:A	7	971124	A	rs6956301	0.633712154626846	-9.01449175602904e-05	8.310474410540961e-05	Group D
7:985996:G:A	7	985996	A	rs7811597	0.571272045373917	-0.0001594904454801	0.0009216226483844	Group D
7:1044938:T:C	7	1044938	C	rs9639696	0.566779947280884	0.0030032076493471	0.0007769097800573001	Group D
7:1243525:T:C	7	1243525	Group D	rs7456553	0.768167734146118	-0.0011388438837916	0.0011388438837916	Group D
7:1244515:C:T	7	1244515	T	rs13245745	0.476944190263748	0.0	0.0001556195495693	Group D
7:2395509:T:C	7	2395509	Group D	rs3807430	0.821076464653015	-0.0008618803537378	0.0008618803537378	Group D
7:2556639:C:T	7	2556639	Group D	rs11770785	0.739359241724014	-0.000787198154513	0.000787198154513	Group D
7:2644519:C:T	7	2644519	T	rs2293404	0.389877039194107	0.0047908451629038	0.0005011356314655003	Group D
7:2727219:C:G	7	2727219	Group D	rs56149719	0.762442630529404	3.66332909043032e-05	3.66332909043032e-05	Group D
7:2801803:C:T	7	2801803	T	rs798489	0.712053835391998	0.0055073033630028	0.0004660705923031994	Group D
7:3043582:C:A	7	3043582	A	rs3801070	0.559797161817551	0.0	0.000315436371392	Group D
7:3045064:C:T	7	3045064	T	rs10950990	0.611110681295395	0.0024537372591886	0.00021977480619200015	Group D
7:3091341:A:C	7	3091341	C	rs11770424	0.4852294921875	0.0	0.0002567543535678	Group D
7:3154810:C:T	7	3154810	T	rs6958161	0.472133192420006	-0.0008466355860149	0.0009408497152278999	Group D
7:3288471:A:G	7	3288471	G	rs12700739	0.671460908651352	0.0	0.0004855090881313	Group D
7:3692663:A:G	7	3692663	G	rs7805946	0.462320348620415	-0.0007680119258085	0.0018435353703328	Group D
7:3697405:A:G	7	3697405	G	rs6462212	0.728030073642731	-0.0026817669073475	0.0010774391751713	Group D
7:4216450:G:C	7	4216450	C	rs640075	0.642035859823227	-0.0018819581400969	0.0011109616224831002	Group D
7:4305834:G:A	7	4305834	A	rs1044701	0.653674948215485	0.0002036114514714	0.0008255686118388999	Group D
7:4433238:A:G	7	4433238	G	rs6959971	0.531480586528778	0.0012506206478284	0.0008404436093816	Group D
7:4584559:C:A	7	4584559	A	rs10232337	0.273647905886173	0.0002327117178185	0.0008416529580532999	Group D
7:4909983:G:A	7	4909983	A	rs10266401	0.371954306960106	0.0	0.0001537172396019	Group D
7:5427128:G:A	7	5427128	Group D	rs4724662	0.878964602947235	0.0015249713800053	0.0015249713800053	Group D
7:6026775:T:C	7	6026775	C	rs2228006	0.352248674631119	-0.0038016123490226	0.0001233301558775995	Group D
7:6036515:C:A	7	6036515	A	rs12112229	0.427179157733917	0.0	0.0011293573121975	Group D
7:6062229:T:C	7	6062229	C	rs3801030	0.267463341355324	0.0	0.0007465759683031	Group D
7:6071115:A:G	7	6071115	G	rs12334093	0.246686170995235	-7.38479382932811e-05	0.00030053594467531887	Group D
7:6098301:C:T	7	6098301	Group D	rs581706	0.78953977227211	0.0011791057694106	0.0011791057694106	Group D
7:6456669:C:T	7	6456669	T	rs836508	0.570282337069511	0.0009268500338243	0.0005042293518128	Group D
7:6465909:C:T	7	6465909	T	rs836525	0.198382711410522	0.0015932249208671	0.0007673702393681001	Group D
7:6516035:C:T	7	6516035	T	rs12702514	0.534521520137787	-0.000751579445038	0.0001471363604957	Group D
7:6621277:G:A	7	6621277	A	rs11559146	0.33326206356287	-0.0001770670692981	0.00041718146827670005	Group D
7:6963659:T:C	7	6963659	C	rs10224099	0.792087417840958	0.0021841378240197	0.0016851743862554003	Group D
7:7267787:G:T	7	7267787	T	rs6960832	0.394944658875465	-0.0014135445871041	0.0005499130919961999	Group D
7:7268856:G:T	7	7268856	T	rs11972106	0.312338653206825	-0.0001126800071004	0.0007426855245033	Group D
7:7990432:C:T	7	7990432	T	rs6976735	0.548571401834488	0.0	0.0005474164353579	Group D
7:8196529:A:T	7	8196529	T	rs10282493	0.586416733264923	0.0007904589986092	0.0005417484734942	Group D
7:10280729:T:C	7	10280729	C	rs4626504	0.616314554214478	-0.0001088266807174	0.0007910200324822	Group D
7:10293921:T:C	7	10293921	C	rs10265578	0.491076985001564	-0.0004932402173207	0.00020322625858199998	Group D
7:10345972:A:G	7	10345972	G	rs13233915	0.426761767268181	0.0003043715394815	0.0004722647903717	Group D
7:10384606:C:T	7	10384606	Group D	rs10266946	0.734209203720093	0.0009060060699529	0.0009060060699529	Group D
7:10887749:G:A	7	10887749	A	rs12537447	0.499290454387665	0.0	0.0006330180680118	Group D
7:11073669:G:A	7	11073669	A	rs2108111	0.420736566185951	0.0	0.0001464163776122	Group D
7:11596934:G:A	7	11596934	A	rs21	0.475554525852203	0.0011823835053523	0.0002609341987796002	Group D
7:12376811:A:C	7	12376811	C	rs2192828	0.581559669971466	-0.0003796106552691	0.00012163781533949998	Group D
7:12419108:A:T	7	12419108	T	rs6967241	0.447334250807762	0.0002524038515095	0.00045678968808229994	Group D
7:12786706:A:G	7	12786706	Group D	rs849731	0.775505512952805	5.75297716509519e-05	5.75297716509519e-05	Group D
7:13399760:C:T	7	13399760	T	rs4416735	0.350905248522759	0.0002907297789076	0.0007704401876475001	Group D
7:13511976:A:G	7	13511976	G	rs2723454	0.406302711367607	0.0	0.0001712764110105	Group D
7:13577494:A:G	7	13577494	G	rs7810495	0.527225235104561	0.0	0.0001666781333738	Group D
7:13978809:T:C	7	13978809	C	rs9639168	0.348931041359901	0.0	0.0009013223083178	Group D
7:14027557:G:A	7	14027557	A	rs7789916	0.778640991449356	-0.0030706712871502	0.0022517674525178	Group D
7:15586324:G:A	7	15586324	A	rs11508468	0.520120400190353	-0.0002643274257451	0.000526004673342	Group D
7:15629990:G:T	7	15629990	T	rs4721450	0.301969560980797	0.0011120665329631	0.0006111857143300001	Group D
7:15713934:T:C	7	15713934	C	rs6461202	0.44042936861515	0.0	0.0004653179654853	Group D
7:15734715:T:G	7	15734715	G	rs726395	0.575224021077156	0.0	0.0011904837665707	Group D
7:15736125:T:C	7	15736125	Group D	rs4407772	0.737222641706467	0.0037447369409598	0.0037447369409598	Group B
7:15891058:A:C	7	15891058	C	rs38168	0.442859280109406	-0.0006881618027905	0.0010159514914937998	Group D
7:15893576:C:T	7	15893576	Group D	rs38172	0.747536438703537	-0.0023890947829056	0.0023890947829056	Group D
7:15903720:C:T	7	15903720	T	rs38190	0.523685866594315	0.0	0.0011307090977118	Group D
7:16103718:C:T	7	16103718	T	rs17284526	0.687506258487701	0.0	0.0001144420810091	Group D
7:16593083:G:A	7	16593083	A	rs516925	0.319875958561897	-0.0005380839488106	0.0002966857218961999	Group D
7:16686940:G:A	7	16686940	A	rs706024	0.611626660823822	-0.0022563423221119	0.0007100969035938004	Group D
7:16815999:TTTTTGTATC:T	7	16815999	T	rs1474017142	0.0	-0.0012177487437935	0.0004904166898118002	Group D
7:16932544:A:G	7	16932544	G	rs7800176	0.378702136874199	-0.0014584600686177	0.00034912625623650007	Group D
7:16968457:C:T	7	16968457	T	rs847397	0.390334516763687	0.0023329898005495	0.0013189236768889998	Group D
7:16991565:T:C	7	16991565	Group D	rs1721038	0.805290418863297	0.0005136334278522	0.0005136334278522	Group D
7:17287106:A:G	7	17287106	G	rs6968554	0.772143363952637	0.0039399166078024	0.0016499304161670001	Group D
7:18201223:A:G	7	18201223	Group D	rs17138703	0.751456928253174	-0.004606672529453	0.004606672529453	Group B
7:18216376:A:G	7	18216376	G	rs1178348	0.617408001422882	0.0	0.0010483594792428	Group D
7:18223455:T:C	7	18223455	C	rs2058074	0.497176358103752	0.0	0.0014573991131292	Group D
7:19206436:G:T	7	19206436	T	rs10486336	0.363215237855911	0.0017860598107147	0.000486291532865	Group D
7:19346344:T:C	7	19346344	C	rs2052149	0.330588260293007	-8.08291767307538e-05	0.0006506404097380462	Group D
7:20740648:A:G	7	20740648	G	rs17218211	0.798259955644608	-0.0050933486715872	0.0016751309432292	Group D
7:20801290:C:T	7	20801290	T	rs6944093	0.503198367357254	0.0	0.0011300706502993	Group D
7:20824614:C:T	7	20824614	Group D	rs34908430	0.828154355287552	0.0015622108739553	0.0015622108739553	Group D
7:20850305:C:T	7	20850305	T	rs13246526	0.387932559847832	0.0	0.0009327071555531	Group D
7:20866568:G:A	7	20866568	Group D	rs73089323	0.738650810718536	0.0050198988573068	0.0050198988573068	Group B
7:20903218:G:A	7	20903218	A	rs17143431	0.610859823226929	0.0	3.32432671170435e-05	Group D
7:20933185:T:G	7	20933185	G	rs2390403	0.422684735059738	0.0	0.0004736813932472	Group D
7:21693716:G:A	7	21693716	A	rs7790091	0.405310970544815	-0.0037280130175222	0.0007145204956809001	Group D
7:21893993:G:T	7	21893993	T	rs4722064	0.505683553218842	0.0004739153626398	0.0005129374976421	Group D
7:21932044:C:T	7	21932044	T	rs12537531	0.413097804784775	0.0023027550078987	0.0006708596905459002	Group D
7:22154454:G:A	7	22154454	Group D	rs13227860	0.741326123476028	0.0007066152813267	0.0007066152813267	Group D
7:22580985:A:G	7	22580985	G	rs886159	0.252665601670742	0.002044256880877	0.00035863614676619974	Group D
7:22731199:A:G	7	22731199	G	rs1476483	0.555704817175865	-0.0026509526902186	0.0005966412899749999	Group D
7:22736446:T:G	7	22736446	G	rs7802442	0.687514418363571	-0.0029075634586837	0.00022861952321830007	Group D
7:22757270:A:C	7	22757270	C	rs6963591	0.361768063902855	0.0	0.0006611809593001	Group D
7:22767433:A:G	7	22767433	Group D	rs2069832	0.739117789268494	-0.0006152752513096	0.0006152752513096	Group D
7:22783250:C:T	7	22783250	T	rs6970420	0.417871305346489	0.0	3.89905468353932e-05	Group D
7:22850333:C:T	7	22850333	T	rs1029741	0.193263481557369	0.0001505145176753	0.0005272734153998	Group D
7:23483815:A:G	7	23483815	Group D	rs12540730	0.883311438560486	0.0006107170138579	0.0006107170138579	Group D
7:23528927:T:C	7	23528927	C	rs7776572	0.426712620258331	-0.0026902590165751	0.0007568061027869999	Group D
7:23737795:T:C	7	23737795	C	rs5029444	0.210650116205215	0.0001725419333383	1.9084000752999926e-06	Group D
7:23915743:T:C	7	23915743	C	rs7792262	0.262479518353939	-0.0002529808335116	0.0007408077311381	Group D
7:23996767:G:A	7	23996767	Group D	rs1160371	0.823959976434708	0.0011842609066363	0.0011842609066363	Group D
7:24004943:A:C	7	24004943	C	rs1549394	0.533146131038666	0.0	0.0004675662903017	Group D
7:24237827:G:A	7	24237827	A	rs156286	0.538304600119591	-0.0010562113072353	0.0006682137672811	Group D
7:24484602:C:A	7	24484602	Group D	rs62448900	0.781969618797302	0.0023681867687379	0.0023681867687379	Group D
7:24744309:C:A	7	24744309	A	rs2721808	0.639521342515945	0.0	0.0007742167962191	Group D
7:24756951:C:T	7	24756951	T	rs12540919	0.567412239313126	-0.0004186984572645	0.0006799430832006999	Group D
7:25194665:G:C	7	25194665	C	rs2523072	0.52875167131424	0.0029152026806259	0.0002810255930456003	Group D
7:25936865:G:A	7	25936865	Group D	rs12670612	0.812787026166916	0.0004167828105127	0.0004167828105127	Group D
7:25988185:T:C	7	25988185	Group D	rs735316	0.771166014671326	-0.0002710362222315	0.0002710362222315	Group D
7:26147219:C:T	7	26147219	T	rs3814095	0.347953903675079	0.0042485013129389	0.000917160083582	Group D
7:26385660:G:A	7	26385660	Group D	rs12534835	0.818752121925354	-0.0007987890675031	0.0007987890675031	Group D
7:26576535:T:C	7	26576535	C	rs740182	0.495147255063057	-0.0003192930361784	0.000381457252111	Group D
7:26583720:G:T	7	26583720	Group D	rs17284017	0.820202672481537	0.0008146685916445	0.0008146685916445	Group D
7:26778406:A:G	7	26778406	G	rs10951145	0.563079994916916	0.0003016362619951	0.00047130516415349997	Group D
7:27172571:G:A	7	27172571	A	rs4719884	0.563579455018044	0.0037711471440875	0.0008623318055536997	Group D
7:28039916:A:G	7	28039916	G	rs6945134	0.534653317928314	0.0	0.0005334662877629	Group D
7:28159696:C:T	7	28159696	T	rs10275989	0.385016804933548	0.0002169900978311	0.0029191579199094996	Group D
7:28161379:C:A	7	28161379	A	rs6962289	0.299149844050407	0.002661004987168	0.0008314616141355999	Group D
7:28172183:A:G	7	28172183	Group D	rs4722760	0.608737516403198	-0.0012975395871965	0.0012975395871965	Group D
7:28189411:T:C	7	28189411	Group D	rs1635852	0.836207085847855	0.0042905080753268	0.0042905080753268	Group B
7:28224053:A:G	7	28224053	G	rs849336	0.248603041470051	0.0	0.0030021231566541	Group D
7:28256240:G:A	7	28256240	A	rs498475	0.434735563397408	0.0	0.0001456724301132	Group D
7:28610507:C:T	7	28610507	Group D	rs56384174	0.84344482421875	0.0019638978841084	0.0019638978841084	Group D
7:29070320:C:T	7	29070320	T	rs1052200	0.611087828874588	0.0	0.0004794258473051	Group D
7:29611954:A:G	7	29611954	G	rs4722932	0.385321033000946	0.0	0.0024300385829945	Group D
7:29628908:A:C	7	29628908	Group D	rs10251072	0.874264657497406	-0.0037121228389421	0.0037121228389421	Group D
7:29791678:C:T	7	29791678	Group D	rs741277	0.748898273706436	2.65700873046332e-05	2.65700873046332e-05	Group D
7:30514991:T:C	7	30514991	C	rs2256023	0.502460980415344	-2.91398092486129e-07	0.00043712388706151385	Group D
7:30673345:C:T	7	30673345	T	rs2240401	0.385712286829948	0.0022094212003458	0.00014222695435440027	Group D
7:30716643:T:C	7	30716643	C	rs2267716	0.418321105837822	0.0	0.0005104407536387	Group D
7:30853698:C:T	7	30853698	T	rs6971186	0.426289966702461	-0.001054843844972	0.0004863821733110999	Group D
7:31089447:G:A	7	31089447	A	rs12670991	0.68656342625618	0.0010136821416952	0.0009860941876713002	Group D
7:31732736:G:A	7	31732736	A	rs34171	0.43770022392273	-0.0008618542540676	0.0008358372868652	Group D
7:31819088:G:A	7	31819088	A	rs10951304	0.53186160326004	0.0	0.0003333297946509	Group D
7:31965003:A:G	7	31965003	G	rs4723113	0.609565377235413	0.0	0.0003287645038757	Group D
7:32493417:A:G	7	32493417	G	rs958217	0.439308205246925	0.0007863750610573	0.0005555252333729001	Group D
7:34818113:A:T	7	34818113	T	rs324981	0.526538291573525	-0.0003629590219274	0.00042905639090889996	Group D
7:34917740:C:T	7	34917740	T	rs7809642	0.0	0.0007775999281494	0.00033243168884699995	Group D
7:35401447:T:C	7	35401447	C	rs2392362	0.317743572592735	0.0	0.0002060469498072	Group D
7:36120473:A:G	7	36120473	Group D	rs11773469	0.793698698282242	-0.0002922146839477	0.0002922146839477	Group D
7:36196956:C:A	7	36196956	A	rs12154572	0.316835182905197	-0.0004203686005626	0.0008045522865043999	Group D
7:36438709:C:G	7	36438709	G	rs3735400	0.275970043241978	0.0	0.000928173668892	Group D
7:36447349:A:ACTT	7	36447349	ACTT	rs61549495	0.0	-0.0002396705930971	2.559503772080001e-05	Group D
7:37295115:C:T	7	37295115	Group D	rs1016321	0.67176119685173	6.96709623987047e-06	6.96709623987047e-06	Group D
7:37300445:A:C	7	37300445	C	rs2717970	0.408760306239128	0.0018011249846842	0.00040703273902019995	Group D
7:37336764:A:G	7	37336764	G	rs7796758	0.583014839887619	-0.0004555399290879	0.000382308448708	Group D
7:37435272:G:A	7	37435272	A	rs2251279	0.645371645689011	-0.0027742938280011	0.0007388094509452998	Group D
7:37907304:T:C	7	37907304	C	rs10250905	0.411206302046776	0.0016136263280242	0.0003701353221148998	Group D
7:37947164:G:T	7	37947164	T	rs1802073	0.192328396439552	-0.0011743822107455	0.0002765309489979001	Group D
7:38039819:C:T	7	38039819	T	rs4517022	0.57954788506031	-0.0048635463540581	0.0005051816336052997	Group D
7:38109048:A:G	7	38109048	G	rs1014842	0.265889206528664	-5.02858680854169e-05	0.00044539045442468315	Group D
7:38546030:C:T	7	38546030	T	rs4723763	0.576097372174263	0.0	4.14907337149978e-05	Group D
7:39325016:C:T	7	39325016	T	rs10807900	0.425374978780746	0.0032395071279372	0.0007816233713502999	Group D
7:39874986:T:C	7	39874986	C	rs10272635	0.5657680362463	-0.0028449692470509	0.0006041374108584001	Group D
7:40194260:T:G	7	40194260	G	rs2024200	0.384864503145218	-0.004671435741279	0.0008605471135699006	Group D
7:40900442:G:A	7	40900442	A	rs1859845	0.0	0.0005793993273141	0.00047252711215150015	Group D
7:41196126:G:A	7	41196126	A	rs29497	0.616147357225418	0.0	0.0001205929704355	Group D
7:41215880:T:C	7	41215880	C	rs29515	0.677553671598434	0.0	0.0001781641372568	Group D
7:41230508:C:T	7	41230508	Group D	rs255017	0.767387926578522	-0.0017363274060961	0.0017363274060961	Group D
7:41306172:G:A	7	41306172	A	rs6943312	0.364008966088295	0.0	3.14963850540745e-05	Group D
7:41429361:G:A	7	41429361	A	rs273183	0.496365034580231	0.0002508478739608	0.0002198804208020884	Group D
7:41430308:T:C	7	41430308	C	rs273184	0.314983186125755	0.0034568146431269	0.0010290178961114998	Group D
7:41681228:A:C	7	41681228	C	rs6463035	0.569646668434143	0.0	0.0003704728769921	Group D
7:42033195:T:C	7	42033195	Group D	rs2299146	0.768639898300171	-0.0011223185894029	0.0011223185894029	Group D
7:42179545:G:T	7	42179545	Group D	rs17753324	0.744544678926468	0.0011095578402686	0.0011095578402686	Group D
7:42253313:C:T	7	42253313	T	rs3801232	0.646961909532547	0.0	0.0005644635376993	Group D
7:42254501:T:C	7	42254501	Group D	rs1468452	0.73767272233963	0.0027283471729171	0.0027283471729171	Group D
7:43240480:G:A	7	43240480	A	rs4724185	0.333885806798935	-0.0018292544743581	0.00047199436571879996	Group D
7:43495878:C:CT	7	43495878	CT	rs3214631	0.0	0.0005324942230774	0.00019762016749520002	Group D
7:43649248:G:A	7	43649248	A	rs10282065	0.779208922386169	0.0016855905469489	0.00014777342121229998	Group D
7:43919266:C:T	7	43919266	T	rs2730616	0.618476122617722	0.0011732712580533	0.0002060590480463002	Group D
7:44800176:G:T	7	44800176	T	rs3735478	0.662422698736191	-0.0033243258911189	0.0003208517356344002	Group D
7:45004063:T:C	7	45004063	C	rs7792760	0.767315751314163	0.0210654413352171	0.00031050553503409947	Group C
7:45124008:T:C	7	45124008	C	rs7777835	0.699916952848434	-9.71180292088471e-05	0.0003773541984623529	Group D
7:45256232:T:C	7	45256232	Group D	rs975347	0.738655561208725	0.0001392905413311	0.0001392905413311	Group D
7:45459733:G:A	7	45459733	A	rs11982953	0.476457691192627	0.0010218586456749	0.0006275242482073999	Group D
7:45932669:A:G	7	45932669	G	rs4619	0.583448380231857	0.0	9.85774610502796e-05	Group D
7:46154496:C:T	7	46154496	T	rs788725	0.421060192584991	0.0	2.23735879634346e-05	Group D
7:46186950:A:G	7	46186950	G	rs11772890	0.520903265476227	0.0	4.78289790434883e-05	Group D
7:46815387:T:C	7	46815387	C	rs1404720	0.64724982380867	0.0	0.0009479232489753	Group D
7:46826056:T:C	7	46826056	Group D	rs1525231	0.802837377786636	0.0003397843347422	0.0003397843347422	Group D
7:46994345:C:T	7	46994345	T	rs6953890	0.54026842713356	-0.0008658893866697	0.0005104167118123	Group D
7:47360501:G:A	7	47360501	A	rs6463413	0.396116587519646	-0.0011208187929713	3.3349965837999864e-05	Group D
7:47361059:C:T	7	47361059	T	rs7801107	0.514748030900955	-0.0004976077962714	0.0005127056743679	Group D
7:47884829:C:A	7	47884829	A	rs1980279	0.70140375494957	-0.0015185756469865	0.00032082721595510003	Group D
7:47968927:C:A	7	47968927	A	rs2686817	0.216117997467518	-0.0004425987656928	0.0005068694966187	Group D
7:47979922:A:G	7	47979922	G	rs2708913	0.677881163358688	-0.0008997314003488	0.00014320687813649993	Group D
7:48285485:C:T	7	48285485	T	rs1880738	0.538953122496605	0.0	0.0001550547642416	Group D
7:48937250:C:A	7	48937250	A	rs10241856	0.500636240839958	0.0	0.0008317529063249	Group D
7:48941456:G:A	7	48941456	Group D	rs10266289	0.73348246216774	-0.0022491670463802	0.0022491670463802	Group D
7:49700411:A:C	7	49700411	C	rs4917075	0.568575763702393	0.0	0.0001555580728854	Group D
7:49746444:G:A	7	49746444	A	rs11977136	0.44923135638237	-8.34297732454295e-05	0.0011790832041504704	Group D
7:50046681:C:T	7	50046681	T	rs6973660	0.52262324988842	-0.0030297247209617	6.339114438659978e-05	Group D
7:50263883:C:T	7	50263883	T	rs1598704	0.670693379640579	0.0	0.0018188862860052	Group D
7:50304461:C:T	7	50304461	Group D	rs1456896	0.856573230028153	0.0030755268315714	0.0030755268315714	Group D
7:50320726:T:C	7	50320726	Group D	rs1026421	0.757254922389984	0.0015954948077661	0.0015954948077661	Group D
7:50321474:G:A	7	50321474	A	rs17634369	0.517968034744263	0.0	0.0020852255296474	Group D
7:50350267:G:A	7	50350267	Group D	rs6583437	0.838537991046906	0.001819371788731	0.001819371788731	Group D
7:50417104:C:T	7	50417104	T	rs73114918	0.695365393161774	-0.0002667085959486	0.0011249414440918	Group D
7:50466304:A:G	7	50466304	G	rs11978267	0.36924207508564	0.0022702570567133	0.0009323542160844999	Group D
7:50545571:A:G	7	50545571	Group D	rs12718528	0.78114218711853	-1.14242096758239e-05	1.14242096758239e-05	Group D
7:51096974:C:T	7	51096974	T	rs2240090	0.757710260152817	-0.0003927043878792	0.00014185258544680002	Group D
7:53248853:A:C	7	53248853	C	rs1525564	0.370292991399765	0.0	0.0003411632165908	Group D
7:53652231:G:A	7	53652231	A	rs10235430	0.572660064697266	-0.0016080452992725	0.0006495516723671998	Group D
7:53656073:A:G	7	53656073	G	rs12668067	0.339325776696205	0.0	4.72258497217494e-05	Group D
7:54652511:G:A	7	54652511	A	rs10250847	0.437585017085075	0.0	0.0001937242179203	Group D
7:54685308:A:C	7	54685308	C	rs6954564	0.321571433544159	0.0	0.0005016288011454	Group D
7:55004546:C:T	7	55004546	T	rs2005868	0.429330015182495	0.0	0.0006337651534846	Group D
7:55141540:T:C	7	55141540	C	rs11487218	0.473763817548752	0.0	2.17516162910094e-05	Group D
7:55172768:T:C	7	55172768	C	rs2110290	0.52203463613987	0.0031472130074613	0.0004302606351595001	Group D
7:55192256:A:C	7	55192256	C	rs13244925	0.705353939533234	0.0	7.35361784450438e-05	Group D
7:55547694:C:T	7	55547694	T	rs815964	0.489203998446465	0.0	0.0001318394573704	Group D
7:56032902:C:G	7	56032902	G	rs11767454	0.69618723988533	-0.0076731519362044	0.0005114696506704	Group D
7:57528997:T:C	7	57528997	C	rs10272498	0.783917009830475	-0.0003560648603006	0.0006010056042293	Group D
7:63537173:C:T	7	63537173	Group D	rs6974169	0.752568900585175	-0.0020083190076139	0.0020083190076139	Group D
7:63721251:A:G	7	63721251	G	rs12154540	0.311644153296948	0.0	0.0010874680568499	Group D
7:64452830:C:T	7	64452830	T	rs34639489	0.304952046275139	0.0	7.25440138582618e-06	Group D
7:66672143:C:A	7	66672143	A	rs6951443	0.493994575738907	0.0002418725285855	0.00040576508520770004	Group D
7:66853624:C:T	7	66853624	T	rs7804093	0.183376471698284	0.0002010100538915	0.00029971661935229997	Group D
7:67172420:T:C	7	67172420	C	rs2714606	0.431812140345573	-8.11917527956192e-05	0.0010107303203287807	Group D
7:67523020:T:C	7	67523020	C	rs7809564	0.674907112121582	0.0	9.99449099054968e-05	Group D
7:67526074:C:T	7	67526074	Group D	rs2533479	0.734094893932343	-0.0013182713487985	0.0013182713487985	Group D
7:67837144:G:A	7	67837144	A	rs1353325	0.606245249509811	0.0	0.0003573456697974	Group D
7:69147703:T:G	7	69147703	Group D	rs2533449	0.792713302373886	-0.001195573941644	0.001195573941644	Group D
7:69157267:C:T	7	69157267	Group D	rs611052	0.829482728242874	-0.0005344686982375	0.0005344686982375	Group D
7:69252380:C:A	7	69252380	A	rs6959766	0.491752117872238	0.0	0.0009534038704513	Group D
7:70120517:T:C	7	70120517	C	rs10234482	0.604509210586548	0.0	0.0001641799378361	Group D
7:70144848:T:C	7	70144848	C	rs10234816	0.827648156881332	-0.0054028490446075	0.0023183680702843004	Group D
7:70170499:A:G	7	70170499	Group D	rs35567493	0.751700741052628	0.0005361246285186	0.0005361246285186	Group D
7:70248469:A:G	7	70248469	G	rs9886351	0.415739560127258	0.0001573857694215	0.0007009781711986001	Group D
7:70703896:T:C	7	70703896	C	rs2867046	0.608605241775513	0.0	2.99264618076252e-05	Group D
7:70715414:A:G	7	70715414	G	rs4717586	0.299932453036308	-0.0003806652084963	0.0006089091170252	Group D
7:71019833:G:A	7	71019833	A	rs12699052	0.344152462482452	-0.0010947815616928	0.0002935066111235999	Group D
7:71055111:G:A	7	71055111	A	rs9638627	0.615263026952744	-0.0025810665134696	0.0005030423783836998	Group D
7:71148103:G:A	7	71148103	A	rs664112	0.655752539634705	0.0	0.0002143248811698	Group D
7:71181192:T:C	7	71181192	C	rs11762228	0.557117813825607	-0.0007365762806599	0.0002386140446432	Group D
7:71508645:A:G	7	71508645	Group D	rs4717625	0.736687284708023	-0.0002433897705347	0.0002433897705347	Group D
7:71550079:C:T	7	71550079	T	rs4719207	0.629804319143295	-0.0001837377737209	0.0008236841617412001	Group D
7:71603773:T:C	7	71603773	C	rs10950298	0.695069456100464	2.63808278808362e-08	0.0004689801553104192	Group D
7:71682643:A:G	7	71682643	Group D	rs10227704	0.762214779853821	-0.000461187789421	0.000461187789421	Group D
7:71793386:T:C	7	71793386	C	rs2944825	0.437911853194237	0.0	0.0002004236669355	Group D
7:73012042:G:A	7	73012042	A	rs35332062	0.621053057909012	-0.0013445477614322	0.0006357171527595	Group D
7:73157315:C:T	7	73157315	Group D	rs34062071	0.773366439342499	1.94764155480951e-05	1.94764155480951e-05	Group D
7:73969541:A:G	7	73969541	G	rs2301895	0.405536043643951	0.0008105197310264	0.0004916846934119	Group D
7:74076493:A:G	7	74076493	G	rs13238568	0.646814680099487	0.001280580739452	0.00046448796836309997	Group D
7:74489486:T:C	7	74489486	C	rs6955671	0.602367979288101	0.0044073607651638	7.777060950839992e-05	Group D
7:76950686:C:A	7	76950686	A	rs17151689	0.343076822161675	0.0	0.0010123813829723	Group D
7:77035392:T:C	7	77035392	C	rs6949654	0.60378525853157	-0.0012357510561227	0.00031806072138880004	Group D
7:77062679:A:C	7	77062679	C	rs998994	0.430298873782158	0.0004549827400064	0.00033235226494570004	Group D
7:77247821:G:A	7	77247821	A	rs9640663	0.49440131187439	-0.0019186661903208	0.0002904535069354001	Group D
7:78289970:A:C	7	78289970	C	rs6466333	0.261803478002548	-0.0008696743942138	0.00029958494801259994	Group D
7:78529998:C:T	7	78529998	T	rs4255073	0.523502540588379	-0.0017027356305013	0.0005635903876282	Group D
7:78750843:C:T	7	78750843	T	rs11767464	0.335802620649338	0.0	0.0003032900533064	Group D
7:79736039:T:G	7	79736039	Group D	rs10248649	0.909945225715637	0.0004396159513262	0.0004396159513262	Group D
7:81192121:G:A	7	81192121	A	rs35905447	0.708407193422318	0.0004383525885771	0.00043632542315639994	Group D
7:82118389:T:C	7	82118389	C	rs6944791	0.397348803281784	5.59143311532844e-05	0.0002356490464225156	Group D
7:82138216:C:T	7	82138216	T	rs10233240	0.578532519936562	0.0	0.0006975292197708	Group D
7:83269493:G:A	7	83269493	A	rs3757621	0.360560823976994	0.0	0.0002137582595441	Group D
7:83664148:G:A	7	83664148	A	rs1533995	0.412198302149773	0.0002532432816896	0.0005263843745398999	Group D
7:83743961:C:T	7	83743961	Group D	rs6974494	0.735237473249435	-0.0015462096553326	0.0015462096553326	Group D
7:83760881:G:T	7	83760881	T	rs10261415	0.665923207998276	0.0	0.0010597190781303	Group D
7:85571719:G:A	7	85571719	A	rs13222653	0.445318043231964	0.000395921489135	0.0005145067371427	Group D
7:86103797:T:C	7	86103797	C	rs10808069	0.49323513507843	0.0	0.0006273040978482	Group D
7:86115922:G:T	7	86115922	Group D	rs1881819	0.738148730993271	0.0003671689829324	0.0003671689829324	Group D
7:86274289:T:C	7	86274289	C	rs274624	0.750627142190933	0.0017655604863666	0.0004582230385471002	Group D
7:86712595:C:T	7	86712595	T	rs7459046	0.308390608429909	0.0	2.92915335586554e-05	Group D
7:86928582:C:T	7	86928582	T	rs1089522	0.332793560624123	0.0	0.0006778200544119	Group D
7:86965599:C:T	7	86965599	Group D	rs996745	0.734487020969391	0.0006474199496208	0.0006474199496208	Group D
7:88190053:A:G	7	88190053	G	rs6962353	0.385427194833756	-3.68863166309335e-05	0.0006675381827580666	Group D
7:88302772:A:G	7	88302772	Group D	rs6959780	0.766734671592712	-0.0014487855253024	0.0014487855253024	Group D
7:88303672:T:C	7	88303672	C	rs2098278	0.565418815612793	0.0	0.0004907154897131	Group D
7:88737192:A:G	7	88737192	Group D	rs10242213	0.811738973855972	-8.45522830670815e-05	8.45522830670815e-05	Group D
7:89623846:A:C	7	89623846	C	rs259139	0.631119102239609	0.0	0.0003457465185162	Group D
7:89628902:A:C	7	89628902	Group D	rs259162	0.75494327545166	-0.0050391742890669	0.0050391742890669	Group B
7:89629127:G:A	7	89629127	A	rs259163	0.717009729146957	0.0	0.0030696951224549	Group D
7:89854446:T:G	7	89854446	G	rs194520	0.395807135105133	0.0027600726086231	0.0004137265262289	Group D
7:90227810:C:A	7	90227810	A	rs4727233	0.638251578807831	0.0	0.0003383661638948	Group D
7:90632954:A:G	7	90632954	G	rs802387	0.450754401087761	0.0	4.74803588991264e-06	Group D
7:90922544:C:T	7	90922544	T	rs10250915	0.333619996905327	-0.0043225942032392	0.0007866056350972006	Group D
7:91097689:T:C	7	91097689	Group D	rs11979889	0.748299276828766	-0.0003300084971527	0.0003300084971527	Group D
7:92236164:T:C	7	92236164	C	rs8179	0.66143416762352	0.0	0.0009328903026785	Group D
7:92264993:T:C	7	92264993	Group D	rs2282979	0.858104366064072	0.0021061633557271	0.0021061633557271	Group D
7:92470345:G:A	7	92470345	A	rs10269570	0.53458990752697	0.0012521534109851	0.0009866512348331003	Group D
7:92558612:T:C	7	92558612	C	rs2374613	0.341883137822151	0.0	0.0006520999304454	Group D
7:92605151:T:C	7	92605151	Group D	rs4729053	0.755074179172516	0.0004398567744284	0.0004398567744284	Group D
7:92988398:T:G	7	92988398	G	rs3735650	0.479414340853691	-0.0009180704398587	0.0003925232263241999	Group D
7:93116299:A:G	7	93116299	G	rs2301680	0.678985434770584	-0.0030386535432635	0.00024426578052280006	Group D
7:94103065:G:T	7	94103065	Group D	rs727101	0.738580739498138	-0.0003032935823982	0.0003032935823982	Group D
7:94937446:T:C	7	94937446	C	rs662	0.56162034869194	-0.0007933938294598	0.0004623851864296001	Group D
7:95063702:T:G	7	95063702	Group D	rs2374993	0.861151957511902	0.001260561354781	0.001260561354781	Group D
7:95225813:T:C	7	95225813	Group D	rs10085637	0.828461635112763	-0.0002822451553284	0.0002822451553284	Group D
7:95298992:G:A	7	95298992	Group D	rs854076	0.7553173661232	0.000302802967057	0.000302802967057	Group D
7:95320949:C:T	7	95320949	Group D	rs854099	0.746977424621582	2.68552221541092e-05	2.68552221541092e-05	Group D
7:95323923:G:A	7	95323923	A	rs854100	0.460424259305	0.0	0.0001046890077141	Group D
7:95424457:C:T	7	95424457	Group D	rs2706888	0.748523712158203	-0.0006190883310668	0.0006190883310668	Group D
7:96466047:A:G	7	96466047	Group D	rs10258689	0.861574786901474	-0.0008844863144452	0.0008844863144452	Group D
7:96517028:T:G	7	96517028	Group D	rs6465560	0.749775820970535	0.0010984866540644	0.0010984866540644	Group D
7:96525521:C:A	7	96525521	A	rs10266774	0.626148283481598	0.0	0.0006378713824518	Group D
7:96537873:G:A	7	96537873	A	rs7785929	0.38087297976017	0.0	0.0006767575398647	Group D
7:96598368:G:A	7	96598368	A	rs2189772	0.560319057106972	-0.0011317264440914	0.0005304074361482001	Group D
7:96624257:T:A	7	96624257	Group D	rs2240294	0.733593648672104	-0.0012291626209336	0.0012291626209336	Group D
7:97637176:T:C	7	97637176	C	rs10085505	0.45701068341732	-0.0009573033864832	0.0008016893942631001	Group D
7:97938443:G:A	7	97938443	A	rs1006169	0.370111092925072	0.0	0.001406957654779	Group D
7:97984077:C:T	7	97984077	Group D	rs2240348	0.741909801959992	-0.0032056828824173	0.0032056828824173	Group D
7:98644032:G:A	7	98644032	A	rs219823	0.629708254337311	-0.000497990399533	2.199610451480001e-05	Group D
7:98648069:G:A	7	98648069	A	rs219827	0.6052918612957	-0.000872966594095	0.0004694582187372001	Group D
7:98780520:G:T	7	98780520	T	rs4729521	0.257151599228382	-0.0022827799324844	0.0004164881833320002	Group D
7:98829666:A:G	7	98829666	G	rs6969297	0.507508099079132	0.0	0.0005707060009112	Group D
7:99032399:A:G	7	99032399	G	rs11973173	0.466351845860481	0.0	7.80532849133821e-07	Group D
7:99270539:C:T	7	99270539	T	rs776746	0.657123619318008	8.35231443060974e-05	0.0015069501332285024	Group D
7:99474427:A:G	7	99474427	G	rs2572023	0.612629121541977	-0.0067184814026366	1.1037483730300807e-05	Group D
7:99533111:T:C	7	99533111	C	rs2525549	0.45091932117939	0.0	0.0008706209389519	Group D
7:99552168:T:C	7	99552168	C	rs2527886	0.517010775208473	0.0	1.51848502141069e-05	Group D
7:99614313:G:A	7	99614313	Group D	rs4729566	0.855054652690888	0.0014549142852978	0.0014549142852978	Group D
7:100290031:C:A	7	100290031	A	rs221801	0.782584810256958	-0.0069409221930659	0.0014469292182297993	Group D
7:100548261:T:C	7	100548261	C	rs4341099	0.0	0.0	9.76039294011333e-05	Group D
7:100805460:G:A	7	100805460	A	rs10755866	0.597359639406204	0.0	0.000418000674001	Group D
7:100979310:C:T	7	100979310	T	rs6958889	0.410096216201782	-0.0014967071613123	0.0006409945567817999	Group D
7:101194424:C:T	7	101194424	T	rs17135626	0.695729720592499	0.0011981308232428	0.0003340796190430999	Group D
7:101840716:G:A	7	101840716	A	rs10808119	0.388982474803925	0.0	0.0007529763601608	Group D
7:101858144:G:A	7	101858144	Group D	rs416276	0.741956263780594	-0.0010330878126065	0.0010330878126065	Group D
7:101928495:G:C	7	101928495	C	rs803074	0.837810903787613	-0.0082029031739949	1.671410645700047e-05	Group D
7:102065651:C:T	7	102065651	T	rs1047998	0.571184173226357	0.0035182218291084	0.0007239605479557	Group D
7:102427889:C:T	7	102427889	T	rs17842496	0.0	0.0	0.0001309050842743	Group D
7:102760511:A:C	7	102760511	C	rs12540583	0.744637233018875	0.0004127714234373	0.0010004516528219999	Group D
7:103078489:A:C	7	103078489	C	rs9918711	0.427824431657791	0.0	9.64887933182349e-05	Group D
7:103165416:T:G	7	103165416	Group D	rs2711865	0.782798987627029	0.0005592087389875	0.0005592087389875	Group D
7:103292201:G:A	7	103292201	A	rs78008536	0.590344154834747	0.002082800775893	0.0052414743868329	Group B
7:104110492:C:T	7	104110492	T	rs6949536	0.39612443447113	0.0	0.0004403810401473	Group D
7:104377453:A:C	7	104377453	C	rs4236573	0.770421707630158	-0.0019968518344798	0.0016775232945537	Group D
7:104500549:A:G	7	104500549	G	rs17706792	0.530872070789337	0.0002754901430513	0.0010149164194781	Group D
7:104583843:G:A	7	104583843	A	rs2470943	0.317901137471199	0.0004676219606385	0.0005963507970494	Group D
7:104652671:G:A	7	104652671	Group D	rs6950894	0.808151030540466	-0.0002414588188761	0.0002414588188761	Group D
7:105274812:G:A	7	105274812	Group D	rs1706916	0.785519737005234	0.0004325215515773	0.0004325215515773	Group D
7:105277793:T:C	7	105277793	C	rs17345800	0.638091027736664	0.0	0.0007837016240745	Group D
7:105312942:G:T	7	105312942	Group D	rs846926	0.737606906890869	0.0023715941837194	0.0023715941837194	Group D
7:105615426:G:C	7	105615426	C	rs34426483	0.34958464205265	0.0006788331002739	0.0004327426834026001	Group D
7:105954740:T:C	7	105954740	Group D	rs2704966	0.872889912128449	0.000702900999408	0.000702900999408	Group D
7:106433166:C:T	7	106433166	T	rs6974881	0.807899856567383	-0.002078740597849	0.0014643633382427999	Group D
7:106433598:C:T	7	106433598	Group D	rs10215920	0.780846965312958	-0.000115198075243	0.000115198075243	Group D
7:106809649:A:C	7	106809649	Group D	rs4730221	0.789354252815247	0.0007135645288242	0.0007135645288242	Group D
7:107384127:G:A	7	107384127	Group D	rs739518	0.831601113080978	-0.0023007028567406	0.0023007028567406	Group D
7:107386810:C:T	7	107386810	T	rs10274201	0.503945955634117	0.0	0.0004502760894755	Group D
7:107404473:A:G	7	107404473	G	rs12539555	0.232726459205151	0.0	0.0003818446528541	Group D
7:107508000:T:C	7	107508000	C	rs12669950	0.25502467751503	-0.0005564352128502	0.0005639231294246999	Group D
7:107612629:A:G	7	107612629	Group D	rs1544474	0.825515365600586	0.0006495441856512	0.0006495441856512	Group D
7:107800953:A:G	7	107800953	G	rs12670313	0.645995652675629	-0.0019986061966833	0.0008288160578990003	Group D
7:109575726:C:A	7	109575726	A	rs3094526	0.650107258558273	-0.0010203614492116	0.0005941534971478999	Group D
7:111286879:T:C	7	111286879	Group D	rs2528678	0.785622429847717	0.0018052552592071	0.0018052552592071	Group D
7:111287980:C:T	7	111287980	T	rs2528679	0.560782590508461	0.0	0.0003404273612092	Group D
7:111665558:G:A	7	111665558	A	rs1468207	0.583117240667343	0.0001898573507787	0.0003770273049627	Group D
7:111731829:T:G	7	111731829	G	rs7800386	0.528072306513786	0.0	5.03410912129995e-05	Group D
7:112002804:G:A	7	112002804	A	rs17492961	0.76542603969574	0.0026364948378222	0.0019764717623362003	Group D
7:112645641:G:T	7	112645641	Group D	rs1375855	0.774938130378723	-0.0018648219597479	0.0018648219597479	Group D
7:112718961:G:A	7	112718961	A	rs2255442	0.563059735298157	-0.0029026764567531	0.00028160352414620003	Group D
7:113102425:C:T	7	113102425	Group D	rs7349984	0.735543793439865	-7.59759258280545e-06	7.59759258280545e-06	Group D
7:113313042:G:A	7	113313042	A	rs10232171	0.349578794836998	-0.0025355011303643	0.0005139937039646001	Group D
7:113313374:A:G	7	113313374	G	rs10264560	0.60547896027565	0.0	2.21503448213162e-07	Group D
7:113687867:A:C	7	113687867	Group D	rs7795574	0.784082639217377	0.0008347698763999	0.0008347698763999	Group D
7:113707787:T:C	7	113707787	C	rs10500037	0.52323537170887	0.0	0.000164238582914	Group D
7:114372026:T:C	7	114372026	C	rs647055	0.459138429164887	0.0	3.58593383108447e-05	Group D
7:114736595:A:G	7	114736595	G	rs7795179	0.634770262241364	0.0	0.0003201774645389	Group D
7:115513497:C:T	7	115513497	T	rs6976503	0.338449445366859	0.0	3.69108948616377e-05	Group D
7:116177825:G:A	7	116177825	A	rs3807986	0.604007142782211	0.0	0.0009638100320765	Group D
7:116181475:T:G	7	116181475	Group D	rs1476833	0.75444707274437	0.0013857999567669	0.0013857999567669	Group D
7:117064625:T:C	7	117064625	C	rs10249651	0.482885780930519	0.0014737759679224	0.0040926610084085	Group B
7:117088819:C:T	7	117088819	Group D	rs2078967	0.743429672718048	-0.0035132219699422	0.0035132219699422	Group D
7:117825834:A:G	7	117825834	G	rs2041527	0.600917989015579	0.0	0.0001661932431389	Group D
7:117854471:C:T	7	117854471	Group D	rs17141053	0.897605603933334	8.24184353189925e-05	8.24184353189925e-05	Group D
7:118442594:G:A	7	118442594	A	rs1072394	0.482459327578545	0.0	0.0026389883355619	Group D
7:118490680:C:T	7	118490680	Group D	rs10500067	0.746985858678818	0.0045173991081955	0.0045173991081955	Group B
7:121671127:T:G	7	121671127	G	rs1147497	0.563730251789093	0.0001185817137602	0.0004390920780385	Group D
7:121677000:A:G	7	121677000	G	rs1147491	0.470002409815788	-0.000230368944682	0.0009342612024598	Group D
7:121910688:A:G	7	121910688	G	rs2402603	0.491383904218674	0.0	0.0004737181997677	Group D
7:122184921:C:T	7	122184921	Group D	rs4731061	0.77623924612999	0.0011677825369887	0.0011677825369887	Group D
7:122191313:C:A	7	122191313	A	rs11768210	0.335703599452972	0.0	5.43402993488503e-05	Group D
7:122992977:T:C	7	122992977	C	rs2215580	0.341973951458931	0.0017807212082315	0.0007115073938965999	Group D
7:123152019:C:T	7	123152019	T	rs10255061	0.319808131456375	-0.0009895364290488	0.0008187289840038	Group D
7:123598503:C:T	7	123598503	T	rs2253692	0.590544730424881	6.13675796779848e-05	0.0004959740490596152	Group D
7:123608352:G:T	7	123608352	T	rs13232441	0.402135762572289	0.0003686522253481	9.70039449402e-05	Group D
7:123768153:T:C	7	123768153	C	rs2191280	0.564455464482307	0.0	0.0004199538535754	Group D
7:125219237:A:G	7	125219237	Group D	rs813781	0.733656340837479	-0.0017926648141777	0.0017926648141777	Group D
7:125219904:G:A	7	125219904	A	rs1833082	0.591885942220688	0.0	0.0001526869888042	Group D
7:126464966:G:A	7	126464966	Group D	rs2283075	0.772190189361572	-0.0017090780473397	0.0017090780473397	Group D
7:126512514:C:T	7	126512514	T	rs1204526	0.33283865749836	0.0	0.0003178101540906	Group D
7:127032599:A:C	7	127032599	C	rs1057454	0.724413901567459	0.0	1.66465064631508e-05	Group D
7:127060796:C:T	7	127060796	T	rs17867852	0.643570643663406	0.0	0.0001068208259592	Group D
7:128323034:A:G	7	128323034	G	rs1109552	0.269917599856854	0.0006172466165121	0.00023076404354280006	Group D
7:128562578:T:C	7	128562578	C	rs4731530	0.621324318647385	0.0002563961867307	0.0006245423307254	Group D
7:129068978:G:A	7	129068978	A	rs1665105	0.311976478993893	-0.000485617113179	0.0005987577457988	Group D
7:129108517:G:A	7	129108517	A	rs12671604	0.567218941450119	0.0	0.0001226205986693	Group D
7:129108676:A:G	7	129108676	G	rs12667232	0.324613755941391	0.0	5.31548492130537e-05	Group D
7:129349387:C:T	7	129349387	T	rs4731617	0.377833420038223	-4.34532205873316e-05	0.0004564059209272684	Group D
7:129475323:G:A	7	129475323	A	rs2727500	0.752312791347504	-0.0036512892888616	0.0014847385085274998	Group D
7:130024010:A:G	7	130024010	G	rs741486	0.709271204471588	0.0	0.0001369688477923	Group D
7:130585492:T:C	7	130585492	Group D	rs157934	0.812592744827271	-0.0072609373892819	0.0072609373892819	Group B
7:130585553:T:G	7	130585553	G	rs157935	0.617105102539063	0.0	0.0057509054676331	Group B
7:130616949:T:C	7	130616949	Group D	rs205717	0.815107041597366	0.0014176906903824	0.0014176906903824	Group D
7:130641577:G:A	7	130641577	A	rs205774	0.836796355247498	0.0021974100129327	0.0007665429911924999	Group D
7:130742066:A:G	7	130742066	Group D	rs7803075	0.825441688299179	-0.0047135874056911	0.0047135874056911	Group B
7:130761235:G:A	7	130761235	A	rs10954300	0.505171602964401	0.0	0.0033712011047819	Group D
7:130887581:T:C	7	130887581	C	rs6467365	0.655358308553696	0.0012871885879883	0.00029962378069099986	Group D
7:130887687:C:T	7	130887687	T	rs6467366	0.457960718870163	0.0001745052400218	0.0004954562231717	Group D
7:131203636:T:C	7	131203636	Group D	rs10224884	0.754650318622589	-0.000302815448322	0.000302815448322	Group D
7:131266059:A:G	7	131266059	G	rs11760907	0.775087642669678	0.0024748082725241	0.0013533349192369998	Group D
7:131342486:T:C	7	131342486	Group D	rs10235758	0.759145951271057	-0.004713755832638	0.004713755832638	Group B
7:132070054:T:C	7	132070054	C	rs741664	0.791798198223114	-0.0001282730506457	0.0004549406613967	Group D
7:133430901:G:T	7	133430901	Group D	rs10954431	0.76032252907753	0.00011255565924	0.00011255565924	Group D
7:134331425:A:G	7	134331425	G	rs1469166	0.756657087802887	-0.0044279223625436	0.001692065784327	Group D
7:134388255:A:G	7	134388255	G	rs2347698	0.521328175067902	-0.0019264246556093	0.0011723134624617999	Group D
7:134419894:G:A	7	134419894	Group D	rs7778776	0.738654810190201	0.0007959931499907	0.0007959931499907	Group D
7:135048804:C:T	7	135048804	T	rs3812265	0.664057874679565	0.0006470381285916	7.851952409039997e-05	Group D
7:135269655:T:C	7	135269655	C	rs58392569	0.699207156896591	0.0004924893637419	0.0010739887396793001	Group D
7:135269656:G:A	7	135269656	A	rs61459701	0.731054401397705	0.00069273276635	0.000402902055133	Group D
7:135447825:G:A	7	135447825	A	rs10239621	0.406123003363609	0.0028034272550458	0.0017262651411631001	Group D
7:135469462:G:A	7	135469462	A	rs6977424	0.756081479787827	0.0018569935348512	0.0012237707570824	Group D
7:136825522:T:C	7	136825522	C	rs1880792	0.378164932131767	1.69450614635798e-05	0.00035893841128792017	Group D
7:136882925:G:A	7	136882925	A	rs6467700	0.326743686199188	0.000178318656727	0.0003656877642028	Group D
7:137016297:C:A	7	137016297	A	rs1431093	0.667857921123505	0.0009079677877894	0.0006494213699292001	Group D
7:137600690:C:T	7	137600690	T	rs273957	0.679000222682953	0.0	8.7019432249946e-05	Group D
7:137775867:A:G	7	137775867	Group D	rs6977075	0.767122286558151	0.0006034652572827	0.0006034652572827	Group D
7:138397297:A:G	7	138397297	G	rs6977910	0.776424020528793	0.0021376113857119	0.0016595205009986	Group D
7:138400858:A:C	7	138400858	C	rs999228	0.592732208967209	0.0008844740768334	0.00019195491487490005	Group D
7:138409421:C:T	7	138409421	T	rs17441563	0.399865779280663	0.0	0.0009480544963302	Group D
7:138455988:A:G	7	138455988	G	rs10258719	0.682441800832748	0.0057358713290454	0.0006065550722043995	Group D
7:138740037:G:C	7	138740037	C	rs2297236	0.62677213549614	-0.0063596805783253	0.00026977145261769964	Group D
7:138781422:T:C	7	138781422	C	rs4728461	0.312353220582008	-0.002943125013919	0.000734316711837	Group D
7:139695144:A:G	7	139695144	G	rs7795996	0.670355170965195	0.0	0.0019626478460148	Group D
7:139702440:C:T	7	139702440	T	rs62490128	0.751421016454697	0.0044329552187687	0.0040830472649354	Group B
7:139710148:C:T	7	139710148	Group D	rs3823715	0.744438219070435	-0.0027149449610092	0.0027149449610092	Group D
7:139723400:G:A	7	139723400	A	rs2269997	0.547353082895279	0.0	0.0018960729564027	Group D
7:139754819:T:C	7	139754819	C	rs7810536	0.545987197756767	0.0	0.0003585062333344	Group D
7:139797431:G:T	7	139797431	T	rs6950119	0.0	0.0027529394237081	0.0004954529390433001	Group D
7:140125750:T:C	7	140125750	C	rs2948386	0.507303464412689	0.001403721124486	0.0002412375641509001	Group D
7:140212391:G:A	7	140212391	A	rs10249780	0.471351680159569	0.0004006844864895	0.0008860692131892999	Group D
7:140244560:C:T	7	140244560	T	rs2293177	0.747952479124069	-0.0011752973719891	0.0004108254641502001	Group D
7:141672705:G:A	7	141672705	A	rs1726866	0.276490606367588	-0.0016762960363161	0.00023441865535859998	Group D
7:141686694:C:A	7	141686694	A	rs4726484	0.531123691797257	0.0003585508809017	0.0005854959503452	Group D
7:141838362:C:G	7	141838362	G	rs6464465	0.585227900743485	0.0012069605069888	0.0004364098396261	Group D
7:141851610:G:A	7	141851610	A	rs10270056	0.407463577389717	0.0	0.0015376741505517	Group D
7:141853252:A:G	7	141853252	Group D	rs12537171	0.742811346054077	-0.0032636655109996	0.0032636655109996	Group D
7:141861235:A:G	7	141861235	G	rs11771612	0.321891105175018	0.0	0.0003096901607086	Group D
7:141969453:C:T	7	141969453	T	rs7785573	0.539983084797859	-0.0012519930431661	0.0001779528102099999	Group D
7:142137119:T:C	7	142137119	C	rs2040369	0.613102006912231	0.0	0.0005951590356047	Group D
7:142190774:G:A	7	142190774	Group D	rs17232	0.812807255983353	-0.0010123408843574	0.0010123408843574	Group D
7:142242352:C:T	7	142242352	T	rs2734112	0.702737927436829	0.0076184483572915	0.00037425617500960046	Group D
7:142378633:G:A	7	142378633	A	rs17243	0.397008627653122	0.0	0.0003133577006786	Group D
7:142510446:G:A	7	142510446	A	rs17267	0.878894376754761	0.0013267010002222	0.0007244459498345999	Group D
7:142981805:C:A	7	142981805	Group D	rs7806162	0.771449738740921	0.0017439508347832	0.0017439508347832	Group D
7:143633157:T:C	7	143633157	C	rs13235235	0.576004940271378	-0.0005650971588884	0.0003087740526881	Group D
7:144095600:A:G	7	144095600	G	rs2699503	0.49605278968811	0.0016048846264655	0.00010036891502480006	Group D
7:144153879:G:A	7	144153879	A	rs2888075	0.47258343398571	0.0	0.0002387059721981	Group D
7:144277757:C:A	7	144277757	A	rs7781839	0.229863476753235	-0.0025797357820432	0.0006626519415118002	Group D
7:144747973:A:C	7	144747973	C	rs11769799	0.303249095380306	0.0	2.93599789876761e-07	Group D
7:146597770:C:T	7	146597770	T	rs12703848	0.479598650336266	-5.49527780028338e-05	0.00044622092060396615	Group D
7:147007130:C:T	7	147007130	T	rs6959535	0.423948210477829	-0.0002226266916834	0.0008385655495278	Group D
7:147248763:T:G	7	147248763	G	rs35194474	0.363923001289368	0.0	0.0006050730219049	Group D
7:147438666:A:G	7	147438666	Group D	rs6953679	0.812198412418366	0.0006822647275722	0.0006822647275722	Group D
7:147454779:C:T	7	147454779	T	rs10085579	0.412741741538048	-0.0003083551557145	0.0010812776322758999	Group D
7:147488371:T:C	7	147488371	C	rs851697	0.441003161668777	-0.0001368693298483	0.0003944669404808	Group D
7:147872505:A:G	7	147872505	G	rs1013738	0.456731602549553	0.0021234367465364	0.0008814524340513001	Group D
7:147987462:C:A	7	147987462	Group D	rs6464866	0.750843715667725	0.0011636373176304	0.0011636373176304	Group D
7:148357580:C:T	7	148357580	T	rs10952773	0.495736664533615	-0.0008456943604872	0.0007815248390016001	Group D
7:148659616:A:G	7	148659616	G	rs10236884	0.741944402456284	-0.0017538908266993	0.0013301885121703	Group D
7:148738787:G:A	7	148738787	A	rs10952788	0.749754583835602	-0.0023969016310242	0.0016124639890832998	Group D
7:149018308:A:C	7	149018308	C	rs11761219	0.72373286485672	0.0	0.0004645998040388	Group D
7:149522366:T:G	7	149522366	G	rs2074697	0.59015936255455	-0.0002127077943498	8.41206122818e-05	Group D
7:149577591:A:C	7	149577591	C	rs1133480	0.512724840641022	-0.0004707602829184	0.00020369703363310002	Group D
7:149667270:A:G	7	149667270	Group D	rs4725854	0.742523604631424	0.0016526834726106	0.0016526834726106	Group D
7:149678460:C:G	7	149678460	G	rs7803054	0.558988919854164	0.0	0.0003085893854062	Group D
7:150092684:C:T	7	150092684	T	rs4725889	0.590795058012009	-0.0001240581666236	0.00029495654674680004	Group D
7:150217309:C:T	7	150217309	T	rs3735080	0.618014320731163	0.0017993748343395	0.0014784401149654	Group D
7:150260920:A:C	7	150260920	Group D	rs11762140	0.739017421007156	0.0018253522121935	0.0018253522121935	Group D
7:150325175:C:T	7	150325175	T	rs13234724	0.722917532920837	0.0033131935492463	0.0003470126894603003	Group D
7:150530873:T:C	7	150530873	C	rs6464111	0.502549847960472	0.0015562492968508	0.0002946487585487	Group D
7:150557665:C:G	7	150557665	G	rs1049793	0.462806558609009	2.53771674869346e-05	0.00029106623394086536	Group D
7:150645534:T:G	7	150645534	G	rs1805123	0.677174854278565	-0.0022341755633835	0.00045242395191159987	Group D
7:150761314:G:A	7	150761314	A	rs2303929	0.455030417442322	0.0	0.0005203000730205	Group D
7:151114364:A:G	7	151114364	Group D	rs7809209	0.771168637275696	-0.0013135662963331	0.0013135662963331	Group D
7:151504499:G:A	7	151504499	A	rs10257529	0.652798497676849	-0.002394895873321	0.0006182300376299001	Group D
7:152255539:T:C	7	152255539	C	rs10155833	0.424716246128082	-0.0009500821872701	0.0006939579595274999	Group D
7:152708016:A:G	7	152708016	Group D	rs13223696	0.801327341794968	-7.9529423889215e-05	7.9529423889215e-05	Group D
7:153120067:T:G	7	153120067	Group D	rs1444458	0.835500735044479	0.0010591913431693	0.0010591913431693	Group D
7:153147619:A:G	7	153147619	G	rs10246632	0.351500329375267	0.0	0.0011934396220948	Group D
7:153774361:T:G	7	153774361	Group D	rs75903675	0.734744715690613	0.0013100053408942	0.0013100053408942	Group D
7:154030823:G:A	7	154030823	A	rs4726409	0.503408578038216	0.0018178734923532	0.0007021152754674001	Group D
7:154203454:A:G	7	154203454	G	rs4725547	0.45215557217598	0.0	0.0003085730140698	Group D
7:154663549:T:C	7	154663549	C	rs11768385	0.753337985277176	0.0027295855932778	0.0012986263373821999	Group D
7:155050159:G:A	7	155050159	A	rs6959431	0.742823386192322	-0.0016401822426024	0.0015913961265999709	Group D
7:155056859:G:A	7	155056859	A	rs13308944	0.519614070653915	0.0	4.07686754484902e-05	Group D
7:155195840:C:T	7	155195840	Group D	rs6977932	0.816441798210144	0.0021080919167995	0.0021080919167995	Group D
7:155767477:G:A	7	155767477	A	rs3801899	0.723364675045013	-0.0010420417603382	0.0005138715398835	Group D
7:156160671:T:C	7	156160671	Group D	rs4717047	0.775127935409546	-0.0003971513902301	0.0003971513902301	Group D
7:156272491:C:G	7	156272491	Group D	rs13227680	0.779563331604004	0.0010737823365672	0.0010737823365672	Group D
7:156717173:G:A	7	156717173	A	rs10949614	0.491769421100617	0.0005791453695075	0.0004883952250865	Group D
7:157061642:C:A	7	157061642	A	rs7807	0.596967840194702	0.0	0.0003851356686209	Group D
7:157162068:T:C	7	157162068	C	rs9692250	0.826166266202927	-0.0023212610996955	0.0003314503742404	Group D
7:157327528:C:T	7	157327528	Group D	rs221247	0.824500602483749	0.0015895585501089	0.0015895585501089	Group D
7:157338736:T:C	7	157338736	C	rs221271	0.714947766065598	0.0	0.0004922868406387	Group D
7:157931144:C:T	7	157931144	T	rs1130499	0.153312410414219	0.0039880920331572	0.0001513859435691	Group D
7:157985149:C:G	7	157985149	G	rs3800855	0.566833347082138	0.0022414922728334	0.0008660127093717	Group D
7:158505638:C:T	7	158505638	T	rs9801117	0.605457991361618	0.0	0.0001343633623367	Group D
7:158947294:T:C	7	158947294	C	rs6979985	0.642117816209793	0.0001989172425449	0.00045035111854269995	Group D
7:159084383:C:T	7	159084383	Group D	rs10249318	0.737881308794022	0.0001483995661015	0.0001483995661015	Group D
8:340067:G:A	8	340067	A	rs7825229	0.428018775582314	0.0041740155700031	0.0008993032224650001	Group D
8:342004:C:T	8	342004	Group D	rs935561	0.825844985246658	0.0004976126676191	0.0004976126676191	Group D
8:460350:A:G	8	460350	G	rs7002094	0.575556713342667	-0.0001692988780563	0.0004796059586924	Group D
8:1170382:A:G	8	1170382	G	rs11136364	0.231002698838711	0.0011555330735737	0.0002292782446939002	Group D
8:1183311:T:C	8	1183311	C	rs4073840	0.443207466602325	0.0	1.80946186207212e-05	Group D
8:2021421:G:T	8	2021421	T	rs2272720	0.6188252389431	0.0008272998438833	0.0002378238479936	Group D
8:2704670:A:C	8	2704670	C	rs2045175	0.401896315813065	-0.0002589492056562	0.0005737517936117999	Group D
8:3548027:A:G	8	3548027	G	rs2086532	0.488541057705879	-0.0017955717287141	0.0007597547954471999	Group D
8:3586061:G:T	8	3586061	T	rs2623746	0.466552382707596	0.0	0.0005766816411321	Group D
8:3801831:A:G	8	3801831	G	rs1523250	0.433048847317696	0.0	0.0007341789175537	Group D
8:3835979:A:G	8	3835979	G	rs11987711	0.712284201383591	0.0	0.0002820653605164	Group D
8:4352083:T:C	8	4352083	C	rs6991091	0.28718583136797	0.0	0.000328871990997	Group D
8:4360644:G:A	8	4360644	A	rs1154099	0.253662395477295	0.0011066014177713	0.0004815752598601999	Group D
8:4697226:A:G	8	4697226	G	rs921952	0.330420222878456	-0.0012966100392968	0.0007782648908482997	Group D
8:5119613:G:A	8	5119613	A	rs7004534	0.437948009371758	0.0	6.98152338620624e-05	Group D
8:6232009:C:T	8	6232009	T	rs17534653	0.408198896050453	0.0	0.0002009264284793	Group D
8:6269442:T:G	8	6269442	G	rs6994734	0.175534576177597	0.0009976124716919	0.0005551032510515998	Group D
8:6302154:G:T	8	6302154	T	rs2083914	0.549068102240562	0.0043822349946548	0.00023331293320329963	Group D
8:6479042:C:T	8	6479042	T	rs1057090	0.767201912403107	0.0005794305884694	0.0003632909662764	Group D
8:6788102:G:A	8	6788102	Group D	rs2003880	0.797439187765122	0.0018608016933306	0.0018608016933306	Group D
8:6790242:C:T	8	6790242	T	rs2702860	0.563517799973488	0.0	0.0019870998564134	Group D
8:7003969:A:C	8	7003969	C	rs28404695	0.396377635002136	0.0	0.0002329412097087	Group D
8:8429687:A:G	8	8429687	G	rs4840991	0.460518097877502	0.0	0.0003593219162041	Group D
8:8708974:C:G	8	8708974	Group D	rs3925830	0.84817528128624	-0.0006803050109054	0.0006803050109054	Group D
8:8747894:A:G	8	8747894	G	rs429433	0.682570379972458	0.0	0.0020808672396572	Group D
8:9527707:G:A	8	9527707	A	rs7015700	0.212572218477726	0.0021535159944201	1.7236557541200175e-05	Group D
8:10184094:T:G	8	10184094	Group D	rs11783091	0.755724900960922	0.0003958047163424	0.0003958047163424	Group D
8:10200886:G:A	8	10200886	A	rs11249991	0.465484192967415	0.0	0.0001710766125065	Group D
8:11296049:T:A	8	11296049	A	rs3021518	0.696103096008301	5.29129856740703e-05	0.0005219929645028297	Group D
8:11612698:C:A	8	11612698	A	rs804280	0.533043465018272	-0.0012102823190059	0.0013105062957834	Group D
8:11617142:C:T	8	11617142	Group D	rs11785481	0.743456953763962	0.0027405540144941	0.0027405540144941	Group D
8:11705342:G:C	8	11705342	C	rs1736088	0.464989721775055	0.0	0.000158111317688	Group D
8:11705677:C:G	8	11705677	G	rs2294140	0.605285090208054	0.0	0.0002276473349803	Group D
8:11710174:T:C	8	11710174	C	rs1803250	0.480135107040405	-0.0006231615625888	0.0012312617546477002	Group D
8:12888743:A:G	8	12888743	G	rs13281744	0.398851716518402	0.0	0.0001202130000673	Group D
8:12957475:C:T	8	12957475	T	rs532841	0.555335992574692	0.0008685438593543	0.00020458631223630006	Group D
8:13004933:T:C	8	13004933	Group D	rs35355292	0.740792655944824	-0.0021739004582396	0.0021739004582396	Group D
8:13283883:T:C	8	13283883	C	rs7845783	0.656083112955093	-0.0046798695516628	0.0007827094856805994	Group D
8:13405241:C:T	8	13405241	T	rs10503454	0.368929749727249	0.0011296263308778	0.0007673419983209998	Group D
8:13619237:G:A	8	13619237	A	rs10100593	0.578356671333313	0.0004728493588966	0.0005415711716101001	Group D
8:13716524:T:G	8	13716524	G	rs1383492	0.369195151329041	0.0005112655791645	0.0006742787037373	Group D
8:14378666:T:C	8	14378666	Group D	rs12548085	0.741082549095154	0.0006032111412565	0.0006032111412565	Group D
8:15225387:C:T	8	15225387	T	rs4831703	0.630659174919128	0.0	0.0007410829684985	Group D
8:15677023:A:G	8	15677023	G	rs2009817	0.301833400130272	-0.0006448760322416	0.00041830990852859996	Group D
8:15709114:T:G	8	15709114	G	rs2736070	0.341589945554733	-0.0003880822581888	0.0003834890802116	Group D
8:16553165:A:G	8	16553165	G	rs822258	0.558366486430168	-0.0029255569363039	0.0008257452382156999	Group D
8:17386854:A:G	8	17386854	G	rs2588222	0.397348591685295	-0.0016093000651183	0.0005204492325809002	Group D
8:17397822:C:T	8	17397822	Group D	rs2705017	0.850844365358353	0.000770467298744	0.000770467298744	Group D
8:17739538:T:C	8	17739538	C	rs3739406	0.559541848301888	0.0022514337259354	6.759167258940007e-05	Group D
8:17743020:G:A	8	17743020	A	rs484373	0.6766905605793	0.0	0.0005224565872695	Group D
8:17958253:A:C	8	17958253	C	rs6421410	0.561294990777969	0.0	0.000118254642103	Group D
8:18257854:T:C	8	18257854	C	rs1801280	0.580249238014221	-0.001435195275597	0.0003148854155184998	Group D
8:18412006:G:A	8	18412006	A	rs12545132	0.61917484998703	0.0002177012707449	0.0013422919915149	Group D
8:18702471:C:A	8	18702471	A	rs6586777	0.684720867872238	0.0	0.0024323254077916	Group D
8:18705723:T:C	8	18705723	C	rs6993404	0.777056163549423	-0.0046637567663126	0.0040454448767311	Group B
8:18729496:G:A	8	18729496	A	rs13263453	0.635811227560043	0.0010280752473623	0.0012597420217058	Group D
8:18756618:A:G	8	18756618	G	rs11784826	0.422320237755775	0.0	0.0006940952801565	Group D
8:19014749:G:A	8	19014749	A	rs73208458	0.689900934696198	0.001182482900491	0.0019822801173366997	Group D
8:19304533:G:A	8	19304533	A	rs4922029	0.373650085926056	-0.0012287850485627	0.0003676689721294	Group D
8:19359853:G:A	8	19359853	A	rs4921653	0.47735151052475	-0.001504270240145	0.00017722550486309993	Group D
8:19362768:C:T	8	19362768	T	rs7017776	0.474666684865952	-0.0009472920830517	0.00032614296277719995	Group D
8:19602355:T:C	8	19602355	C	rs12375275	0.444085538387299	0.0	0.0007584016003924	Group D
8:20032346:C:T	8	20032346	T	rs3779673	0.732334274053574	0.0	0.000741732635547	Group D
8:20576761:T:C	8	20576761	C	rs13258625	0.296574467420578	0.0014624169585142	3.0826299165499955e-05	Group D
8:20582438:T:C	8	20582438	C	rs1530779	0.389102348685265	0.0	0.0004366343962162	Group D
8:20659561:T:G	8	20659561	G	rs11204137	0.414351359009743	0.005016620911743	0.00040880701940369975	Group D
8:21768380:AAGAG:A	8	21768380	A	rs142797319	0.0	0.0	0.0006635056416765	Group D
8:22414741:T:C	8	22414741	C	rs2449347	0.530217471718788	0.0004928489004378	0.0004718065100776	Group D
8:22584718:T:C	8	22584718	C	rs1129474	0.710394304990768	-0.0014018288045651	0.00041779062433529995	Group D
8:22788370:G:T	8	22788370	Group D	rs7846053	0.804377102851868	0.0038989541105914	0.0038989541105914	Group B
8:22793954:T:C	8	22793954	C	rs9644027	0.433503609895706	0.0	0.0024778041131404	Group D
8:22931779:T:C	8	22931779	Group D	rs4872049	0.746680080890656	-4.39904979682207e-06	4.39904979682207e-06	Group D
8:22974450:T:C	8	22974450	C	rs9644063	0.711612504720688	-0.0028899312289449	0.0007087266217934	Group D
8:23001988:A:G	8	23001988	G	rs1133782	0.467475032806397	-0.0041615385952069	9.52840830322002e-05	Group D
8:23059324:C:G	8	23059324	G	rs20575	0.628650593757629	-0.0020569031065166	0.00016825276158690013	Group D
8:23410325:C:T	8	23410325	Group D	rs2928672	0.800674903392792	0.0003203514181012	0.0003203514181012	Group D
8:24105267:T:C	8	24105267	C	rs983977	0.581079483032227	0.0005339803936781	0.0005433111503166	Group D
8:24339679:G:A	8	24339679	A	rs13255694	0.431187155842781	0.002303868262367	0.0005191511338035002	Group D
8:24865117:T:C	8	24865117	C	rs2976414	0.563860362768173	0.0008646898811974	0.0007399887021366001	Group D
8:25364834:A:T	8	25364834	T	rs3829009	0.679927462339401	0.0023778791962703	0.00046419217124999985	Group D
8:25918507:T:C	8	25918507	C	rs980723	0.445859119296074	0.0006742626767208	0.0005204704460798001	Group D
8:26365716:C:T	8	26365716	T	rs2233701	0.433792421221733	0.0011378381373423	0.0010406544212307998	Group D
8:27302433:G:A	8	27302433	A	rs9657295	0.0948879644274712	0.0	0.0002022293532093	Group D
8:27312135:G:A	8	27312135	A	rs7007145	0.298922644555569	-4.04813213137312e-05	0.0002529745507960688	Group D
8:27476815:G:A	8	27476815	A	rs538181	0.526645335555077	0.0	1.47907924932584e-05	Group D
8:27767231:C:G	8	27767231	G	rs17058207	0.414291697740555	-0.0034580575340875	0.00043040021466939993	Group D
8:28746324:A:G	8	28746324	Group D	rs11782284	0.784581536054611	-0.0003438708033345	0.0003438708033345	Group D
8:28802932:A:G	8	28802932	G	rs6558085	0.374491968750954	-0.0002297861478444	0.0006295918662475	Group D
8:29387385:C:T	8	29387385	Group D	rs3824106	0.923433762788773	0.003771683750362	0.003771683750362	Group B
8:29389615:C:A	8	29389615	A	rs13250654	0.554976958036423	0.0	0.0019936200902047	Group D
8:29453239:C:T	8	29453239	Group D	rs4732976	0.757895082235336	0.0006680896806232	0.0006680896806232	Group D
8:29504917:A:G	8	29504917	Group D	rs7465306	0.737049233913422	0.0039133223627944	0.0039133223627944	Group B
8:29523123:C:T	8	29523123	T	rs6558136	0.644919526576996	0.0	0.0030444411668816	Group D
8:29682635:A:C	8	29682635	Group D	rs7459662	0.862031227350235	-0.0003125795173583	0.0003125795173583	Group D
8:30202180:A:G	8	30202180	G	rs4436088	0.33916819691658	-0.0003585512291977	0.0006434769793089001	Group D
8:30208782:T:C	8	30208782	C	rs7015667	0.656550973653793	0.0	6.15630433966027e-05	Group D
8:30500715:C:T	8	30500715	T	rs2978257	0.358995985984802	0.0005347605727135	0.0013294346793349	Group D
8:30503792:T:C	8	30503792	Group D	rs13253760	0.903508603572845	-0.0023521563784989	0.0023521563784989	Group D
8:30534563:A:G	8	30534563	G	rs62505346	0.425233200192452	0.0	0.0007981047402353	Group D
8:31422068:T:C	8	31422068	C	rs2345987	0.251789923012257	-3.82654805760881e-06	0.0007576934005927912	Group D
8:32096976:G:T	8	32096976	T	rs11782156	0.436947393417358	0.0022356691351981	0.0006748745764313998	Group D
8:32602392:T:G	8	32602392	G	rs7007436	0.545003163814545	0.0	0.0001379783571762	Group D
8:34833934:C:T	8	34833934	T	rs10090147	0.555978193879128	0.0	8.81473472062362e-05	Group D
8:36025847:A:G	8	36025847	G	rs2843894	0.322051855921745	0.0	0.0003145787889514	Group D
8:36851901:C:A	8	36851901	Group D	rs10955009	0.754813635349274	0.000567245859449	0.000567245859449	Group D
8:37797075:A:G	8	37797075	G	rs1902207	0.475854191184044	0.0	0.0003405145694293	Group D
8:38302965:C:T	8	38302965	T	rs6474354	0.42699618935585	0.0	0.0006405224052907	Group D
8:38523882:A:G	8	38523882	Group D	rs10958801	0.741564494371414	0.0014229135146623	0.0014229135146623	Group D
8:38854041:C:T	8	38854041	Group D	rs10105311	0.767565327882767	-0.0014565269643025	0.0014565269643025	Group D
8:38855062:G:T	8	38855062	T	rs7831735	0.448410803079605	0.0	0.0008122006282768	Group D
8:40028306:C:A	8	40028306	A	rs2980821	0.607936388254166	-5.16800481868727e-05	0.0006231640543724273	Group D
8:40313583:T:C	8	40313583	C	rs2730194	0.309890797734261	0.0	0.0001336382984555	Group D
8:40671114:C:T	8	40671114	T	rs7835606	0.308200737833977	0.0	0.0001872701382959	Group D
8:40995139:C:T	8	40995139	T	rs4736795	0.406124842166901	0.0	0.0005664055053108	Group D
8:41215593:T:C	8	41215593	C	rs4546646	0.513906806707382	0.0	0.00022687593712	Group D
8:41543675:G:A	8	41543675	A	rs34664882	0.655793631076813	0.0	0.0013321374603908	Group D
8:41630405:G:A	8	41630405	A	rs4737009	0.882869869470596	0.0031228048996447	0.0014645732447495002	Group D
8:41654458:C:T	8	41654458	T	rs10099197	0.836025059223175	-0.0066080016939767	0.002148099921771501	Group D
8:41688047:T:C	8	41688047	C	rs1362890	0.628434634208679	0.0	0.0014358536460768	Group D
8:41826817:A:G	8	41826817	G	rs13282703	0.368781700730324	0.0	0.0003545685833545	Group D
8:41878427:T:G	8	41878427	Group D	rs7845738	0.762366539239883	-0.0001320992730412	0.0001320992730412	Group D
8:48586506:G:C	8	48586506	C	rs17692216	0.760067367553711	0.0087837375923066	0.001935083388104301	Group D
8:50060407:A:G	8	50060407	G	rs1396589	0.582886666059494	0.0016500562573809	0.00023356470754940005	Group D
8:50195185:C:T	8	50195185	T	rs17664823	0.509867459535599	0.0002360304706	0.0006341675313127	Group D
8:52232487:G:T	8	52232487	T	rs1052704	0.427914398908615	0.0	0.0006910610617524	Group D
8:52602261:G:T	8	52602261	T	rs4397396	0.495955795049667	-0.0022229051981728	0.0007301881082213998	Group D
8:53808648:T:G	8	53808648	G	rs4873230	0.351965633034706	0.0	0.001295885297105	Group D
8:53810264:A:G	8	53810264	Group D	rs3906476	0.783176642656326	0.001707322367217	0.001707322367217	Group D
8:54410208:G:A	8	54410208	A	rs10958369	0.17867524176836	0.0032850358884086	0.0005698725701207999	Group D
8:54429644:G:A	8	54429644	A	rs13279206	0.534143388271332	0.0	1.88874466941649e-05	Group D
8:55444569:C:A	8	55444569	A	rs7010943	0.411221513152123	0.0	0.0003977109095525	Group D
8:56167580:G:A	8	56167580	A	rs7008285	0.588152021169663	0.0	0.0001926190175615	Group D
8:56298612:C:T	8	56298612	T	rs2622547	0.32054840773344	0.0	0.0019624067915342	Group D
8:56307408:G:A	8	56307408	A	rs1395390	0.377612206339836	0.0	0.000519398318546	Group D
8:56313943:A:G	8	56313943	Group D	rs906168	0.802176761627197	0.0029933839315142	0.0029933839315142	Group D
8:56589428:C:A	8	56589428	A	rs7460004	0.534013721346855	0.0	5.77923713935274e-05	Group D
8:56785133:G:T	8	56785133	T	rs6985703	0.272856949269772	-0.0003608229101986	0.0006375681691301	Group D
8:59567885:G:T	8	59567885	T	rs16923637	0.558319339156151	0.0007845319063011	0.0009929179321675002	Group D
8:59600753:T:G	8	59600753	G	rs750962	0.689303416013718	-9.67307786898816e-06	0.0005702667795236118	Group D
8:60046126:A:C	8	60046126	C	rs4568609	0.496983537077904	0.0009021862209746	0.0005820805031211	Group D
8:61132386:G:A	8	61132386	A	rs10100314	0.276398742198944	0.0023151000238857	0.0004393698115683002	Group D
8:61250319:G:T	8	61250319	T	rs6982717	0.717143779993057	-0.00078756739052	0.0005515645217277	Group D
8:61812553:T:C	8	61812553	C	rs6982175	0.516923189163208	0.0	0.0014895299275277	Group D
8:64897415:G:A	8	64897415	A	rs7822258	0.286131408810616	-0.0008958996341306	0.0005714494834065999	Group D
8:65422496:C:T	8	65422496	T	rs896493	0.650533819198608	0.0004737643813963	0.0011556227804113	Group D
8:66995147:C:T	8	66995147	T	rs4308714	0.5856864631176	-0.0013760790462207	0.00034221421919110014	Group D
8:67380528:T:C	8	67380528	C	rs1060242	0.598452073335648	0.0	0.0001071242089043	Group D
8:68528848:G:T	8	68528848	T	rs1809437	0.633318763971329	0.0	5.72289134963327e-05	Group D
8:68783412:A:C	8	68783412	C	rs6472350	0.434284871816635	-0.0010514595359949	0.00041096303039780003	Group D
8:68812770:T:C	8	68812770	C	rs7829057	0.45756815969944	-0.00370626872058	0.0014161085121448002	Group D
8:68826689:G:A	8	68826689	A	rs4592014	0.417139109969139	0.0	0.000303526099578	Group D
8:68863901:A:C	8	68863901	Group D	rs10156241	0.844242864847183	-0.0015654962152033	0.0015654962152033	Group D
8:69441508:C:T	8	69441508	T	rs2380474	0.542979022860527	-5.57891619280064e-05	0.0003885688277440936	Group D
8:69468914:C:T	8	69468914	T	rs10108264	0.500505086779594	-3.65354405437885e-05	5.195736721019104e-06	Group D
8:69504090:A:G	8	69504090	G	rs10504428	0.39843313395977	-0.000694309107339	0.00011667646357909993	Group D
8:69640783:G:A	8	69640783	A	rs12544474	0.338463085889816	0.0009600785261947	0.0007790664159891	Group D
8:69755610:G:A	8	69755610	A	rs10086214	0.65073469877243	-0.0005691988384773	0.0007382611368949001	Group D
8:69755661:T:C	8	69755661	C	rs9298137	0.623257476091385	0.0	6.21080509640132e-06	Group D
8:69901440:C:T	8	69901440	Group D	rs10111517	0.909283995628357	-0.0001692666943454	0.0001692666943454	Group D
8:70132590:G:A	8	70132590	A	rs705998	0.447182497382164	0.0	1.63676559669043e-06	Group D
8:70134082:G:A	8	70134082	A	rs831726	0.257139384746552	0.0	0.0001417639393004	Group D
8:70352302:C:T	8	70352302	T	rs7008866	0.569573596119881	0.0002635514038268	0.0007458609647573	Group D
8:70584628:T:C	8	70584628	C	rs1138541	0.294988772273064	0.0	0.0005439952545629	Group D
8:70980738:T:C	8	70980738	C	rs3750228	0.407591953873634	-0.0005723378150783	0.00031152041936	Group D
8:71346772:T:C	8	71346772	C	rs7011266	0.471330311894417	0.0008140765742983	0.0006252535161974	Group D
8:71971471:C:A	8	71971471	Group D	rs7832689	0.769362300634384	-0.0010249804563113	0.0010249804563113	Group D
8:72752882:C:T	8	72752882	Group D	rs3919904	0.81524298787117	0.0009779642185556	0.0009779642185556	Group D
8:72909680:T:G	8	72909680	G	rs10099390	0.254624795913696	-0.0015876643312589	0.0008144316590013999	Group D
8:72975801:T:G	8	72975801	G	rs7819749	0.649459224939346	-0.0003858740371679	0.00017297562743539993	Group D
8:73739218:A:G	8	73739218	G	rs10957621	0.391495618224144	-0.0008301340179929	0.00045528878887790005	Group D
8:73778642:G:A	8	73778642	A	rs10504543	0.443766149878502	0.0010130490376046	0.00039727342589249994	Group D
8:73872452:G:A	8	73872452	A	rs2975830	0.615548205375671	-0.0004485486405612	0.0006027095947549999	Group D
8:74384448:G:A	8	74384448	A	rs10108733	0.4381944835186	0.0	3.77375182923507e-05	Group D
8:74868305:T:C	8	74868305	C	rs12676883	0.279655909538269	0.0013046343483949	0.0012421620193417	Group D
8:74884530:G:T	8	74884530	Group D	rs6990813	0.846577918529511	-0.0017613903792638	0.0017613903792638	Group D
8:75006830:T:C	8	75006830	C	rs6472819	0.562534403800964	-0.0022025595613111	0.0004519418453875	Group D
8:75075354:A:G	8	75075354	G	rs2956043	0.346827235817909	0.0	0.0003346621116681	Group D
8:75112770:C:T	8	75112770	T	rs2977070	0.299369864165783	0.0	0.0006459535607991	Group D
8:75322485:C:T	8	75322485	T	rs6996800	0.453097495436668	0.0	0.000257571055741	Group D
8:75646830:A:G	8	75646830	G	rs269175	0.733296924829483	-0.0027911463159372	0.0020484486277522	Group D
8:76121824:A:G	8	76121824	G	rs12547658	0.255336679518223	0.0	6.13957171447716e-05	Group D
8:76307872:T:G	8	76307872	Group D	rs2980222	0.75630561709404	0.0022073391205905	0.0022073391205905	Group D
8:76452313:G:A	8	76452313	A	rs2943549	0.699249374866486	0.0023598996351732	0.0006215176951409	Group D
8:76955521:C:T	8	76955521	T	rs830442	0.420236870646477	0.0009665703711389	0.0010557475468937999	Group D
8:77165572:T:C	8	77165572	C	rs11779970	0.287132094800472	0.0012109040228228	0.00030451967283610004	Group D
8:77417193:G:T	8	77417193	T	rs16939284	0.371526551246643	0.0	0.0004622470629805	Group D
8:77419787:G:T	8	77419787	Group D	rs72670699	0.763043612241745	0.0027425618852467	0.0027425618852467	Group D
8:77744795:A:G	8	77744795	G	rs1032087	0.33121777176857	0.0018029693615625	0.0008472967921718001	Group D
8:77819857:G:A	8	77819857	A	rs1843026	0.320499676465988	0.0	8.73776322747951e-05	Group D
8:78643619:T:C	8	78643619	C	rs17385111	0.553712847828865	0.0091708479030596	0.0005169815832998994	Group D
8:79572222:C:A	8	79572222	A	rs1384804	0.119491181522608	-0.0141363189432318	0.001015552435001	Group D
8:79577726:A:C	8	79577726	C	rs3808619	0.668963408470154	0.0	0.0002019127213576	Group D
8:79617313:G:A	8	79617313	A	rs10957898	0.223746870458126	0.0022579377476402	0.0012941090029559002	Group D
8:79644437:A:G	8	79644437	G	rs1545228	0.156777438521385	0.006145477400342	6.56497470278997e-05	Group D
8:79654145:A:G	8	79654145	G	rs6993386	0.108539009094238	0.0017547232122654	0.0007774585450048002	Group D
8:79759499:C:T	8	79759499	T	rs2010128	0.547286194562912	-0.0031040196461291	0.0005536599120507003	Group D
8:79760074:G:A	8	79760074	A	rs61318787	0.487169152498245	-0.0003182711289259	0.0011056279409610002	Group D
8:81333371:T:C	8	81333371	C	rs12545933	0.661836183071137	0.0	0.0004482876623624	Group D
8:82246107:T:C	8	82246107	C	rs12155792	0.419545763731003	0.0038667957345976	0.0009983279365721005	Group D
8:82879546:A:G	8	82879546	G	rs2400541	0.638463032245636	-0.0004904026057805	0.0005700011356911	Group D
8:83320438:G:A	8	83320438	A	rs7846550	0.413065353035927	0.0	9.26903640708209e-05	Group D
8:83356084:A:G	8	83356084	Group D	rs10958105	0.801758915185928	0.0017259165625983	0.0017259165625983	Group D
8:84938401:C:T	8	84938401	T	rs1442049	0.337387043237686	0.0004596517363424	0.0002227707411954	Group D
8:84996380:T:C	8	84996380	C	rs13281887	0.384311372041702	-0.0003881780710423	0.0002409355817736	Group D
8:86253982:C:T	8	86253982	T	rs1496532	0.157260785996914	-0.0021979073151685	0.00037395440624430005	Group D
8:87096184:A:G	8	87096184	G	rs4960948	0.27097380310297	0.0	0.0001331773739569	Group D
8:87614243:T:C	8	87614243	Group D	rs1441249	0.782316422462463	-0.001395760763524	0.001395760763524	Group D
8:90776033:C:T	8	90776033	T	rs428484	0.578722405433655	0.0	0.0003948326907386	Group D
8:90776812:A:C	8	90776812	Group D	rs39502	0.808850789070129	-0.0009613285003207	0.0009613285003207	Group D
8:93195529:A:G	8	93195529	G	rs5003492	0.29770260900259	-0.0010293452590009	0.0004957248700952	Group D
8:93201255:T:G	8	93201255	G	rs1373529	0.496909040212631	-0.0032814347240776	2.8080013513499986e-05	Group D
8:93403834:A:G	8	93403834	G	rs12541869	0.32600220143795	-0.0014512843414776	0.00047023684262369994	Group D
8:95158381:TCAAGGAAGACCCCCC:T	8	95158381	T	rs1247007842	0.0	0.0003281579957372	0.0002448789662365	Group D
8:95853708:G:A	8	95853708	A	rs11996455	0.153077901899815	0.0041735781020076	0.0003744017740120002	Group D
8:97741971:G:A	8	97741971	A	rs3857894	0.400746765732765	0.0013005139476328	0.0006813581887809999	Group D
8:98227007:C:T	8	98227007	Group D	rs10110404	0.75427188873291	9.08594741233309e-05	9.08594741233309e-05	Group D
8:99094948:A:G	8	99094948	G	rs2514335	0.386798012256622	0.000640994317762	0.0007106306387836	Group D
8:99386716:T:C	8	99386716	Group D	rs7834444	0.82390547990799	-0.0005894252633179	0.0005894252633179	Group D
8:100865836:G:A	8	100865836	A	rs6468694	0.423185870051384	-0.0004217634078831	0.0009812578240181	Group D
8:101162416:G:A	8	101162416	Group D	rs3779810	0.760410702228546	0.0057319805044978	0.0057319805044978	Group B
8:101206391:G:A	8	101206391	A	rs17335870	0.462719893455505	0.0	0.0068157992144084	Group B
8:101346819:G:A	8	101346819	A	rs7818852	0.522672861814499	0.0	0.0007022906080198	Group D
8:101349347:G:T	8	101349347	Group D	rs7832795	0.852072507143021	0.0001810373693913	0.0001810373693913	Group D
8:101358380:A:G	8	101358380	G	rs6984515	0.2960433781147	0.0	3.66064932345866e-05	Group D
8:101372316:C:T	8	101372316	T	rs17424046	0.70123929977417	0.0	8.37243059417701e-06	Group D
8:101374627:C:T	8	101374627	T	rs9297294	0.43450562953949	0.0018427301278045	0.0019403020851686999	Group D
8:101389202:T:C	8	101389202	Group D	rs17339850	0.737657016515732	0.0034564064076686	0.0034564064076686	Group D
8:101392568:T:C	8	101392568	C	rs60810270	0.855364114046097	0.0035003597714985	0.0030715577676976996	Group D
8:102066725:G:C	8	102066725	C	rs13253402	0.66499325633049	0.0	0.0003056873706436	Group D
8:102128719:G:A	8	102128719	A	rs872433	0.691563826799393	0.0010233814304912	0.0004098202395376	Group D
8:102447571:T:C	8	102447571	C	rs1148490	0.505573236942291	0.000960285979904	0.0007862087098872999	Group D
8:102468281:T:C	8	102468281	C	rs546224	0.441069361567497	0.0004570135339146	0.0005347922532064999	Group D
8:103353730:C:T	8	103353730	Group D	rs7827839	0.799334299564362	6.90857379124883e-05	6.90857379124883e-05	Group D
8:103669991:A:G	8	103669991	Group D	rs4734654	0.816052293777466	0.000435826763721	0.000435826763721	Group D
8:103704029:A:G	8	103704029	G	rs2511702	0.348067456483841	-0.0013723708864574	0.0005798502073219999	Group D
8:103735424:C:T	8	103735424	T	rs2513941	0.423615223169327	0.0012954678688024	0.0004931329207498	Group D
8:103836253:A:G	8	103836253	G	rs972142	0.394888910651207	0.0	0.0001121016178334	Group D
8:103864118:G:A	8	103864118	A	rs2679752	0.381104663014412	-0.002303733897516	0.0004861029373418001	Group D
8:104427359:A:C	8	104427359	C	rs3134295	0.657776302099228	-7.22520221606296e-05	0.0002653707771562704	Group D
8:104794883:A:C	8	104794883	C	rs10096287	0.311131834983826	-7.15686309669024e-05	0.0014487178903518977	Group D
8:104810007:A:G	8	104810007	G	rs4734730	0.260727497935295	-0.0006836950437701	0.0005356499576874	Group D
8:105274291:G:A	8	105274291	A	rs1374518	0.617003256082535	0.0	3.61088388595636e-06	Group D
8:105283340:C:T	8	105283340	T	rs4734093	0.529158312082291	0.0	0.0005773544399686	Group D
8:105359432:C:T	8	105359432	T	rs2458413	0.242803475260735	0.0010462713511234	0.0005461358608892001	Group D
8:105787284:C:T	8	105787284	Group D	rs930383	0.761237037181854	-7.86529079162807e-05	7.86529079162807e-05	Group D
8:105876738:G:A	8	105876738	A	rs728378	0.639313566684723	-0.0013525506201157	0.0007184937645697	Group D
8:106058347:T:C	8	106058347	C	rs285872	0.443142133951187	0.0005456347955223	0.0003064181505026	Group D
8:106188527:A:G	8	106188527	G	rs6983273	0.508096522092819	0.0035266564331001	0.0006033729838332996	Group D
8:106238481:A:C	8	106238481	C	rs10108728	0.666643714904785	-0.0026604001129093	0.00022187904106460042	Group D
8:106518412:C:T	8	106518412	T	rs302964	0.519640442728996	-0.0018470174614009	0.0003369329971835001	Group D
8:106813518:C:G	8	106813518	G	rs11993776	0.271533359587193	-0.0014126911981526	0.0009830288573491998	Group D
8:107083520:T:G	8	107083520	G	rs1896915	0.301350857317448	-0.0016906794069017	0.0006212548300278001	Group D
8:107757885:G:A	8	107757885	Group D	rs1681905	0.832071083784103	-0.000579686707073	0.000579686707073	Group D
8:107796783:G:A	8	107796783	A	rs1385157	0.39505076110363	0.0005909137205328	4.4001761220500047e-05	Group D
8:107817846:C:A	8	107817846	A	rs2449836	0.466406747698784	0.0	0.0005409663882297	Group D
8:107842816:C:T	8	107842816	T	rs2930493	0.434560698270798	0.0004511056406413	0.0006743716196123	Group D
8:108626828:G:A	8	108626828	Group D	rs190735	0.785376334190369	-0.00055300711185	0.00055300711185	Group D
8:109064957:T:C	8	109064957	C	rs2443774	0.418721130490303	-0.0013282951107048	0.0005662365360631998	Group D
8:110076412:A:C	8	110076412	Group D	rs4735085	0.831904149055481	-0.0007259915821145	0.0007259915821145	Group D
8:110096738:T:G	8	110096738	Group D	rs3110039	0.768624186515808	-0.0004317997439198	0.0004317997439198	Group D
8:110302047:T:G	8	110302047	G	rs2980619	0.350553360581398	-0.0002635017115825	0.0008189641098701001	Group D
8:110749551:C:T	8	110749551	T	rs3133965	0.562639856338501	0.0	0.0006806944142483	Group D
8:110836452:G:A	8	110836452	A	rs1586192	0.27617302685976	0.0	0.0001094144931211	Group D
8:111851695:T:C	8	111851695	C	rs1387412	0.20198849439621	0.0	0.0016272295941089	Group D
8:111906864:A:G	8	111906864	Group D	rs931410	0.745791041851044	0.0029791043928419	0.0029791043928419	Group D
8:112758125:A:G	8	112758125	G	rs7826225	0.394100919365883	0.0	0.0003454634864915	Group D
8:114034531:C:T	8	114034531	T	rs10094069	0.252063801884651	0.001926519627644	0.0007434683747674	Group D
8:114186003:T:C	8	114186003	C	rs2219898	0.312397623062134	0.0013222940861476	3.0042747906999876e-06	Group D
8:114612311:C:T	8	114612311	T	rs4074797	0.439017221331596	0.0	0.0001766790356976	Group D
8:115010852:A:G	8	115010852	G	rs12677598	0.424715399742126	0.0	8.94143562074198e-05	Group D
8:116394128:C:T	8	116394128	Group D	rs231160	0.787530618906021	0.0016143076160067	0.0016143076160067	Group D
8:117076315:G:A	8	117076315	A	rs6987444	0.319794857501984	0.000235577236844	0.0007035251363099	Group D
8:117882281:G:A	8	117882281	A	rs6987652	0.489003539085388	0.0007769971299872	0.0004154983705696	Group D
8:117950768:G:C	8	117950768	C	rs16889283	0.621714812517166	0.0009766391500436	0.00029269096415729997	Group D
8:118234888:G:A	8	118234888	A	rs11985902	0.423328411579132	0.0	0.000939363249632	Group D
8:119060137:C:T	8	119060137	T	rs6997001	0.531203293800354	0.0	0.0026649711150203	Group D
8:119064699:A:C	8	119064699	Group D	rs1020916	0.8684594810009	0.0036788210619512	0.0036788210619512	Group D
8:119214374:A:G	8	119214374	Group D	rs2451164	0.775247198343277	-0.0017664845432827	0.0017664845432827	Group D
8:119226387:T:C	8	119226387	C	rs10955866	0.460777324438095	0.0	0.0007867170780913	Group D
8:119327908:T:C	8	119327908	Group D	rs1385806	0.738602042198181	0.0007575459896377	0.0007575459896377	Group D
8:119602607:C:T	8	119602607	T	rs1607924	0.308576437830925	0.0016930110720749	0.0004940421336620002	Group D
8:119964052:G:C	8	119964052	C	rs2073618	0.604899877309799	0.004128573951822	0.0002674035971152004	Group D
8:120936177:C:A	8	120936177	A	rs1519810	0.254710718989372	0.0	1.25416181102525e-05	Group D
8:121228679:A:C	8	121228679	C	rs4870723	0.355513912439346	0.00037200433306	0.00020822205039620006	Group D
8:121269836:A:C	8	121269836	C	rs7813088	0.530304995179176	0.0	2.27811477411114e-05	Group D
8:121283832:G:A	8	121283832	A	rs4279641	0.27151979804039	9.40162845273601e-05	0.00044552013565013986	Group D
8:121408195:T:C	8	121408195	C	rs6650	0.698359847068787	0.0031572514252654	0.00047624588216079984	Group D
8:121487047:A:G	8	121487047	G	rs12386936	0.341226413846016	0.0011668292692294	5.173964746670013e-05	Group D
8:121643429:C:T	8	121643429	T	rs4871081	0.430051645636559	0.0	0.0001562299170872	Group D
8:121707294:A:G	8	121707294	Group D	rs6995596	0.736441820859909	0.0015441865243908	0.0015441865243908	Group D
8:121818295:T:C	8	121818295	C	rs13438834	0.553101748228073	0.0005738991091105	0.0007214580809841	Group D
8:122864050:T:G	8	122864050	G	rs16896250	0.577170300483704	0.0020387657615831	0.0005479340310367	Group D
8:123539936:C:A	8	123539936	A	rs10505424	0.380734878778458	0.0	0.0005205896638929	Group D
8:123806240:G:A	8	123806240	A	rs2384844	0.420981404185295	0.0022866127616314	0.0009250008223187002	Group D
8:124087460:T:C	8	124087460	Group D	rs11990438	0.785713058710098	-0.0012308643939074	0.0012308643939074	Group D
8:124206324:G:A	8	124206324	A	rs7813708	0.672934126853943	0.0	0.0005541715829967	Group D
8:124440174:A:G	8	124440174	G	rs6999234	0.176870606839657	-1.14609567753965e-06	0.00041451085782336035	Group D
8:124616796:G:A	8	124616796	A	rs6470161	0.376126745343208	-0.0001638268234928	0.0010228257374147	Group D
8:125031615:C:T	8	125031615	T	rs4460354	0.331294503808022	0.001830850635691	0.0010399266965348	Group D
8:125108977:T:C	8	125108977	C	rs4870888	0.535966235399246	-0.0008100297263708	0.0009764121090811001	Group D
8:125485728:T:G	8	125485728	Group D	rs10956185	0.748712766170502	-0.0012247984394651	0.0012247984394651	Group D
8:125565328:T:C	8	125565328	C	rs3829037	0.293305154144764	0.0001374613215664	0.0006559112019955	Group D
8:125579973:C:T	8	125579973	T	rs6470251	0.11261720508337	0.0	0.0004888192711683	Group D
8:125949053:A:C	8	125949053	C	rs723231	0.77455108165741	0.0011541788293699	0.0008873298673197998	Group D
8:126323787:G:A	8	126323787	Group D	rs4466418	0.881956303119659	0.0012739299278573	0.0012739299278573	Group D
8:126351430:T:C	8	126351430	C	rs7015414	0.539048328995705	0.0	0.0017364756763784	Group D
8:126417614:G:T	8	126417614	T	rs2954007	0.705515801906586	0.0002186909221178	0.00010011637784139999	Group D
8:126439329:A:C	8	126439329	C	rs2385110	0.587913131713867	-0.000333039911053	0.0009439207636857	Group D
8:126444788:G:A	8	126444788	Group D	rs2980874	0.805443418025971	0.0007900484051048	0.0007900484051048	Group D
8:126479315:G:A	8	126479315	Group D	rs6982636	0.783445757627487	-0.0042343829227638	0.0042343829227638	Group B
8:126480367:C:T	8	126480367	T	rs4871603	0.560945525765419	-0.0004463005355386	0.0024711126480583	Group D
8:126488250:C:T	8	126488250	T	rs2980869	0.588618165254593	0.0	0.001680054078477	Group D
8:127469259:G:A	8	127469259	A	rs4870972	0.441701117157936	-0.0005910089526867	0.0007416690559301001	Group D
8:128064833:A:G	8	128064833	Group D	rs9785095	0.766325849294663	-7.42413031577138e-05	7.42413031577138e-05	Group D
8:128068729:G:T	8	128068729	T	rs4871007	0.449469393491745	0.0	7.61632914814574e-07	Group D
8:128162974:C:T	8	128162974	T	rs17446916	0.489256426692009	-0.0018557182604808	0.00027757141635589995	Group D
8:128172686:T:C	8	128172686	C	rs2124600	0.622210264205933	0.0	0.0012552334374728	Group D
8:128182451:A:G	8	128182451	Group D	rs2456461	0.822960495948792	0.0024373217350541	0.0024373217350541	Group D
8:128188019:G:A	8	128188019	A	rs2466024	0.429612568020821	0.0	0.0004394439135221	Group D
8:128453928:T:C	8	128453928	C	rs12334695	0.395989134907722	-0.0011387931136348	0.0006695015713901	Group D
8:128458644:C:T	8	128458644	T	rs4871791	0.389321345090866	0.0	0.0006340773189739	Group D
8:128469498:T:C	8	128469498	C	rs3999771	0.48224593102932	0.0	0.0001046272201826	Group D
8:128586999:T:C	8	128586999	C	rs7814563	0.578277206420898	-0.0012867323033595	0.0006291433654033	Group D
8:128663686:C:T	8	128663686	T	rs7003603	0.461794811487198	-0.0006921925851245	0.000499499089708	Group D
8:128687634:T:G	8	128687634	G	rs16902304	0.496673935651779	0.0	0.0002638298120329	Group D
8:128814765:T:G	8	128814765	G	rs7844288	0.471534010767937	5.93556690036595e-06	0.0015344412005163341	Group D
8:128815029:T:C	8	128815029	Group D	rs4410871	0.852499955892563	0.0018775946095087	0.0018775946095087	Group D
8:129007207:A:G	8	129007207	G	rs10956403	0.738883548974991	-0.0098950813881328	0.001784356281242001	Group D
8:129063091:C:T	8	129063091	Group D	rs4733829	0.777370005846024	0.0016692936418966	0.0016692936418966	Group D
8:129072161:G:A	8	129072161	A	rs2648875	0.247409237921238	0.0	0.00147012380972	Group D
8:129090555:C:T	8	129090555	T	rs2648888	0.784992009401321	0.0028966060041925	0.0020891058577278	Group D
8:130204734:C:T	8	130204734	T	rs6470706	0.332370638847351	0.0017300079366941	0.0009206043104890997	Group D
8:130498605:A:G	8	130498605	G	rs16904087	0.393505752086639	0.0	0.000503277422033	Group D
8:130503150:G:A	8	130503150	Group D	rs16904093	0.732664161920548	-0.0018399723246903	0.0018399723246903	Group D
8:130528077:C:A	8	130528077	A	rs11786408	0.893558549880981	-0.0041752675109444	0.0015041399852034005	Group D
8:130531990:C:T	8	130531990	T	rs7000021	0.305125847458839	0.0	0.0007692474128393	Group D
8:130991818:T:G	8	130991818	G	rs16904185	0.439143088459969	0.0013119044451447	0.0006192009446486001	Group D
8:131276243:C:T	8	131276243	Group D	rs7826256	0.767524814605713	-0.0021046716002065	0.0021046716002065	Group D
8:131509646:C:T	8	131509646	T	rs11781952	0.511662116646767	0.0	4.5638373383046e-06	Group D
8:131652548:C:A	8	131652548	A	rs6993294	0.636130386590958	0.0	2.45975336217255e-05	Group D
8:133064881:G:A	8	133064881	A	rs7836704	0.48662822842598	0.0	0.0003234706877477	Group D
8:133067315:G:A	8	133067315	A	rs4736538	0.411592274904251	3.22952785953434e-05	0.00048446959160155655	Group D
8:133762430:C:T	8	133762430	T	rs2433061	0.451085150241852	0.0	0.0001861249920944	Group D
8:133830343:T:C	8	133830343	C	rs235436	0.180438850820065	0.0	8.41233354293049e-05	Group D
8:133909974:A:G	8	133909974	G	rs853326	0.572738927602768	0.0038916839164358	0.00029703104396279966	Group D
8:134239770:T:C	8	134239770	C	rs3739261	0.393407815694809	0.0	0.0003105758092731	Group D
8:134240697:G:A	8	134240697	A	rs2929969	0.356874027848244	0.0	0.0004340485968369	Group D
8:134488549:T:C	8	134488549	C	rs1048471	0.665694278478622	0.0	0.000103614802108	Group D
8:134551286:A:G	8	134551286	G	rs10956709	0.70593695640564	0.0	0.0009521095176212	Group D
8:134552331:G:A	8	134552331	Group D	rs62520290	0.765021914243698	0.0026584668222716	0.0026584668222716	Group D
8:134673368:A:G	8	134673368	G	rs1562676	0.311358517408371	-0.0017707332889471	0.0007319817535313001	Group D
8:134675230:T:C	8	134675230	Group D	rs7817524	0.780576968193054	0.0004956669373914	0.0004956669373914	Group D
8:134677071:G:T	8	134677071	Group D	rs2922503	0.317614018917084	-6.53294054577002e-05	6.53294054577002e-05	Group D
8:134906389:A:G	8	134906389	G	rs7844620	0.549436372518539	0.0	0.0007076211498166	Group D
8:134915143:G:A	8	134915143	Group D	rs7341615	0.755940610170364	-0.0008429816662802	0.0008429816662802	Group D
8:135278536:A:C	8	135278536	Group D	rs4500107	0.765832316875458	0.0010548393639441	0.0010548393639441	Group D
8:135649848:G:A	8	135649848	A	rs12541381	0.496307834982872	0.0	0.0002166441535199	Group D
8:135765244:A:G	8	135765244	G	rs10096429	0.455996659398079	0.0	0.000439138687923	Group D
8:135809634:C:A	8	135809634	A	rs10106201	0.597988480329514	0.0009073283815175	0.0003232446337110001	Group D
8:135962651:A:G	8	135962651	G	rs11785063	0.386519694328308	0.0	6.27769752742049e-05	Group D
8:136133575:A:G	8	136133575	G	rs10104990	0.542801439762116	0.0	0.0005567330728046	Group D
8:137096515:G:T	8	137096515	T	rs1562635	0.405577719211578	0.0003205769192678	0.0005048616737373	Group D
8:137293383:G:T	8	137293383	T	rs11778366	0.392053410410881	0.0002679943994323	0.0003142686277347	Group D
8:138222987:C:T	8	138222987	T	rs4481636	0.419270452857018	0.0	0.0004631090314799	Group D
8:138241127:T:C	8	138241127	C	rs4313191	0.29582837074995	-0.0009608032162987	0.00037195259325210005	Group D
8:138499966:T:C	8	138499966	C	rs11787078	0.369861432909966	-0.0037852575282323	0.0011247783323842	Group D
8:138587545:A:G	8	138587545	G	rs10156343	0.2392399340868	0.0	5.74817344109791e-05	Group D
8:139078255:A:G	8	139078255	G	rs12550578	0.290302838385105	0.0004650061539284	0.0005414614196424001	Group D
8:139396960:T:C	8	139396960	C	rs17667285	0.494435828924179	0.0	0.0002620860159737	Group D
8:139738961:G:T	8	139738961	T	rs4075073	0.516151061654091	-0.000586002775003	0.0006317823136647	Group D
8:140469250:A:G	8	140469250	G	rs2455790	0.372718471288681	0.0005235170862359	1.92878769815e-05	Group D
8:140486625:C:T	8	140486625	T	rs1007206	0.350746834278107	0.0006337331508588	0.0006606950309140999	Group D
8:140973610:A:G	8	140973610	G	rs2665926	0.777322286367416	0.0038317059669719	0.0035544730284984	Group D
8:140974986:G:A	8	140974986	A	rs2665935	0.0	0.0	0.002251378690725	Group D
8:141113785:T:G	8	141113785	G	rs4471015	0.0	-0.0002439279615308	0.0004676759925733	Group D
8:141172492:C:T	8	141172492	T	rs75040581	0.709815001487732	0.0	0.0006549857509071	Group D
8:141372344:G:A	8	141372344	A	rs10110999	0.542130851745606	0.0	0.0007474769462433	Group D
8:141857322:A:C	8	141857322	C	rs4327896	0.351741805672646	0.0	0.0030895818711604	Group D
8:141965781:G:T	8	141965781	Group D	rs1375062	0.919288665056229	-0.0037784213598763	0.0037784213598763	Group B
8:142146708:T:C	8	142146708	C	rs307772	0.762769329547882	-0.0060856658803323	0.0004906373905867005	Group D
8:142222445:T:C	8	142222445	C	rs3739238	0.58256196975708	-0.0029713195304874	0.005440139780832	Group B
8:142228909:G:A	8	142228909	A	rs753778	0.532483169436455	-0.0005852507654281	0.0007613190969129	Group D
8:142233396:C:A	8	142233396	Group D	rs10875467	0.753487360477448	-0.0058683857819772	0.0058683857819772	Group B
8:142279412:G:A	8	142279412	A	rs6992286	0.441067841649056	0.0	0.0019697725034625	Group D
8:142286573:C:A	8	142286573	Group D	rs28681435	0.852643126249313	0.0026963318523147	0.0026963318523147	Group D
8:142367335:T:C	8	142367335	C	rs10875472	0.68532367348671	0.0001627319710165	0.0003965877137291	Group D
8:142443023:G:T	8	142443023	T	rs6578178	0.0	0.0004891273516348	0.0005018045436413001	Group D
8:142509280:G:A	8	142509280	A	rs2613636	0.304015089571476	-0.001012424135907	0.00032872222959000005	Group D
8:143236251:G:A	8	143236251	A	rs13248553	0.535869175195694	0.0014824921491521	0.0007282092007061	Group D
8:143374261:A:G	8	143374261	G	rs4325021	0.623778229951859	0.0018007178127124	0.0008275501751265001	Group D
8:143848210:A:G	8	143848210	G	rs1369453	0.462358197569847	0.0012204137701047	0.0008300977712132	Group D
8:144522387:G:T	8	144522387	T	rs2272754	0.641376286745071	0.0021535771935422	0.0006558724027255001	Group D
8:144584780:A:G	8	144584780	G	rs896945	0.475775149464607	-0.000721811549817	0.0006422883278283001	Group D
8:144692185:A:G	8	144692185	Group D	rs2278897	0.74051987528801	0.0015248431369591	0.0015248431369591	Group D
8:145665407:C:T	8	145665407	T	rs2229315	0.597776603698731	-0.0018638439424333	0.0003389674222217	Group D
9:258144:G:A	9	258144	Group D	rs494668	0.829910957813263	-0.0005299233286996	0.0005299233286996	Group D
9:286593:C:A	9	286593	A	rs529208	0.647213423252106	-2.77624202528735e-05	0.0008138728243037265	Group D
9:991114:A:G	9	991114	Group D	rs279877	0.734788757562637	0.0006980577849278	0.0006980577849278	Group D
9:1056728:G:C	9	1056728	C	rs3824419	0.626090723276138	-0.0006889792445421	0.0002467653769052	Group D
9:1077020:G:A	9	1077020	A	rs1509200	0.42788297533989	-0.0022332776533902	0.0009037655429543997	Group D
9:1456797:C:T	9	1456797	T	rs1412259	0.543631818890572	0.0	6.80123431455194e-05	Group D
9:1506101:T:C	9	1506101	C	rs10756631	0.535725876688957	-1.8340340662441e-05	0.000374305272066059	Group D
9:1792095:A:G	9	1792095	G	rs17654592	0.501362502574921	-0.0001561280031191	4.593109576759999e-05	Group D
9:1792147:C:T	9	1792147	T	rs2068428	0.609595167636871	-0.0006892356595604	0.0007400216326231001	Group D
9:2166360:T:C	9	2166360	C	rs7858605	0.425649884343147	0.0028367961987515	0.0005369413422428	Group D
9:2299220:T:G	9	2299220	G	rs10965506	0.603170090913773	0.0	0.0006269279949097	Group D
9:2582380:T:C	9	2582380	C	rs10967052	0.428757414221764	0.0037968333994169	0.0007574288241357996	Group D
9:2633562:A:G	9	2633562	G	rs10812380	0.506219151616097	-0.000191692620604	0.0004425436535853	Group D
9:3395848:T:C	9	3395848	C	rs3739461	0.450015327334404	0.0	0.0003344481754507	Group D
9:3826710:T:G	9	3826710	G	rs12376878	0.528466075658798	-0.0007768670287485	0.0003091802959088001	Group D
9:3827120:A:C	9	3827120	C	rs1331260	0.626271867752075	-0.0006112989559158	0.0001836128854654	Group D
9:3952421:A:G	9	3952421	G	rs592310	0.427840578556061	-0.000284639360042	0.0010245636572705	Group D
9:4035710:A:G	9	4035710	G	rs10814817	0.585904228687286	-0.0013468820147297	0.0005513911126884998	Group D
9:4046886:T:C	9	4046886	C	rs4741877	0.618433499336243	-0.0027533700187732	0.0004761782370362004	Group D
9:4143590:A:C	9	4143590	C	rs2791757	0.3049286916852	-0.0017761761602559	0.0005648035802493998	Group D
9:4297421:A:C	9	4297421	Group D	rs10814918	0.752052175998688	-0.0001934413246847	0.0001934413246847	Group D
9:4372189:C:T	9	4372189	T	rs6476856	0.336111876368523	0.0	0.0001659233104643	Group D
9:4413449:C:T	9	4413449	T	rs10758621	0.205767321586609	0.0	0.0012605745636858	Group D
9:4463878:G:T	9	4463878	T	rs7025955	0.535703217983246	0.0	0.0011061727340074	Group D
9:4464970:G:A	9	4464970	Group D	rs59360649	0.795636993646622	-0.003959887286998	0.003959887286998	Group B
9:4476238:G:A	9	4476238	A	rs954864	0.320661696791649	0.0002551825054733	0.0018407451446023002	Group D
9:4671022:A:G	9	4671022	G	rs1385453	0.6153404712677	0.002082021210168	0.00027161657510329975	Group D
9:4673941:G:A	9	4673941	A	rs7870823	0.188979379832745	0.0	0.0001540145848946	Group D
9:4709615:T:C	9	4709615	C	rs159878	0.556033512949944	0.0006594089350958	0.0004439107634670999	Group D
9:4763176:T:C	9	4763176	C	rs385893	0.612588059902191	0.0	0.0008720965146568	Group D
9:4850613:A:G	9	4850613	G	rs460182	0.873976069688797	-0.0043722053363742	0.0036393501391959	Group D
9:4860569:G:A	9	4860569	A	rs1260073	0.53073260486126	0.0	0.0021585899716191	Group D
9:5732483:T:C	9	5732483	C	rs7850299	0.315512005984783	0.0	0.0001348730394022	Group D
9:6554558:G:A	9	6554558	Group D	rs4740848	0.83240202665329	0.0006210448395764	0.0006210448395764	Group D
9:7525813:T:C	9	7525813	C	rs10976349	0.365780425071716	0.0	0.0010482990967339	Group D
9:7657370:G:T	9	7657370	Group D	rs16926508	0.738983672857285	0.0033017582398379	0.0033017582398379	Group D
9:8171386:C:T	9	8171386	T	rs10739149	0.453659668564796	0.0013694461697246	0.0004215647523854	Group D
9:9800546:G:T	9	9800546	T	rs1768881	0.300109931826592	0.0	8.31665240977112e-05	Group D
9:10678556:C:T	9	10678556	T	rs4992817	0.325550809502602	0.0004208610160382	0.0006444966664339	Group D
9:10679109:G:A	9	10679109	A	rs10959227	0.422298237681389	-0.0002388044981858	0.00041311651638099996	Group D
9:12234642:C:T	9	12234642	T	rs10116548	0.493940487504005	0.0	0.0001307887129993	Group D
9:12547685:C:T	9	12547685	T	rs1408809	0.319354268908501	0.0	0.0001185025864152	Group D
9:13059473:C:A	9	13059473	A	rs1536796	0.274270863831043	0.0	0.000791195266577	Group D
9:13084183:T:C	9	13084183	Group D	rs10738318	0.744215899705887	0.0013770682151137	0.0013770682151137	Group D
9:13112024:C:T	9	13112024	T	rs34605667	0.688917475938797	0.0008623989532078	0.0010746653472304	Group D
9:13545200:A:G	9	13545200	G	rs10491752	0.459633809328079	0.0	0.0003157844552886	Group D
9:13750811:T:C	9	13750811	Group D	rs10733265	0.767229664325714	0.001268075025081	0.001268075025081	Group D
9:13755192:T:C	9	13755192	C	rs1011531	0.468273639678955	0.0009804600460182	0.0015875194559316999	Group D
9:13969057:A:C	9	13969057	C	rs16931170	0.404972991347313	0.0	8.18240315513849e-06	Group D
9:13970315:A:G	9	13970315	G	rs1590263	0.594792079925537	-0.0019725713762907	0.0006380859777553997	Group D
9:14464254:C:G	9	14464254	G	rs6474838	0.361722260713577	0.0	0.0004484879115882	Group D
9:14473556:C:T	9	14473556	T	rs303721	0.59747140109539	0.0004130904394089	0.0005044494917443999	Group D
9:14631836:G:T	9	14631836	T	rs2382492	0.289506289362907	0.0	0.0001049434551198	Group D
9:17039312:T:G	9	17039312	G	rs263580	0.522174629569054	-0.0001342607555211	0.0004454326500286	Group D
9:17130360:T:C	9	17130360	C	rs411167	0.486687368154526	0.0	0.0004245418490459	Group D
9:17156575:A:G	9	17156575	G	rs2815184	0.344484823942184	0.0	0.0010529346708482	Group D
9:17230086:G:A	9	17230086	Group D	rs10962917	0.740241086483002	-0.0026197812182041	0.0026197812182041	Group D
9:17273731:A:G	9	17273731	G	rs3808795	0.428322052955627	0.0002652251050872	0.00021091012889719996	Group D
9:17394536:C:T	9	17394536	T	rs7035276	0.410544621944428	0.0020505102941295	0.0019630833391491996	Group D
9:18010485:G:T	9	18010485	T	rs1928580	0.388336437940598	0.0010646834681983	0.000576029008251	Group D
9:18073936:G:A	9	18073936	A	rs7041361	0.588449388742447	0.0009418572152318	0.00013199117918090007	Group D
9:18140836:G:T	9	18140836	T	rs983230	0.488434648513794	0.0	0.0001275045503062	Group D
9:18151909:A:G	9	18151909	G	rs3948855	0.367410057783127	-0.0029295494317549	0.00033645162767089983	Group D
9:18721962:A:C	9	18721962	Group D	rs526826	0.733334094285965	0.0005409962078892	0.0005409962078892	Group D
9:18775810:C:A	9	18775810	A	rs934472	0.65980481505394	0.0009616175968	0.00025862853100979994	Group D
9:19053114:G:T	9	19053114	T	rs7045844	0.354810607433319	-0.0003811493034095	0.0007603000511132999	Group D
9:19472784:G:A	9	19472784	A	rs10964160	0.540915983915329	0.0	0.0004503058205498	Group D
9:19510856:G:A	9	19510856	A	rs7864646	0.618863958120346	0.0	0.0001290063596658	Group D
9:19698751:T:C	9	19698751	C	rs7862478	0.312859477102757	0.0	0.0005158733373823	Group D
9:20764870:T:C	9	20764870	C	rs10511687	0.298753267526627	0.0022493742624089	0.0003366444710281003	Group D
9:20921332:A:G	9	20921332	G	rs12353255	0.349790379405022	0.0	9.69301133670682e-05	Group D
9:20953049:A:G	9	20953049	G	rs3206852	0.112289004027843	-0.0036078514530015	4.528795425220002e-05	Group D
9:20999770:T:C	9	20999770	C	rs4272463	0.288091570138931	0.0014519770958081	0.0014082535482138998	Group D
9:21029330:T:C	9	21029330	Group D	rs2298260	0.479041942954063	0.0011146532955642	0.0011146532955642	Group D
9:21377612:G:A	9	21377612	A	rs614647	0.38227926492691	0.0	0.0004035177091478	Group D
9:21564684:A:G	9	21564684	G	rs1013241	0.420156913995743	0.0004285675894777	0.0005965217074508001	Group D
9:21954953:A:G	9	21954953	G	rs10757261	0.629810521006584	0.0019856761710127	0.00011914438168560007	Group D
9:21973422:G:T	9	21973422	T	rs2811708	0.0	-0.0174068965588904	0.0004010376215757977	Group D
9:22133251:G:A	9	22133251	A	rs7045889	0.349566072225571	-0.0009022126529019	0.00022776825331790001	Group D
9:22142907:G:A	9	22142907	A	rs10811664	0.530958294868469	-0.007841552323563	0.0009803191237635015	Group D
9:22202151:G:A	9	22202151	A	rs2025796	0.320680476725101	-0.0004759061625862	0.00023668737580900004	Group D
9:23186453:C:T	9	23186453	T	rs10757399	0.364285153150558	-0.0012137726209775	0.0010637712411356	Group D
9:23219435:A:G	9	23219435	G	rs10811874	0.483731842041016	0.0	0.0001192804764176	Group D
9:23345347:A:G	9	23345347	G	rs11794152	0.241153438389301	0.0007925479633259	0.0001971403819328	Group D
9:23386537:C:T	9	23386537	T	rs1888540	0.148104637116194	0.0016454966773518	0.0002332110077202	Group D
9:23391636:A:G	9	23391636	G	rs10965823	0.241267496347427	0.0001340315699354	0.0006009369818955	Group D
9:23655747:A:G	9	23655747	G	rs10757442	0.3525763630867	0.0017875176062336	0.0004569393870296999	Group D
9:23694329:A:C	9	23694329	C	rs11790328	0.289094977080822	0.0	1.38260935250441e-05	Group D
9:24113936:T:C	9	24113936	C	rs10812027	0.316280752420425	0.0022510531604238	0.0007930364352861001	Group D
9:24528892:A:G	9	24528892	G	rs1329853	0.326651611924171	0.0	2.84241903306995e-05	Group D
9:25062147:A:G	9	25062147	G	rs1599415	0.339673501253128	-0.0010174181808852	0.0008235961667466	Group D
9:25646816:T:C	9	25646816	C	rs7871606	0.598940855264664	0.0	0.0008015921798287	Group D
9:25677953:T:C	9	25677953	C	rs34498078	0.757656282186508	0.0	0.0002870065416659	Group D
9:25924754:T:C	9	25924754	C	rs683946	0.29360967874527	-0.0026826145119456	0.0009642840132296003	Group D
9:27369877:A:G	9	27369877	Group D	rs10812574	0.837384122610092	-0.0013521143913119	0.0013521143913119	Group D
9:27426463:A:G	9	27426463	G	rs6475997	0.566027987003326	0.0	0.0008558543987237	Group D
9:27584899:T:C	9	27584899	C	rs10757670	0.48444896042347	0.000787276323536	0.0007411962005701	Group D
9:28188444:G:A	9	28188444	A	rs4878817	0.494529005885124	0.0024406597998115	0.0007385925188883001	Group D
9:28382826:C:A	9	28382826	A	rs1331880	0.349157339334488	0.0026836523386908	0.0008791145040941998	Group D
9:29062138:T:C	9	29062138	C	rs10968916	0.345352205634117	0.0	5.45087534894478e-05	Group D
9:29938824:A:G	9	29938824	G	rs2492624	0.60518351495266	0.0	0.000588782448083	Group D
9:31337084:C:A	9	31337084	Group D	rs10970291	0.769350987672806	0.0011294145303331	0.0011294145303331	Group D
9:31383712:T:C	9	31383712	C	rs12379656	0.490661305189133	0.0025457183025583	0.0013460997048429	Group D
9:32431306:G:A	9	32431306	A	rs12555576	0.614248025417328	-0.0016366632076741	0.0006254798611636002	Group D
9:33240225:G:A	9	33240225	A	rs706107	0.594017246365547	6.59224663375328e-05	0.0005954961778974672	Group D
9:33941759:T:C	9	33941759	C	rs307658	0.264036767184734	-0.0009571901408262	0.0001059656704463	Group D
9:34017106:C:T	9	34017106	T	rs1785506	0.76901747584343	0.0063035524559152	0.00039909480926939977	Group D
9:34071541:T:G	9	34071541	G	rs7871764	0.132583457231522	0.0005390688069427	8.88016746937e-05	Group D
9:34107505:C:T	9	34107505	T	rs11557154	0.680594849586487	0.0066171673577546	0.0007594845481437001	Group D
9:34257095:G:A	9	34257095	A	rs41274041	0.802445834875107	0.0025228620752317	0.0004768619153962001	Group D
9:34310927:T:C	9	34310927	C	rs10972048	0.562753194570541	0.0	0.0003362696153819	Group D
9:34336342:A:G	9	34336342	G	rs10972063	0.412381601333618	-5.90083532874019e-05	0.0005190485058648982	Group D
9:34379692:C:T	9	34379692	T	rs3737242	0.757222872972488	1.43024895952084e-06	0.00015805629373497916	Group D
9:34701352:A:G	9	34701352	G	rs13301121	0.573160934448242	0.0	0.0003202216952563	Group D
9:34723935:C:T	9	34723935	T	rs2297134	0.45618522465229	-0.0004585248180829	0.0003845457130768	Group D
9:34723988:C:A	9	34723988	A	rs12338985	0.0	1.28400815389742e-05	0.0005403312108306258	Group D
9:34724241:C:A	9	34724241	A	rs3739881	0.389723151922226	-0.0022099897396033	0.00016674797052049998	Group D
9:34971963:C:T	9	34971963	T	rs7047205	0.582527357339859	-0.0011642146582324	0.0006093411363519	Group D
9:35660990:A:G	9	35660990	G	rs1339374	0.458819431066513	-0.0011418357308228	0.0005134432932726001	Group D
9:35664624:C:A	9	35664624	A	rs1361338	0.681665778160095	0.0003399286664714	0.0006315003221912	Group D
9:35711806:G:T	9	35711806	T	rs2249250	0.324184599518776	-0.0100891134557409	0.0003219223906873996	Group D
9:35957669:T:C	9	35957669	C	rs2233564	0.623460805416107	0.0	0.0002909339900021	Group D
9:35960464:C:T	9	35960464	Group D	rs12378268	0.738204902410507	-0.000288479180003	0.000288479180003	Group D
9:37441650:T:C	9	37441650	C	rs17502738	0.489029878377914	0.0	9.45197478029972e-05	Group D
9:38198539:G:A	9	38198539	A	rs731841	0.33000705242157	-0.00205667791708	0.00046695393142639997	Group D
9:38207654:G:A	9	38207654	A	rs920705	0.691144961118698	0.0	0.0006495697506192	Group D
9:38761499:A:G	9	38761499	G	rs10758524	0.717153692245483	0.0019422485720582	0.0005000898445124001	Group D
9:70999315:T:C	9	70999315	C	rs17081271	0.563630560040474	0.0020401855713861	0.00035217271024010023	Group D
9:71765617:T:C	9	71765617	C	rs5006364	0.425815451145172	0.0	6.60888466615602e-05	Group D
9:72220499:C:T	9	72220499	T	rs987653	0.530896729230881	0.0002133579732798	0.0005418311509830999	Group D
9:73150873:T:G	9	73150873	G	rs17535963	0.600988721847534	-0.0016011869751334	0.0006968013911718999	Group D
9:73287076:A:G	9	73287076	G	rs4465028	0.745347625017166	0.0026019057446272	0.0015392332699281	Group D
9:73295539:T:G	9	73295539	G	rs1856655	0.599923396110535	0.0	1.60252328354767e-05	Group D
9:74360096:C:T	9	74360096	T	rs25689	0.649813365936279	0.0	0.0005260188725659	Group D
9:76203946:G:A	9	76203946	A	rs2492825	0.453469336032867	0.0	0.0001154562031201	Group D
9:76242155:C:T	9	76242155	T	rs1398307	0.341358053684235	0.0004444577214924	0.0012051003604868	Group D
9:76706362:C:T	9	76706362	T	rs10781185	0.431452721357346	-7.20391153482838e-06	0.0005044440843216715	Group D
9:76905350:C:A	9	76905350	A	rs11143894	0.232751366496086	-0.0016082025252707	0.0005479207840734001	Group D
9:77539463:G:A	9	77539463	A	rs13297028	0.395400062203407	0.0002323984655018	0.0007426002433736001	Group D
9:77767571:T:C	9	77767571	C	rs10869516	0.692724919319153	0.0	0.0004566931524241	Group D
9:78226419:C:T	9	78226419	T	rs7863610	0.402951356768608	0.000224166654525	0.0002231411267394839	Group D
9:78232900:C:T	9	78232900	T	rs10869604	0.32028831243515	0.0019176272817838	0.0010249784162286002	Group D
9:78885928:A:G	9	78885928	G	rs2643322	0.446345761418343	0.0	0.0005274548275738	Group D
9:78907758:C:T	9	78907758	T	rs2260609	0.532956951856613	0.0	0.0004812310754411	Group D
9:78969059:C:A	9	78969059	A	rs7036921	0.351345589756966	0.0	0.0002668146533864	Group D
9:78976710:T:C	9	78976710	Group D	rs13288756	0.762875598669052	0.0012605788807464	0.0012605788807464	Group D
9:79102466:C:T	9	79102466	T	rs567111	0.617086857557297	0.0	0.0004525293320638	Group D
9:79123201:A:G	9	79123201	G	rs1547140	0.50238499045372	0.0	0.0001367143355624	Group D
9:81082515:C:T	9	81082515	T	rs12351660	0.428011921048164	-0.0037989470416663	0.0008074560896280999	Group D
9:82165005:A:G	9	82165005	G	rs13291796	0.494994056224823	0.0007558417744887	0.0005917404755673999	Group D
9:82179623:A:G	9	82179623	G	rs7031185	0.457776933908463	0.0010689594813144	0.0007757836538816001	Group D
9:82243701:T:C	9	82243701	Group D	rs12337384	0.82392281293869	0.0010324539146801	0.0010324539146801	Group D
9:82289153:G:T	9	82289153	T	rs1475676	0.724677789211273	-0.0008862629321861	0.0004391032903298999	Group D
9:82438585:G:T	9	82438585	T	rs4877152	0.600878554582596	-0.0005263816162977	0.00048507009946490006	Group D
9:82869138:T:C	9	82869138	C	rs661268	0.515567788481712	-0.000114103400249	0.0004581158943314	Group D
9:82873779:G:A	9	82873779	A	rs486317	0.423293480277061	-0.0001435503477661	9.605040500607641e-05	Group D
9:82944012:C:A	9	82944012	A	rs1413337	0.367710116505623	-0.0011273889997499	0.0004911202849669	Group D
9:83932977:T:C	9	83932977	Group D	rs4146171	0.779420733451843	0.0006678922956197	0.0006678922956197	Group D
9:84215944:G:A	9	84215944	A	rs3897745	0.478652557730675	0.0	0.0005633047894887	Group D
9:86110374:G:A	9	86110374	A	rs4111744	0.297132793068886	0.000709173251817	0.0006382363036428001	Group D
9:86262537:G:A	9	86262537	A	rs2781008	0.507029086351395	0.0022496440401646	0.00030838659821470034	Group D
9:86549939:C:A	9	86549939	A	rs10124390	0.377519249916077	-0.00662218067565	0.0004501528844657	Group D
9:86617265:A:G	9	86617265	G	rs1982151	0.0817088071256876	0.0061439717559287	0.0001332221932741004	Group D
9:86917301:T:C	9	86917301	C	rs10868138	0.405650752782822	0.0027191060442029	0.0015049490171621998	Group D
9:87187272:C:T	9	87187272	T	rs4877866	0.40597403049469	-0.0002796703473873	0.0008885883860501999	Group D
9:87587782:C:T	9	87587782	T	rs4578034	0.341527324914932	-0.0002037850717482	0.0005982670300953	Group D
9:88513953:A:G	9	88513953	Group D	rs640731	0.764085161685944	0.0009174007449738	0.0009174007449738	Group D
9:88650029:T:C	9	88650029	Group D	rs7046093	0.776486229896545	-0.0007601168742597	0.0007601168742597	Group D
9:89178117:G:A	9	89178117	A	rs10121049	0.774052596092224	-0.0027341805145861	0.0013262912687688	Group D
9:89613218:A:G	9	89613218	G	rs1887439	0.480706569552422	0.0	0.0006656400857328	Group D
9:89820895:A:G	9	89820895	G	rs427361	0.513773113489151	-0.0015970225902225	0.0005412802571028998	Group D
9:90268337:T:C	9	90268337	C	rs4878115	0.615572965145111	0.0	7.60768632165878e-05	Group D
9:90857957:T:C	9	90857957	C	rs7028051	0.427017655968666	0.0003425829593984	0.0006478528492784999	Group D
9:91290319:T:C	9	91290319	C	rs11516165	0.406469318270683	-0.0003617696809777	0.0007180543029023999	Group D
9:91537224:T:C	9	91537224	Group D	rs7036867	0.773465758562088	-0.0015878129708234	0.0015878129708234	Group D
9:91562311:G:A	9	91562311	A	rs9410425	0.399337592720985	0.0	0.0007188335683994	Group D
9:91591680:A:G	9	91591680	G	rs11137472	0.466010084748268	0.0	0.0011081828687452	Group D
9:92776443:C:A	9	92776443	A	rs4744020	0.461465853452683	0.0	0.0008965434854429	Group D
9:92782853:G:T	9	92782853	Group D	rs661741	0.760500204563141	-0.0003347727804563	0.0003347727804563	Group D
9:92950272:T:C	9	92950272	C	rs1539519	0.321764039993286	0.0002214455343236	0.0003086516458777	Group D
9:93033040:T:C	9	93033040	C	rs1410856	0.312404409050941	0.0035837535604375	0.00039076881621460035	Group D
9:93563536:A:G	9	93563536	Group D	rs290986	0.764666229486466	0.0015553067999024	0.0015553067999024	Group D
9:94184937:A:G	9	94184937	Group D	rs2482359	0.812354254722595	0.0015765770725366	0.0015765770725366	Group D
9:94486321:C:T	9	94486321	T	rs10761129	0.198233987390995	0.0003935768531797	0.0006593054727022001	Group D
9:94710847:C:A	9	94710847	A	rs9774945	0.835036504268646	0.0034228925083342	0.0031526662401263	Group D
9:94728959:C:T	9	94728959	T	rs10761137	0.487175339460373	0.0	0.0021960807872708	Group D
9:94763790:C:T	9	94763790	T	rs7042102	0.447987827658653	0.0	2.00881952325513e-05	Group D
9:95284982:T:G	9	95284982	G	rs10120210	0.615312224626541	0.0021745553255357	7.643160923790021e-05	Group D
9:95621504:C:T	9	95621504	T	rs10739931	0.395289981365204	0.0006467077416315	0.0004800729930307	Group D
9:96848077:T:C	9	96848077	Group D	rs1418251	0.732997119426727	-0.0006214673732221	0.0006214673732221	Group D
9:97380043:G:A	9	97380043	A	rs8192689	0.423481568694115	-0.0006756964846664	0.0002473363352866999	Group D
9:98189458:G:A	9	98189458	Group D	rs357522	0.801687467098236	0.0005729073231317	0.0005729073231317	Group D
9:98209594:G:A	9	98209594	A	rs357564	0.668536019325256	0.0034854006647832	3.981431349340007e-05	Group D
9:100672338:C:T	9	100672338	T	rs2282192	0.515094009041786	-0.0013265364764163	0.00043549311038299995	Group D
9:101590318:G:A	9	101590318	A	rs911928	0.68823653459549	0.0	0.000154515965887	Group D
9:101748356:A:G	9	101748356	G	rs2075663	0.410584622621536	0.0	0.0005229117661739	Group D
9:101776125:G:A	9	101776125	Group D	rs6478966	0.77666067481041	-0.0009528841363283	0.0009528841363283	Group D
9:101836786:G:A	9	101836786	Group D	rs11788920	0.743444329500198	-0.0014429779184148	0.0014429779184148	Group D
9:103432451:C:T	9	103432451	Group D	rs10989207	0.754703193902969	-0.0006017587380134	0.0006017587380134	Group D
9:103923601:G:T	9	103923601	T	rs382245	0.210168060660362	-3.75892621670376e-05	0.00044190519948696235	Group D
9:103942548:G:A	9	103942548	A	rs12377425	0.50650170147419	-0.0018723158226839	0.0005271028960515999	Group D
9:105405415:G:A	9	105405415	A	rs10820216	0.475903108716011	-0.0036833046424464	0.0004639919822319004	Group D
9:106863047:C:T	9	106863047	T	rs7042705	0.363783490657806	0.0007839139670204	0.000595677195833	Group D
9:107266943:G:A	9	107266943	A	rs1403811	0.39166710972786	0.0	0.0002473592877344	Group D
9:108366734:G:A	9	108366734	A	rs34787999	0.323274964094162	0.0004030476111127	0.00026693458446999993	Group D
9:109508320:C:A	9	109508320	A	rs1491099	0.468933412432671	0.0002942318105253	0.0005866409224305001	Group D
9:109981481:A:G	9	109981481	G	rs10978757	0.769132196903229	0.0029743850095303	0.0017167100443304002	Group D
9:110081018:A:G	9	110081018	G	rs1805335	0.244615285098553	0.0012045926103539	0.00039328233856200006	Group D
9:110650284:G:A	9	110650284	A	rs12335733	0.391561442613602	0.0015982296650639	0.0007829977450427999	Group D
9:110969574:T:C	9	110969574	C	rs838013	0.68140115737915	-0.0009909793903631	0.0003451289155842999	Group D
9:111727670:C:G	9	111727670	G	rs7021366	0.518272203207016	-0.004209681377188	0.00023177065174910007	Group D
9:111945049:T:G	9	111945049	G	rs3750450	0.40553365945816	0.0049715177577604	0.0006372028299569997	Group D
9:112730774:T:C	9	112730774	Group D	rs72754918	0.855634558200836	0.0001773720808924	0.0001773720808924	Group D
9:112900199:T:C	9	112900199	C	rs914358	0.622187870740891	0.0	0.0005185282881621	Group D
9:113043999:G:A	9	113043999	A	rs1556047	0.664924085140228	-0.0002569353335157	0.0015843019733917	Group D
9:113046742:A:G	9	113046742	Group D	rs10816959	0.737648355960846	-0.0015671415237237	0.0015671415237237	Group D
9:113196733:A:C	9	113196733	C	rs7852962	0.424106419086456	-0.0012820526460832	0.0005864243182199	Group D
9:113265860:A:C	9	113265860	C	rs10980412	0.568899786472321	0.0	3.36342485667363e-05	Group D
9:113766668:T:C	9	113766668	Group D	rs7023788	0.753771370649338	-0.0035432381941306	0.0035432381941306	Group D
9:113776692:A:G	9	113776692	G	rs7864606	0.604606682062149	0.0	0.002297699216111	Group D
9:113836214:A:G	9	113836214	G	rs17384753	0.692419743537903	-0.0008653489832831	0.0013700615220302	Group D
9:113890937:G:A	9	113890937	Group D	rs17205515	0.75388565659523	-0.0001563628507353	0.0001563628507353	Group D
9:114013664:T:C	9	114013664	Group D	rs17227846	0.771885973215103	0.0013563062906071	0.0013563062906071	Group D
9:114888145:G:T	9	114888145	T	rs2762474	0.495235112309456	0.0009882706758135	0.0019109208967930998	Group D
9:114912314:G:T	9	114912314	Group D	rs1864359	0.844006812572479	0.004028481696343	0.004028481696343	Group B
9:114912617:A:C	9	114912617	C	rs2691669	0.524297788739204	0.0	0.0018474501281599	Group D
9:115155264:T:C	9	115155264	C	rs6477925	0.239794561266899	0.0006473191262355	0.0002854780845944001	Group D
9:116060221:C:T	9	116060221	T	rs3750533	0.311749684810638	-7.1789900051575e-05	0.000416206321127125	Group D
9:116740492:G:A	9	116740492	A	rs9332459	0.321332734823227	0.0	0.000449431346996	Group D
9:117084228:C:T	9	117084228	T	rs2787337	0.601864224672318	0.000343821201924	0.0006011337373167	Group D
9:117553249:T:C	9	117553249	C	rs4246905	0.728422099351883	0.0013851693377893	4.0778628650499924e-05	Group D
9:117691270:A:G	9	117691270	Group D	rs1006026	0.769110959768295	-0.0013798383663656	0.0013798383663656	Group D
9:119064047:C:T	9	119064047	Group D	rs10513272	0.755798071622849	0.0024020576397289	0.0024020576397289	Group D
9:119078356:A:G	9	119078356	G	rs1885983	0.5382308781147	0.0	0.0014788393369609	Group D
9:121125746:T:C	9	121125746	C	rs10429475	0.323148155212402	0.0015674930311892	0.0004936767184912001	Group D
9:121840391:G:A	9	121840391	A	rs737640	0.424143329262733	0.0	7.33936517719901e-05	Group D
9:121988899:T:G	9	121988899	G	rs10818288	0.286155380308628	0.0	2.22527786427173e-05	Group D
9:121996466:C:T	9	121996466	T	rs989094	0.337729918956757	-0.0010842589051266	0.0006615609752332	Group D
9:122126326:G:A	9	122126326	A	rs1924680	0.22903854995966	-0.0016776609575811	0.0008528256107786002	Group D
9:122468385:G:C	9	122468385	C	rs4330759	0.39682249724865	0.0003116467041666	0.0008359387436890001	Group D
9:123349796:T:C	9	123349796	C	rs10760105	0.540156280994415	-0.0003394345152549	0.000644708143965	Group D
9:123383909:C:T	9	123383909	T	rs1324475	0.408773636817932	0.0012104128127098	0.0005275320822573	Group D
9:123483668:A:G	9	123483668	G	rs4836830	0.216608355939388	0.0027886488186686	0.0003460922428333	Group D
9:123648085:A:G	9	123648085	G	rs10818482	0.284362271428108	0.0076576662189606	0.0002585235185560992	Group D
9:123850770:G:A	9	123850770	A	rs10818503	0.344890031218529	0.0	0.0002088015423802	Group D
9:124048298:G:A	9	124048298	Group D	rs12683459	0.766167718172073	-0.0004174624733754	0.0004174624733754	Group D
9:124579721:C:T	9	124579721	T	rs7848500	0.678761714696884	0.0	0.0003504202570984	Group D
9:124650611:C:T	9	124650611	Group D	rs7871736	0.770429515838623	0.0009276633372369	0.0009276633372369	Group D
9:124720937:T:G	9	124720937	Group D	rs4837923	0.778848659992218	-0.0007804348086848	0.0007804348086848	Group D
9:125017942:C:T	9	125017942	T	rs10818665	0.297300280630589	0.0009176895570643	0.0005174853708479999	Group D
9:125245724:C:T	9	125245724	T	rs10818702	0.528213247656822	0.0013564969036044	0.0008466031370023999	Group D
9:125330678:T:G	9	125330678	G	rs10985704	0.417338079214096	-0.0014594554876171	0.0004398528764198999	Group D
9:125605578:T:C	9	125605578	C	rs10513413	0.412351834774017	0.0	0.001065510664567	Group D
9:125636462:G:T	9	125636462	T	rs10760258	0.395237582921982	0.0003715271702961	0.0016878435377825	Group D
9:125955712:C:T	9	125955712	Group D	rs72753298	0.811079859733582	0.0054630820849873	0.0054630820849873	Group B
9:126037523:C:A	9	126037523	A	rs10818801	0.695839989185333	0.0	0.0011176923131517	Group D
9:126128211:T:C	9	126128211	C	rs1105223	0.457098734378815	-0.0005516115250197	0.0003486593547944	Group D
9:126790666:T:C	9	126790666	C	rs917782	0.494309437274933	0.0	0.0002429263927605	Group D
9:126981390:A:C	9	126981390	Group D	rs7851784	0.807023161649704	-0.0011299443420854	0.0011299443420854	Group D
9:127192907:A:G	9	127192907	G	rs928549	0.501465734839439	-0.0002847729275514	0.0005813523653953	Group D
9:127562973:G:A	9	127562973	A	rs913232	0.780001723766327	-0.0036025167612354	0.0030985899887473996	Group D
9:128514608:T:C	9	128514608	Group D	rs6478712	0.840135610103607	0.0014386532887053	0.0014386532887053	Group D
9:129037975:C:T	9	129037975	T	rs1888157	0.576734232902527	-0.0004843304621941	0.0005767344000013999	Group D
9:129181728:A:G	9	129181728	Group D	rs882749	0.773933511972427	-0.0003898065912243	0.0003898065912243	Group D
9:129332125:T:C	9	129332125	C	rs10119917	0.534572112560272	0.0	0.000562707455218	Group D
9:129602254:G:T	9	129602254	T	rs10819237	0.566111385822296	0.0	0.0005200570239463	Group D
9:129616168:G:T	9	129616168	Group D	rs1391482	0.767555338144302	-0.0004853015750247	0.0004853015750247	Group D
9:129616938:A:G	9	129616938	G	rs10733686	0.629949730634689	0.0	0.0003706405834537	Group D
9:130191186:C:T	9	130191186	T	rs13292096	0.289607366919518	-0.0011148237960736	3.278094535799983e-05	Group D
9:130259618:A:C	9	130259618	C	rs2248822	0.243644537031651	-0.0018852143774672	0.00019360192106740014	Group D
9:130536717:G:A	9	130536717	A	rs10760500	0.427302116155624	-0.0022335461838125	0.00022020321711490026	Group D
9:130633904:T:G	9	130633904	G	rs743539	0.443432581424713	0.0	5.33448896271636e-05	Group D
9:130908044:G:A	9	130908044	A	rs878400	0.5251833319664	0.0	0.0001169248245151	Group D
9:130938661:C:T	9	130938661	T	rs11549266	0.641597419977188	-0.0039228869690203	0.0005420456430939996	Group D
9:130979181:A:G	9	130979181	G	rs3003599	0.595740699768066	0.0	0.000652547643844	Group D
9:131565554:T:C	9	131565554	C	rs1572912	0.354274895787239	-0.0015979872736466	6.813538920919979e-05	Group D
9:131588888:G:C	9	131588888	C	rs6478854	0.181141051650047	-0.000405576103362	0.0005404070647746	Group D
9:131991316:C:T	9	131991316	T	rs10760598	0.490206870436668	0.0	4.14145019549467e-05	Group D
9:132022766:T:C	9	132022766	C	rs1556144	0.20974513143301	0.0	9.87729633102277e-05	Group D
9:132196531:G:T	9	132196531	T	rs914708	0.729897087812424	0.0	0.000682906453506	Group D
9:132573536:G:T	9	132573536	T	rs12634	0.888393306732178	-0.0047097186419812	0.0017218460401957	Group D
9:132579110:T:C	9	132579110	Group D	rs3780697	0.760736614465714	-0.0003818321931891	0.0003818321931891	Group D
9:133631221:T:C	9	133631221	C	rs2583836	0.593303507566452	-0.0011356842979576	0.0004965803292076999	Group D
9:133863941:G:A	9	133863941	Group D	rs11244229	0.784896647930145	-0.0002499306972242	0.0002499306972242	Group D
9:133901819:C:A	9	133901819	A	rs2275137	0.60042188167572	0.000116903468161	0.0005544766806492	Group D
9:133962930:C:T	9	133962930	T	rs7024108	0.592949903011322	0.0	0.0004268395886849	Group D
9:133970178:T:C	9	133970178	Group D	rs818051	0.740170288085938	0.0007277358542511	0.0007277358542511	Group D
9:134585181:C:T	9	134585181	Group D	rs11243480	0.789483141899109	0.0015913541212359	0.0015913541212359	Group D
9:134596954:A:G	9	134596954	G	rs17553325	0.592368051409721	0.0	0.0001340117002719	Group D
9:134611544:A:G	9	134611544	G	rs11243494	0.596949189901352	0.0	0.0014931230098302	Group D
9:134703957:T:C	9	134703957	C	rs2987383	0.712567269802094	0.0	1.48443052481623e-05	Group D
9:134826121:A:C	9	134826121	Group D	rs6597539	0.795373851060867	-0.0007032839051552	0.0007032839051552	Group D
9:135110611:A:G	9	135110611	G	rs10901141	0.328338140249252	-9.01796078079358e-06	0.0006599467506438063	Group D
9:135751859:C:T	9	135751859	Group D	rs10901218	0.744876283407211	-0.0017886973934963	0.0017886973934963	Group D
9:136133178:G:A	9	136133178	A	rs8176714	0.779777282476425	0.0019744916701889	0.0019489821125846377	Group D
9:136154168:T:C	9	136154168	Group D	rs579459	0.743655502796173	-0.001875607735	0.001875607735	Group D
9:136154867:G:T	9	136154867	T	rs495828	0.257221285998821	0.0	0.0008933716830337	Group D
9:136199503:G:A	9	136199503	A	rs886090	0.5216124355793	0.0	0.0002798030632953	Group D
9:136227260:A:G	9	136227260	G	rs12763	0.282707948982716	0.0031858026050047	0.00018737493188559964	Group D
9:136287582:C:T	9	136287582	T	rs34024143	0.806601643562317	0.0	0.0004187816590765	Group D
9:136319068:T:C	9	136319068	C	rs3094375	0.641034609079361	0.0	0.0001853748576602	Group D
9:136416634:G:A	9	136416634	A	rs9696281	0.474869999289513	-0.0001967403288818	0.000774858517114	Group D
9:136618716:C:T	9	136618716	T	rs2520000	0.48232107758522	0.0015106396724944	0.00044204002689190005	Group D
9:136654038:G:A	9	136654038	Group D	rs2520003	0.770269840955734	0.0008464580557479	0.0008464580557479	Group D
9:136931957:T:C	9	136931957	Group D	rs2427964	0.762217742204666	0.0012043885629927	0.0012043885629927	Group D
9:137427442:T:C	9	137427442	C	rs3132315	0.455161529779434	0.0	0.0027588976353389	Group D
9:137430674:A:G	9	137430674	G	rs9409980	0.668384423851967	0.0	0.0004938553228144	Group D
9:137431373:T:C	9	137431373	Group D	rs3132310	0.741879379749298	0.0033716134419343	0.0033716134419343	Group D
9:137730956:G:A	9	137730956	A	rs9410002	0.743336343765259	-0.004055305791617	0.0025676628976409	Group D
9:137755230:G:A	9	137755230	Group D	rs13294137	0.735651940107346	0.0013256372297291	0.0013256372297291	Group D
9:137768979:T:C	9	137768979	C	rs4372082	0.633702051639557	-0.0068287886595911	0.0016252262918158003	Group D
9:138002994:T:C	9	138002994	C	rs4262379	0.493111050128937	-6.70892276142713e-05	0.0007973023082178287	Group D
9:138275685:T:C	9	138275685	C	rs11792346	0.594602823257446	0.0	0.000584236675133	Group D
9:138318759:G:T	9	138318759	T	rs12377350	0.287757840752602	0.0	0.000365860236883	Group D
9:138579029:G:T	9	138579029	T	rs11103135	0.597371876239777	0.0026767612680557	0.0015634963766280002	Group D
9:138582650:G:A	9	138582650	A	rs10858151	0.315429961681366	0.0010906947751908	0.0002123226572830002	Group D
9:139028128:G:A	9	139028128	Group D	rs10776884	0.733895260095596	-0.0004948314865517	0.0004948314865517	Group D
9:139059275:C:T	9	139059275	T	rs10114437	0.408008202910423	0.0	0.000456923057869	Group D
9:139069713:G:A	9	139069713	A	rs11103366	0.474800115823746	-0.0010039479347251	0.0005777471415637999	Group D
9:139225139:G:A	9	139225139	A	rs28380074	0.445403668284416	0.0001379879063717	9.09882391865e-05	Group D
9:139226879:T:C	9	139226879	C	rs28453790	0.541931343078613	0.0004808792025114	0.0003628731980475	Group D
9:139266496:C:T	9	139266496	T	rs4077515	0.364025254547596	-0.0002084118312594	0.0002194698256138	Group D
9:139483954:C:T	9	139483954	T	rs944758	0.458822482824326	0.0	0.0004660942582059	Group D
9:139544437:A:C	9	139544437	C	rs7871194	0.46840703189373	0.0	0.0006910384245036	Group D
9:139555173:C:T	9	139555173	Group D	rs117607236	0.816632050275803	-0.0029480094401444	0.0029480094401444	Group D
9:139927062:A:G	9	139927062	G	rs4880192	0.818579757213593	0.0073842963646937	0.0019194379710558004	Group D
9:139973820:C:T	9	139973820	T	rs7037849	0.175381380319595	0.0	0.0018021668439333	Group D
9:139980385:C:A	9	139980385	Group D	rs1018330	0.860943925380707	0.0026485640726686	0.0026485640726686	Group D
9:139987350:C:T	9	139987350	T	rs10870177	0.638030558824539	0.0	0.0001114107469205	Group D
9:140216247:G:A	9	140216247	A	rs11534411	0.337056377530098	1.90499967512644e-05	0.0007762356965251356	Group D
9:140277826:C:T	9	140277826	T	rs13291830	0.897002565860748	-0.0006726320871549	0.00014629004563979997	Group D
9:140291031:C:T	9	140291031	T	rs7043936	0.50503488779068	-0.0004525311753659	0.0006587845407582999	Group D
9:140746691:A:G	9	140746691	G	rs7390244	0.588705337047577	0.0024522521675165	0.0004390121121743999	Group D
10:1018585:T:G	10	1018585	G	rs4880745	0.477868795394898	-0.0009058749834408	0.00014572561391480005	Group D
10:1034895:T:C	10	1034895	C	rs17293580	0.649438053369522	0.0	0.0038217585384111	Group B
10:1103590:A:G	10	1103590	Group D	rs35657988	0.819564032554627	0.0037059432083631	0.0037059432083631	Group D
10:1259485:A:G	10	1259485	G	rs2387308	0.496489876508713	-0.0007155245124382	0.000538201059039	Group D
10:1607140:C:T	10	1607140	T	rs2813368	0.408073675632477	0.0009708719043314	0.0006738519947822	Group D
10:1757007:C:T	10	1757007	T	rs12253635	0.517637285590172	-0.0002850297601912	0.00043751262325509996	Group D
10:1923685:G:A	10	1923685	A	rs11250876	0.519066143035889	0.0015577739006004	0.00020878852373770003	Group D
10:1926738:C:T	10	1926738	T	rs7088760	0.309950463473797	0.0001947812823146	0.0008385512866059	Group D
10:2677411:A:G	10	2677411	G	rs7073016	0.484618598222733	0.0020940546230057	0.00043754144645780004	Group D
10:5106456:C:T	10	5106456	T	rs10400188	0.302776046097279	-0.0014634568886443	0.0006148765293461	Group D
10:5136651:C:G	10	5136651	G	rs12529	0.648618942499161	0.005269563525254	0.00012774966722730024	Group D
10:5197881:A:G	10	5197881	G	rs1781931	0.505737102031708	0.0013794034905127	0.00035479099072189993	Group D
10:5200861:C:A	10	5200861	A	rs2020172	0.310912802815437	-0.0013487933158634	2.710233972950016e-05	Group D
10:5391526:T:C	10	5391526	C	rs10904471	0.323182356357574	0.0	8.45831394897271e-05	Group D
10:5541230:T:C	10	5541230	C	rs11546426	0.587595754861832	-0.005121838320465	0.0005511122574862002	Group D
10:5902711:A:C	10	5902711	C	rs12359234	0.0	0.0007734144504451	3.089003306969997e-05	Group D
10:6094697:C:T	10	6094697	Group D	rs61839660	0.91055548787117	-0.007569381719056	0.007569381719056	Group B
10:6100725:G:A	10	6100725	A	rs3134883	0.690031605958939	0.0	0.0056909001457721	Group B
10:6114856:A:G	10	6114856	Group D	rs10905718	0.834553629159927	0.0064610982032254	0.0064610982032254	Group B
10:6123495:C:T	10	6123495	T	rs12251307	0.529144439101219	0.0	0.0007952769655478	Group D
10:6165030:C:T	10	6165030	T	rs1541020	0.517883643507958	0.0	0.0011192540034426	Group D
10:6393009:A:G	10	6393009	G	rs744253	0.46348848938942	-0.0013155729960508	0.0003397417745675999	Group D
10:6402741:G:T	10	6402741	T	rs10796045	0.341418460011482	-0.0006868648468593	0.0005877676646527	Group D
10:6527143:G:A	10	6527143	A	rs2236379	0.432531571388245	-0.0042907416049637	0.00027088126596540047	Group D
10:6977902:T:C	10	6977902	C	rs1417019	0.402014583349228	0.0	0.0001787438668299	Group D
10:7315240:T:C	10	7315240	C	rs10905143	0.415788343548775	0.0001156299124394	0.0006242904408171001	Group D
10:7315286:A:G	10	7315286	G	rs10905144	0.53973560333252	0.0001512217592279	4.669699297349999e-05	Group D
10:7634321:T:C	10	7634321	C	rs871049	0.435955029726028	0.0001495555929245	0.0005857170420668	Group D
10:7673498:T:G	10	7673498	G	rs17347867	0.447915408015251	0.0	0.0010526515489131	Group D
10:8046789:G:A	10	8046789	A	rs10752123	0.401951515674591	0.0	0.0005357113944749	Group D
10:8099177:C:T	10	8099177	Group D	rs369421	0.80604635477066	0.0015540819099794	0.0015540819099794	Group D
10:8103260:A:C	10	8103260	C	rs444762	0.7228366792202	0.0	7.75392536049957e-05	Group D
10:8107572:A:G	10	8107572	Group D	rs10905279	0.868439382314682	0.0010700623529196	0.0010700623529196	Group D
10:8111409:C:T	10	8111409	T	rs422628	0.459165808558464	0.0	0.0022967470277193	Group D
10:8370629:T:C	10	8370629	C	rs11255635	0.490309783816338	0.0006075378251324	0.0007263530859007	Group D
10:8601074:T:C	10	8601074	C	rs11255744	0.37282709479332	-0.0013633983922459	0.0008852711837134999	Group D
10:8605553:G:T	10	8605553	T	rs11255753	0.564382669329643	-0.0011802302902434	0.00017140526232319996	Group D
10:9360823:A:C	10	9360823	C	rs1150023	0.22133245319128	0.0	0.0003545236496012	Group D
10:9910342:C:T	10	9910342	T	rs2153297	0.436921820044518	0.0	0.0002774385967921	Group D
10:9917445:C:T	10	9917445	Group D	rs10795749	0.76523300409317	-0.0012703508626153	0.0012703508626153	Group D
10:10552677:A:G	10	10552677	G	rs2398244	0.418051794171333	-0.0013074569453913	0.0004771685095724999	Group D
10:10974256:A:G	10	10974256	G	rs10905868	0.401281201839447	-9.77469327854509e-05	0.0007784207575453491	Group D
10:11205224:A:G	10	11205224	Group D	rs7909331	0.908216696977615	2.32281882235237e-05	2.32281882235237e-05	Group D
10:11424447:G:A	10	11424447	A	rs2454803	0.409560978412628	0.0	0.0002999040333079	Group D
10:11738432:A:G	10	11738432	G	rs9730979	0.267591534554958	-0.0004089838618259	0.0004772832786682	Group D
10:11772854:C:T	10	11772854	T	rs1324649	0.186016829311848	-0.0004721692422939	0.0002964489240391	Group D
10:11782753:A:G	10	11782753	G	rs3829154	0.316601982712746	-0.0037182163427094	0.0008454928592013999	Group D
10:12209752:T:C	10	12209752	C	rs6686	0.551507011055946	-0.0048227622818895	0.0002119767451486997	Group D
10:12267654:A:G	10	12267654	G	rs4478891	0.658448755741119	0.0009185389709446	0.0004368404607950001	Group D
10:12551331:A:G	10	12551331	G	rs11595316	0.534222656488419	0.0	0.0002195958228457	Group D
10:12638147:A:G	10	12638147	G	rs11257913	0.694142174720764	0.0022288583209957	0.0005538057010102001	Group D
10:12943973:C:T	10	12943973	T	rs12779328	0.535837361216545	0.0034828226575879	0.0005592684992875999	Group D
10:13008959:A:C	10	13008959	C	rs10906273	0.411018124222755	0.0016416602113353	0.0005732175188877002	Group D
10:13311227:G:A	10	13311227	A	rs825632	0.310076820850372	0.0	0.0006902299996553	Group D
10:13315064:C:T	10	13315064	T	rs12763204	0.376175183057785	0.0056289248045238	0.0003365223427094005	Group D
10:13320236:C:T	10	13320236	T	rs11133	0.548629200458527	-0.0030430515440962	0.0007048897331076	Group D
10:13540869:A:C	10	13540869	C	rs11258422	0.673174268007278	0.0	0.0013146241487014	Group D
10:13566204:A:G	10	13566204	G	rs878017	0.427649807929993	0.0	0.0008013959800984	Group D
10:13569805:C:T	10	13569805	Group D	rs11258437	0.742979341745377	0.0031621008335662	0.0031621008335662	Group D
10:13880922:C:A	10	13880922	A	rs10906509	0.36291563808918	0.0009921471286869	0.0008357310227016001	Group D
10:14058019:T:G	10	14058019	G	rs17315399	0.391238823533058	-0.0010807679449771	0.0005598361098968	Group D
10:14169524:T:C	10	14169524	C	rs7903598	0.319403469562531	2.31078591869166e-05	0.0006189512628348835	Group D
10:14596825:T:C	10	14596825	Group D	rs7908439	0.760005342960358	-0.0008372498932878	0.0008372498932878	Group D
10:14599229:T:G	10	14599229	G	rs10906697	0.286834101378918	0.0	0.0005319902531634	Group D
10:14954024:G:A	10	14954024	A	rs12572872	0.249552230536938	-0.0022747235141957	0.0006987682757068001	Group D
10:15205720:T:G	10	15205720	Group D	rs7915167	0.81175599694252	-0.0009386830068312	0.0009386830068312	Group D
10:15225054:T:C	10	15225054	C	rs10906850	0.665248942375183	0.0	0.0005500418277897	Group D
10:17537366:A:G	10	17537366	Group D	rs1753371	0.779892486333847	0.0011778342201634	0.0011778342201634	Group D
10:17891705:A:G	10	17891705	G	rs1556465893	0.0	-0.0006766895719302	0.0005358332528493001	Group D
10:18266989:G:A	10	18266989	A	rs2478568	0.325505182147026	0.0004844904525048	0.0002013465760614	Group D
10:18358107:A:G	10	18358107	G	rs7072642	0.415666458010674	0.002429136918395	0.0005428213037433002	Group D
10:19081595:G:T	10	19081595	T	rs2451518	0.336643359065056	0.0010548932632883	0.0007274351605237	Group D
10:19498278:G:A	10	19498278	A	rs2358355	0.563897863030434	0.0	8.53036129209202e-05	Group D
10:19888896:A:G	10	19888896	G	rs3844358	0.425819942355156	-0.0011300498641679	0.0005853700513585001	Group D
10:20901325:C:A	10	20901325	A	rs9971058	0.404739534854889	0.0	0.0001053472382469	Group D
10:20911871:G:A	10	20911871	Group D	rs7081046	0.736521333456039	-0.0002365453188811	0.0002365453188811	Group D
10:21315553:A:C	10	21315553	C	rs3858202	0.567473378777504	-2.40794192124177e-05	0.0009661379285810823	Group D
10:21435340:ACACT:A	10	21435340	A	rs45546236	0.0	-0.000255568835799	0.0007262100010615	Group D
10:21822856:A:G	10	21822856	Group D	rs10828247	0.756419497728348	0.0004965991009219	0.0004965991009219	Group D
10:22517518:A:G	10	22517518	G	rs1556010	0.567870789766312	0.0	0.0004087430450658	Group D
10:23649989:T:C	10	23649989	C	rs7906070	0.589198243618012	0.0	0.0007159634766514	Group D
10:23665438:G:T	10	23665438	Group D	rs1398024	0.739869505167007	-0.0015059333292766	0.0015059333292766	Group D
10:24706072:G:A	10	24706072	Group D	rs3858219	0.767167544364929	0.0013801973037212	0.0013801973037212	Group D
10:25206554:C:T	10	25206554	T	rs7908585	0.507656690478325	-0.001766882084735	0.0002973857794040999	Group D
10:25218243:G:T	10	25218243	T	rs10828725	0.710777777433395	-0.0046101082764958	0.0002513852149251001	Group D
10:25219838:G:A	10	25219838	A	rs1409307	0.490404024720192	-0.0021935707778693	0.00015293865971249994	Group D
10:25941959:T:C	10	25941959	C	rs989622	0.624547111988068	0.0	0.000237035103486	Group D
10:26357820:C:T	10	26357820	T	rs3817419	0.349358451366425	0.0016903776572274	6.287585293470008e-05	Group D
10:26446312:G:A	10	26446312	A	rs3758449	0.425767654180527	0.0	0.0001168505859075	Group D
10:26722622:G:A	10	26722622	A	rs9299820	0.189366063475609	0.0	0.001424153027423	Group D
10:26732848:G:A	10	26732848	A	rs3006804	0.590352886915207	0.0	0.0036282922872053	Group D
10:26734587:C:T	10	26734587	Group D	rs2992257	0.792338073253632	-0.0065339983219852	0.0065339983219852	Group B
10:26741149:G:T	10	26741149	T	rs2992261	0.168269167840481	-0.0002109082082012	0.0005342506846042	Group D
10:26761243:C:T	10	26761243	Group D	rs702999	0.751982986927033	-0.0005714537702944	0.0005714537702944	Group D
10:27069902:G:T	10	27069902	Group D	rs10764641	0.769757217168808	0.0001905638526915	0.0001905638526915	Group D
10:27277310:G:A	10	27277310	A	rs10829153	0.382020297646523	0.001733265766572	0.0003146561729772	Group D
10:27654517:T:G	10	27654517	G	rs237568	0.657305371761322	0.0012414299122938	0.0004685439998780999	Group D
10:27664646:T:C	10	27664646	C	rs237579	0.373145860433579	0.0	9.29950150969358e-05	Group D
10:27687225:A:G	10	27687225	G	rs2505323	0.552972239255905	0.0010460679515972	0.0003278884088858999	Group D
10:28378354:G:A	10	28378354	A	rs11006851	0.524534821510315	0.001685643547342	0.0009322394069899999	Group D
10:28858889:C:T	10	28858889	T	rs10490898	0.852814328670502	0.0030468798720154	0.0027556584448852	Group D
10:28941056:C:T	10	28941056	T	rs2480552	0.223396551609039	0.0007527346654054	0.0015039469751340002	Group D
10:29087336:C:T	10	29087336	T	rs10826518	0.289361399412155	0.0003782683635219	0.0008435625440383	Group D
10:29348223:A:C	10	29348223	C	rs2804551	0.366792726516724	0.0	5.72839237988449e-05	Group D
10:30019868:C:T	10	30019868	Group D	rs12359769	0.752200365066528	0.0014393842707007	0.0014393842707007	Group D
10:30212755:A:G	10	30212755	G	rs2776632	0.526394957304001	0.0004758440037281	0.000725080078631	Group D
10:30238837:G:C	10	30238837	C	rs1756752	0.663833349943161	0.0	0.0002051254219896	Group D
10:30268579:C:T	10	30268579	T	rs4749516	0.498832362890244	0.0	1.52752211217546e-06	Group D
10:30316072:C:G	10	30316072	G	rs3739998	0.707353872060776	0.0034710184663653	0.00028283585451590026	Group D
10:30671658:C:T	10	30671658	T	rs1831249	0.405707475543022	0.0	0.000513107344104	Group D
10:30978433:A:G	10	30978433	G	rs4747723	0.739280086755753	-0.0011233293046389	0.0017601645851163	Group D
10:31025929:C:T	10	31025929	Group D	rs11593935	0.843046677112579	-0.0017710006019218	0.0017710006019218	Group D
10:31077396:C:T	10	31077396	T	rs10763832	0.685437554121018	0.0	0.00016966248412	Group D
10:31095665:T:C	10	31095665	C	rs10763837	0.282118588685989	0.0014287789661933	0.0003922503855608001	Group D
10:31138817:G:A	10	31138817	A	rs10160116	0.281818440556526	0.0026735084578032	0.00034453312407989973	Group D
10:31146615:T:C	10	31146615	C	rs16932010	0.201603858172894	0.0	0.0002000206546428	Group D
10:31171998:A:G	10	31171998	G	rs2994613	0.334862571954727	0.0	1.05259328029914e-05	Group D
10:31996242:G:T	10	31996242	Group D	rs2277251	0.863902604579926	-0.0013347109962447	0.0013347109962447	Group D
10:32128611:A:G	10	32128611	G	rs2808096	0.504904758930206	-0.0071685341411341	0.0005079581081159001	Group D
10:33363021:T:G	10	33363021	G	rs752251	0.591858047246933	0.0	0.0015706653682688	Group D
10:33390182:C:T	10	33390182	Group D	rs2180563	0.759330606460571	0.0034409597673723	0.0034409597673723	Group D
10:33395124:T:G	10	33395124	G	rs16934017	0.574568945169449	0.0	7.25645823321002e-05	Group D
10:33398036:G:A	10	33398036	A	rs7070020	0.676610720157623	0.0	6.39373519041066e-05	Group D
10:33683090:T:G	10	33683090	G	rs2804884	0.684876447916031	0.0	4.59074574499282e-05	Group D
10:34704074:C:T	10	34704074	T	rs3851068	0.418105316162109	-0.0018573619713792	0.0005880479422835001	Group D
10:34803585:C:T	10	34803585	T	rs1025637	0.368296545743942	0.0	7.17461413679108e-05	Group D
10:35755345:C:A	10	35755345	Group D	rs4934753	0.777853089570999	0.001719361437943	0.001719361437943	Group D
10:35801633:C:T	10	35801633	T	rs1363000	0.226585821807385	0.0	0.0005452093004283	Group D
10:36024653:C:T	10	36024653	Group D	rs17510785	0.739201432466507	0.002022390372691	0.002022390372691	Group D
10:36063042:T:G	10	36063042	G	rs10734020	0.550724494457245	0.0003555551651477	0.0011205787590406	Group D
10:36687959:T:G	10	36687959	G	rs1936559	0.276053476333618	0.0	0.0005733682929264	Group D
10:36718648:C:T	10	36718648	T	rs6481996	0.465261846780777	0.0	0.0002704420844649	Group D
10:36725466:G:A	10	36725466	A	rs2891552	0.288030698895454	0.0004272454156741	0.00043085552345760003	Group D
10:37011284:A:C	10	37011284	C	rs1537325	0.325028863549233	-0.0025976409917161	0.00021660223728109992	Group D
10:38264700:C:T	10	38264700	T	rs7895468	0.738241171836853	0.0024554652369515	0.0021580134087914	Group D
10:38486141:C:A	10	38486141	A	rs2474558	0.207207165658474	0.0	0.0001476936337858	Group D
10:38497777:A:C	10	38497777	C	rs1740735	0.114098694175482	0.0	0.0001475882082031	Group D
10:38537070:A:G	10	38537070	G	rs1780145	0.183299142122269	0.0	0.000113280982441	Group D
10:43220285:T:C	10	43220285	C	rs11239751	0.322049102187157	0.0	0.0006459273086833	Group D
10:44053013:G:C	10	44053013	C	rs2230660	0.0	-0.0005163632461383	0.00048108036755530005	Group D
10:44532138:T:C	10	44532138	C	rs1492712	0.604964423179627	0.000200544775484	0.000480425229739	Group D
10:44655275:T:C	10	44655275	C	rs2154401	0.421193215250969	6.05829746724591e-06	0.0002544533373310541	Group D
10:44881455:G:A	10	44881455	A	rs2839686	0.487304404377937	-0.0057217861825188	0.0007208718058304003	Group D
10:45511408:A:G	10	45511408	G	rs6593456	0.32919092476368	-0.0023207490933829	0.0004922821422115001	Group D
10:45667255:C:T	10	45667255	T	rs2275846	0.266175958514214	-0.0019438142745948	7.475151605809997e-05	Group D
10:48340623:G:A	10	48340623	A	rs7920146	0.40050847530365	0.0	0.0007186928631551	Group D
10:48365922:A:G	10	48365922	Group D	rs10736369	0.829860579967499	0.0009330611023849	0.0009330611023849	Group D
10:48427246:T:C	10	48427246	C	rs762454	0.561194431781769	0.0038054566277969	0.000891106636992	Group D
10:50139007:G:C	10	50139007	Group D	rs17700082	0.735348701477051	0.0022988387735317	0.0022988387735317	Group D
10:50315893:A:G	10	50315893	G	rs13088	0.5927998483181	-0.0004854252312522	0.0004949482009482	Group D
10:50341954:A:G	10	50341954	G	rs34110351	0.482379969954491	-0.0084570324824173	0.00023908465966110057	Group D
10:50418949:A:G	10	50418949	G	rs12249370	0.341801619529724	0.0012976460682894	0.0002754130524164002	Group D
10:50439830:C:T	10	50439830	T	rs2377989	0.174112670123577	0.002435035279863	0.0006960589874012001	Group D
10:50678369:T:C	10	50678369	C	rs2228527	0.400175425410271	0.0	0.0001290310496721	Group D
10:50747539:G:C	10	50747539	Group D	rs3793784	0.782326591014862	-0.0010425038579799	0.0010425038579799	Group D
10:50824619:G:A	10	50824619	A	rs3810950	0.612497234344482	0.0	0.0005077680820534	Group D
10:50834978:A:G	10	50834978	G	rs4838392	0.52393391430378	0.0013185801315889	0.0004185196876996002	Group D
10:51549496:T:C	10	51549496	C	rs10993994	0.53219173848629	-0.0004347762646561	0.0007548033012259	Group D
10:51568378:T:G	10	51568378	G	rs10761581	0.317542240023613	0.0029567586089462	0.00048763980634749984	Group D
10:52094626:C:T	10	52094626	T	rs1436213	0.455616959929466	0.0	0.0012172177062667	Group D
10:52103707:A:G	10	52103707	Group D	rs10763354	0.832360070943832	0.0006076629461782	0.0006076629461782	Group D
10:52127483:C:T	10	52127483	Group D	rs2060560	0.826080077886581	0.0030785795171869	0.0030785795171869	Group D
10:52131485:C:T	10	52131485	T	rs2842107	0.28095905482769	0.0	0.0002755985115871	Group D
10:52131993:G:A	10	52131993	A	rs2255849	0.316950857639313	0.0	0.0011271000014036	Group D
10:52743962:C:T	10	52743962	T	rs2816826	0.313762804865837	0.0	0.0004269480609064	Group D
10:52939040:A:G	10	52939040	G	rs7085697	0.437548249959946	0.0002301435694121	0.0008437551485458999	Group D
10:53137812:G:A	10	53137812	Group D	rs61849762	0.755548369884491	0.0017521066663419	0.0017521066663419	Group D
10:53251706:C:T	10	53251706	T	rs986401	0.460729473829269	-0.0011445520846926	0.0008411838345584999	Group D
10:53252315:T:C	10	53252315	C	rs7921499	0.563067814707756	0.0055472471838889	3.487509282290059e-05	Group D
10:53263809:A:C	10	53263809	C	rs12257749	0.276950381696224	0.0	7.27811628272561e-05	Group D
10:53767679:C:T	10	53767679	T	rs7906084	0.261512403190136	0.0	0.0002673262523124	Group D
10:54351105:T:C	10	54351105	C	rs1919738	0.523707494139671	-0.0015487487234838	0.00034148253140049993	Group D
10:54672175:C:T	10	54672175	T	rs2204345	0.305729283392429	0.0004250880454094	0.0005161098762297	Group D
10:54861336:A:G	10	54861336	G	rs12241649	0.20670605301857	0.0	0.0001549388760078	Group D
10:55000575:T:G	10	55000575	G	rs1903963	0.302419459819794	0.0014301318889486	0.0008434763045749001	Group D
10:55031469:A:C	10	55031469	C	rs10824971	0.257813963294029	0.0035638831089633	7.991528968389998e-05	Group D
10:56423968:A:C	10	56423968	C	rs11004439	0.426743239164352	0.0007375276601225	0.0005165871723823	Group D
10:60724306:A:G	10	60724306	G	rs10826258	0.431141927838326	0.0	0.0001958638583991	Group D
10:60727887:A:G	10	60727887	G	rs3851241	0.631839776039124	0.0	0.0001326968302464	Group D
10:61486286:T:C	10	61486286	C	rs2671613	0.432715132832527	0.0	0.0001056695993682	Group D
10:61595110:T:C	10	61595110	C	rs1822913	0.728875613212585	0.0025024007181684	0.000609567024593	Group D
10:61964752:T:C	10	61964752	C	rs10994253	0.601080322265625	0.0	0.0018765029006697	Group D
10:61982048:C:T	10	61982048	Group D	rs10994257	0.751810419559479	-0.0010829544823789	0.0010829544823789	Group D
10:62553127:C:T	10	62553127	T	rs2448361	0.464006721973419	0.0	0.000177656030786	Group D
10:62605168:A:G	10	62605168	G	rs6479735	0.372130313515663	0.0003796493463574	0.0004067423739073	Group D
10:63149922:A:G	10	63149922	Group D	rs10994747	0.833234399557114	0.0007152378133057	0.0007152378133057	Group D
10:63367308:A:G	10	63367308	G	rs2606098	0.627304649353027	0.0	0.0001939051890049	Group D
10:63723909:C:T	10	63723909	T	rs10821937	0.629048007726669	0.0	0.0058606007357578	Group B
10:63724390:A:G	10	63724390	Group D	rs7896246	0.755846345424652	-0.0077749808539769	0.0077749808539769	Group B
10:63778606:G:T	10	63778606	Group D	rs2278308	0.810091716051102	-8.45334229184432e-05	8.45334229184432e-05	Group D
10:64159333:G:T	10	64159333	T	rs3758490	0.572473767399788	-0.0010969309655688	0.0003210180278629001	Group D
10:64286215:A:C	10	64286215	C	rs7082733	0.338791951537132	0.0	0.0003854116547475	Group D
10:64388365:A:G	10	64388365	G	rs10995239	0.485731226205826	0.0	0.0013573944818641	Group D
10:64396921:G:A	10	64396921	Group D	rs10995250	0.779678571224213	-0.0034218393771913	0.0034218393771913	Group D
10:64445564:A:G	10	64445564	G	rs10761659	0.607929885387421	-0.0005025719134072	0.0026257747505186	Group D
10:64493222:A:C	10	64493222	Group D	rs224050	0.839122015237808	0.0024066823349338	0.0024066823349338	Group D
10:64503349:G:T	10	64503349	T	rs224063	0.548521637916565	0.0	0.0009164909744591	Group D
10:64565011:G:A	10	64565011	Group D	rs61744064	0.805593371391296	0.0035506626532301	0.0035506626532301	Group D
10:64566572:T:C	10	64566572	C	rs10995312	0.617717528343201	0.0	0.0072280155024473	Group B
10:64567364:C:T	10	64567364	Group D	rs1509964	0.783728593587875	0.0088747698650408	0.0088747698650408	Group B
10:64597993:C:T	10	64597993	T	rs10995324	0.382198116183281	0.0	0.0011634025100226	Group D
10:64620876:A:G	10	64620876	Group D	rs12415752	0.817109578847885	0.000224018416995	0.000224018416995	Group D
10:64927823:C:G	10	64927823	G	rs1935	0.146988716721535	-0.0027137943686362	0.0005560233510128001	Group D
10:65625814:C:A	10	65625814	Group D	rs10509199	0.772515630722046	-0.0012994454541015	0.0012994454541015	Group D
10:65855881:A:G	10	65855881	G	rs2671523	0.517309841513634	0.0	0.0005819737967455	Group D
10:65929545:C:T	10	65929545	Group D	rs7893379	0.767990678548813	-0.0018334738950801	0.0018334738950801	Group D
10:66865765:T:C	10	66865765	C	rs10996210	0.535291218757629	0.0	8.12923988961334e-05	Group D
10:67003854:C:A	10	67003854	A	rs7073035	0.449226838350296	-0.001085134393147	0.0006057789786805001	Group D
10:68726844:T:C	10	68726844	C	rs10997458	0.348686674237251	5.07383256393804e-05	0.0007925944623029196	Group D
10:68754907:T:C	10	68754907	C	rs1925609	0.483339327573776	0.0	0.0001124918940565	Group D
10:69812330:A:G	10	69812330	Group D	rs548787	0.829320180416107	-0.0007307583185336	0.0007307583185336	Group D
10:70031067:A:G	10	70031067	Group D	rs2241970	0.793246901035309	-0.0005399801759867	0.0005399801759867	Group D
10:70878347:G:A	10	70878347	A	rs12774307	0.36127844452858	0.0	0.0002645599160369	Group D
10:70985650:G:A	10	70985650	A	rs4746826	0.395647662878037	-0.0027467088636022	0.0003328724271882003	Group D
10:71099913:T:C	10	71099913	C	rs7072268	0.475863549113274	-0.0010037955910059	3.1160045282899954e-05	Group D
10:71100726:A:G	10	71100726	G	rs16926249	0.563710632920265	-0.0014311064711792	0.0010818793691024001	Group D
10:71400861:T:C	10	71400861	C	rs6480413	0.381968057155609	-0.001272367275033	0.0006236070598060999	Group D
10:71577319:G:A	10	71577319	A	rs10998983	0.679871201515198	0.0	5.47646414058253e-05	Group D
10:72436953:G:A	10	72436953	A	rs1345386	0.426535403728485	0.0011016747716837	0.0005041901036919999	Group D
10:72500763:T:C	10	72500763	C	rs10823607	0.418083640933037	-0.0028511593878739	0.0006101112436677002	Group D
10:72625741:A:G	10	72625741	G	rs10823631	0.361399886012077	-0.0018542696575882	0.0007652402318495998	Group D
10:72715960:A:G	10	72715960	G	rs1485997	0.577095732092857	-0.0001840560428776	0.0006326407389513999	Group D
10:73082563:A:G	10	73082563	G	rs2277257	0.215004323422909	0.0015882681512122	0.0002987918242625001	Group D
10:73111408:C:T	10	73111408	T	rs780668	0.392534178495407	-0.0039698465323264	0.0002386469820834002	Group D
10:73507645:T:C	10	73507645	C	rs1055518	0.690446829795837	0.0006678375570215	0.0005638453005114999	Group D
10:73522694:T:C	10	73522694	C	rs9415039	0.661737298965454	0.0076609520166095	0.0001231403033364999	Group D
10:73526202:G:A	10	73526202	A	rs2121538	0.520702883601189	0.0	0.0004644667929256	Group D
10:73537614:G:A	10	73537614	A	rs17712523	0.672772377729416	-0.0033159323903312	0.0004998674133528001	Group D
10:73540915:A:C	10	73540915	C	rs4746094	0.526404151320458	0.0	0.0002130640336468	Group D
10:73547131:C:T	10	73547131	T	rs12414911	0.452480873465538	0.0	0.0004042513544494	Group D
10:73643400:G:A	10	73643400	Group D	rs11000055	0.86180956363678	0.0001737308447031	0.0001737308447031	Group D
10:74261317:C:T	10	74261317	T	rs12356915	0.437231409549713	0.0	1.8098750757924e-05	Group D
10:74285299:C:T	10	74285299	Group D	rs7901986	0.772837972640991	0.0003290438582612	0.0003290438582612	Group D
10:74317852:T:G	10	74317852	G	rs1034290	0.46243608891964	0.0	0.0015360118419208	Group D
10:74451485:C:A	10	74451485	Group D	rs2921446	0.759124690294266	0.0027457249304324	0.0027457249304324	Group D
10:74490023:A:G	10	74490023	G	rs2921448	0.332366134226322	0.0	0.0005026861836656	Group D
10:75519322:T:C	10	75519322	Group D	rs10740418	0.757474797964096	0.000511090113	0.000511090113	Group D
10:75673101:T:C	10	75673101	C	rs2227564	0.718413716554642	0.0	8.08767702530267e-06	Group D
10:76446305:T:G	10	76446305	G	rs2395095	0.339159926772118	0.0	0.0003787485224643	Group D
10:76498953:A:G	10	76498953	Group D	rs2488088	0.881060934066773	-0.000200482519163	0.000200482519163	Group D
10:76818077:C:T	10	76818077	T	rs11594934	0.799792778491974	0.0	0.0003068158254993	Group D
10:77044113:G:C	10	77044113	C	rs74149419	0.605519104003906	0.0	0.0005082558009684	Group D
10:77456175:G:A	10	77456175	A	rs1909677	0.70711562037468	0.0	0.0002387288982101	Group D
10:77866150:T:C	10	77866150	C	rs7919901	0.268672147393227	0.0018248742013106	0.0005218921287355	Group D
10:78284024:C:T	10	78284024	Group D	rs2637251	0.739979189634323	0.0015949578425475	0.0015949578425475	Group D
10:78589532:A:G	10	78589532	G	rs10824449	0.311733794212341	-0.0005809568441433	0.001407071225093	Group D
10:78646536:G:T	10	78646536	Group D	rs2116830	0.734379005432129	-0.0003717909495131	0.0003717909495131	Group D
10:78695467:A:G	10	78695467	G	rs10762738	0.328260409832001	0.0	3.49479906393617e-05	Group D
10:78846605:T:C	10	78846605	C	rs12354965	0.4517019957304	0.0	0.0007232819177783	Group D
10:79374755:T:C	10	79374755	C	rs2670149	0.632459509372711	0.0	0.0001947008344766	Group D
10:79794073:C:A	10	79794073	A	rs7071351	0.828310889005661	0.0021080042390317	0.0004360923987191002	Group D
10:80168695:G:A	10	80168695	A	rs10824606	0.582761472463608	0.0	0.000121929597514	Group D
10:80222468:G:A	10	80222468	A	rs10740479	0.760022312402725	-0.0034704148320861	0.0033400462780885	Group D
10:80222818:C:T	10	80222818	T	rs2574693	0.561475151777268	-0.00075662347946	0.0012551622891471001	Group D
10:80390189:G:A	10	80390189	A	rs2559618	0.752362877130508	0.0015063905562064	0.001245224021566	Group D
10:80581481:G:A	10	80581481	A	rs10509402	0.713105529546738	0.0	0.0002726747948273	Group D
10:80872270:G:A	10	80872270	A	rs1628089	0.617473393678665	0.0	0.0003197414800297	Group D
10:80919676:C:T	10	80919676	Group D	rs703996	0.735182183980942	-0.0008428865268511	0.0008428865268511	Group D
10:80954686:G:A	10	80954686	A	rs697237	0.475978311896324	0.0001614546733469	0.00048801898414410004	Group D
10:81015896:C:T	10	81015896	T	rs11593576	0.635023498535156	0.0	0.0001645341555486	Group D
10:81043743:A:G	10	81043743	G	rs1108618	0.626526045799255	0.0030688046584059	0.0006418321504001998	Group D
10:81160150:C:T	10	81160150	T	rs4980073	0.473301103711128	0.0	0.0008464214714361	Group D
10:81172704:C:A	10	81172704	A	rs4980076	0.595277434587479	0.0	5.6902640313749e-05	Group D
10:82182296:G:A	10	82182296	Group D	rs1870142	0.74433861374855	-3.07694588194667e-05	3.07694588194667e-05	Group D
10:82450804:C:T	10	82450804	T	rs1559554	0.327904179692268	0.0008151010943599	0.0005280675340687999	Group D
10:82610365:T:C	10	82610365	C	rs2344722	0.445898818969727	0.0011166254262392	0.0006987046471901	Group D
10:83170239:G:A	10	83170239	A	rs17097620	0.318254253268242	0.0	0.0001008049402837	Group D
10:83555806:T:C	10	83555806	C	rs10786676	0.332114788889885	-0.0020279378530338	0.0006818717273689	Group D
10:85446730:G:A	10	85446730	A	rs12359780	0.359487050771713	0.0	0.0005961594860343	Group D
10:85672814:G:A	10	85672814	A	rs10788293	0.430134010314941	0.0038681249245818	0.0006754183456757	Group D
10:85730810:G:A	10	85730810	A	rs11200763	0.236877159774303	-0.0028815422713289	8.419057130230022e-05	Group D
10:88134257:G:T	10	88134257	T	rs12220079	0.644811934232712	0.0017838851961763	0.0007067854137255	Group D
10:89899843:A:G	10	89899843	G	rs7072702	0.298255428671837	0.0	0.000197545317598	Group D
10:90466296:C:T	10	90466296	T	rs12267931	0.47834714949131	7.69799675633739e-05	0.0006536395460588261	Group D
10:90512306:G:C	10	90512306	C	rs1214464	0.558499532938004	-0.0003928413513955	0.0015434928369238	Group D
10:90519392:G:A	10	90519392	Group D	rs303461	0.742515122890472	-0.001395271763835	0.001395271763835	Group D
10:90585138:T:C	10	90585138	Group D	rs4934423	0.853208756446838	0.0002522901414674	0.0002522901414674	Group D
10:90775629:A:G	10	90775629	G	rs2862833	0.247068823873997	0.0013060560089493	0.0006408344989965	Group D
10:90856844:G:A	10	90856844	A	rs10887908	0.587011802196503	0.0	0.0004684879418244	Group D
10:91066769:C:A	10	91066769	A	rs1727	0.737948960065842	0.0011763823829021	0.0005727754492488	Group D
10:91671645:C:T	10	91671645	T	rs2798616	0.29870236068964	0.0	0.0004360815469566	Group D
10:91715590:G:T	10	91715590	T	rs1343365	0.390492752194405	0.003940589475797	0.00037934788412249953	Group D
10:92066282:T:C	10	92066282	Group D	rs2419663	0.733290135860443	-0.000982675984057	0.000982675984057	Group D
10:92077274:C:A	10	92077274	A	rs11186122	0.411040794849396	0.0	0.0003633761824348	Group D
10:93077075:T:C	10	93077075	C	rs10748559	0.395657393336296	-0.000252519426288	0.0003808585788592	Group D
10:93713758:T:G	10	93713758	Group D	rs11186768	0.774123775959015	-0.005748957363711	0.005748957363711	Group B
10:93790523:A:G	10	93790523	G	rs1437	0.369017887115479	0.0	0.0045105353403778	Group B
10:93999850:A:G	10	93999850	Group D	rs3824734	0.797174060344696	0.0001913103087153	0.0001913103087153	Group D
10:94138239:A:G	10	94138239	G	rs7903767	0.202304443717003	0.0	0.0007915446078331	Group D
10:94547332:C:T	10	94547332	T	rs4244932	0.630345761775971	0.0	0.0003702427418392	Group D
10:94832128:G:A	10	94832128	Group D	rs11812460	0.78511688709259	0.0003313806667928	0.0003313806667928	Group D
10:95014938:G:A	10	95014938	A	rs12765326	0.352898564934731	0.0	0.0004266087251847	Group D
10:95279506:A:T	10	95279506	T	rs2293277	0.326098367571831	0.0	0.0012843108528385	Group D
10:95333063:A:G	10	95333063	Group D	rs9630085	0.855874270200729	0.0013119822082062	0.0013119822082062	Group D
10:95454681:G:C	10	95454681	C	rs2275438	0.282324902713299	0.0020436808174699	0.0004011522215659003	Group D
10:96114835:G:A	10	96114835	A	rs12572897	0.518474590778351	0.0006603404163518	0.0007205501990007	Group D
10:96493058:C:T	10	96493058	T	rs1126545	0.507295644283295	0.0082620868884968	0.0003025384796716008	Group D
10:96792328:G:A	10	96792328	A	rs1592037	0.242620345950127	-0.002300259175553	0.0006768792283438	Group D
10:97070661:G:A	10	97070661	A	rs1410601	0.628041315078735	0.0	0.0004640482788614	Group D
10:97111912:C:T	10	97111912	T	rs7914896	0.429772889614105	0.0	1.8956627180667e-05	Group D
10:97121968:C:T	10	97121968	T	rs7904517	0.385305780172348	0.0	7.35289715342922e-05	Group D
10:97668427:A:G	10	97668427	G	rs10882686	0.168369148671627	0.0	0.0007333805853872	Group D
10:97982575:A:C	10	97982575	C	rs4917723	0.651540946960449	0.0008155409415928	0.0004936461195229001	Group D
10:98116030:T:G	10	98116030	G	rs17479230	0.373004776239395	0.0	0.0008210903711508	Group D
10:98136250:G:A	10	98136250	Group D	rs3762096	0.734349054098129	0.0012320763263711	0.0012320763263711	Group D
10:98838694:C:T	10	98838694	T	rs2817683	0.373324134945869	-0.0010066784333749	0.0006198443247117001	Group D
10:98924600:G:A	10	98924600	A	rs41307074	0.634533888101578	0.0015056528331842	0.0013431353678786003	Group D
10:99116903:C:T	10	99116903	T	rs1048445	0.286510066688061	0.0058007066638942	0.0005565277119298001	Group D
10:99772404:G:A	10	99772404	A	rs563296	0.488810920715332	0.0	0.0003480460903187	Group D
10:101237890:C:A	10	101237890	A	rs2902267	0.569008731842041	0.0002779005656957	0.0006640353515173	Group D
10:101666475:T:C	10	101666475	C	rs7898374	0.721696150302887	-0.0018863710526033	0.00024304604274760018	Group D
10:102056745:C:T	10	102056745	T	rs2278842	0.219784973561764	0.0	0.000295060898058	Group D
10:102089663:C:T	10	102089663	T	rs569511	0.624147742986679	0.0048434008737249	0.0005691211412120001	Group D
10:102295836:C:G	10	102295836	G	rs2295778	0.891548013687134	-0.0009178190628776	0.0003923372068026001	Group D
10:102390727:A:C	10	102390727	C	rs2489015	0.331006294488907	0.0052569222662272	0.00028086586324830003	Group D
10:102401468:G:A	10	102401468	A	rs2495712	0.40704086124897	0.0004825827549947	0.0001884397367216	Group D
10:102667751:C:T	10	102667751	T	rs7902725	0.784486949443817	-0.0031550074743735	0.0015920258284755002	Group D
10:102783678:T:C	10	102783678	C	rs6584410	0.40579662322998	-0.0033548208846611	0.0005933116515789002	Group D
10:103537545:G:A	10	103537545	A	rs1348870	0.355125933885574	0.0	0.0006635295110334	Group D
10:103588734:A:G	10	103588734	Group D	rs1562364	0.837949401140213	1.2242666938849e-05	1.2242666938849e-05	Group D
10:103627885:G:C	10	103627885	Group D	rs61873589	0.750910329818726	-0.0018253868185472	0.0018253868185472	Group D
10:104162770:G:A	10	104162770	A	rs1056890	0.482411134243012	-0.0003842259652638	0.0004977664835731999	Group D
10:104572963:T:C	10	104572963	C	rs284860	0.252837133407593	-0.0005802826516831	0.00021002755562940002	Group D
10:104573017:G:T	10	104573017	T	rs284859	0.775773054361343	-0.0029373598074189	0.0009781236963318	Group D
10:105233110:C:T	10	105233110	T	rs2986035	0.534934800863266	0.0025326291207705	0.00023249962104439966	Group D
10:105525454:G:A	10	105525454	A	rs12415349	0.401211482286453	0.0	3.74071548760874e-05	Group D
10:105527521:C:T	10	105527521	Group D	rs12778775	0.811727023124695	0.0019661298510445	0.0019661298510445	Group D
10:105793750:T:C	10	105793750	C	rs17116350	0.489929440617561	-0.0019052795957184	0.00047442781380450006	Group D
10:106022789:C:A	10	106022789	A	rs4925	0.628173315525055	0.0028253151532507	0.0008822234651952002	Group D
10:106607780:C:T	10	106607780	T	rs1873306	0.541929495334625	-0.0003182596728066	0.0005349827538255001	Group D
10:106610839:A:G	10	106610839	G	rs1021363	0.460992443561554	0.0	0.0001651112363651	Group D
10:107679718:A:G	10	107679718	G	rs2644520	0.629287326335907	-0.0005716367763958	0.0004485546643257	Group D
10:108098213:A:G	10	108098213	G	rs6584740	0.355333068966866	0.0004823048248404	0.0007019092474935	Group D
10:108777092:G:A	10	108777092	A	rs7920985	0.415313425660133	0.0002914140190769	0.0006522246324338001	Group D
10:110139563:A:G	10	110139563	G	rs1041670	0.335853505134583	0.0	0.0003992751765054	Group D
10:110425809:A:G	10	110425809	G	rs17768016	0.550078594684601	0.0004104740789693	0.0011656173131683	Group D
10:112271467:C:T	10	112271467	Group D	rs915216	0.766748827695847	0.0011277777174973	0.0011277777174973	Group D
10:112277340:A:G	10	112277340	G	rs10884986	0.528193533420563	0.0	0.0007703078177873	Group D
10:112647195:C:T	10	112647195	T	rs10787287	0.334486556053162	-0.000788197271613	0.0005033351729486999	Group D
10:112678657:G:T	10	112678657	T	rs7895872	0.468477255105972	-0.0024977487169216	7.376245276219991e-05	Group D
10:112686323:C:T	10	112686323	T	rs7079511	0.199532060325146	-0.0010088596816195	0.00011726155732919995	Group D
10:112763385:G:A	10	112763385	A	rs11195400	0.505499216914177	-0.003263478736188	0.00013990719381349985	Group D
10:112860391:A:G	10	112860391	G	rs1343451	0.559176394343376	0.004718286060761	0.0003315680485479998	Group D
10:112908968:G:A	10	112908968	A	rs10787308	0.412621775269508	0.0	0.0001015476105122	Group D
10:114541618:G:A	10	114541618	A	rs1815239	0.395921981334686	0.0	0.0001937776966129	Group D
10:114859463:G:A	10	114859463	A	rs7085532	0.63298471570015	0.0	0.000139221015676	Group D
10:115328950:T:C	10	115328950	C	rs3862019	0.491653245687485	0.0003437847061708	0.0005219780913185	Group D
10:115405615:T:C	10	115405615	C	rs3127106	0.541557589173317	-0.0010190578157388	0.0002815139567302	Group D
10:115489167:G:A	10	115489167	A	rs2227309	0.335090544819832	0.0	5.85835575204214e-05	Group D
10:115613611:A:G	10	115613611	G	rs3829213	0.915094232559204	0.0	2.55609570040559e-05	Group D
10:115729981:G:A	10	115729981	A	rs151603	0.151057160645723	0.0	0.0004392538389235	Group D
10:115786611:G:T	10	115786611	Group D	rs72823015	0.777544814348221	-0.0019471286483305	0.0019471286483305	Group D
10:115922774:G:A	10	115922774	A	rs1061159	0.343555161356926	0.0010824754941464	0.00016661572622530011	Group D
10:116004968:G:T	10	116004968	T	rs11594961	0.353087556362152	0.0	0.0010205783634632	Group D
10:116048203:A:C	10	116048203	Group D	rs11196683	0.759988486766815	-0.0001296582572198	0.0001296582572198	Group D
10:116175677:A:G	10	116175677	G	rs4752697	0.4420628875494	0.0	0.0005080330962219	Group D
10:116186382:T:C	10	116186382	Group D	rs6585278	0.820597887039185	0.0014685568758981	0.0014685568758981	Group D
10:116224579:G:A	10	116224579	A	rs10510004	0.317801475524902	-0.0013355011017544	0.0006076874470948999	Group D
10:116428892:T:C	10	116428892	C	rs4752090	0.460944387316704	-0.0010583468056398	0.0008404213919777999	Group D
10:116730337:G:A	10	116730337	A	rs6585309	0.419623070955277	0.0015061103371177	0.0006553133720338998	Group D
10:118387282:A:G	10	118387282	G	rs11544712	0.736026847362518	-0.0001393279612629	0.000258516505613	Group D
10:118549144:G:A	10	118549144	A	rs3125620	0.406487527489662	-0.0007806224201638	0.00037438638181259986	Group D
10:118620996:G:A	10	118620996	A	rs2170862	0.13163468837738	0.0022286582328851	0.0005360991805924997	Group D
10:119193855:T:C	10	119193855	C	rs123276	0.494545868039131	0.0	0.0011869861078692	Group D
10:119199039:A:G	10	119199039	Group D	rs421892	0.870903789997101	0.0016245903216687	0.0016245903216687	Group D
10:119648854:G:A	10	119648854	A	rs10510038	0.443822464346886	0.0004260289259607	0.0005202922007741	Group D
10:119934864:A:G	10	119934864	G	rs703423	0.598423716425896	-0.0005170994593959	0.0004778153661656999	Group D
10:119980233:C:T	10	119980233	T	rs1638643	0.549790582060814	0.0	9.61923497305817e-05	Group D
10:120231084:C:T	10	120231084	T	rs2901161	0.525582382082939	0.0	0.0003552476397608	Group D
10:120491506:C:T	10	120491506	T	rs11593630	0.336274960637093	0.0	0.0008100911352945	Group D
10:120564785:G:C	10	120564785	C	rs11595332	0.403142413496971	-0.0007366834807936	0.0008378309869704	Group D
10:120571789:C:T	10	120571789	T	rs11198625	0.542195221781731	0.0015809591375773	0.0005288411611128999	Group D
10:120604209:A:G	10	120604209	G	rs10886323	0.40747581422329	0.0	0.0001818154169488	Group D
10:120762045:T:G	10	120762045	G	rs10787891	0.40759642124176	0.0	9.02879400186155e-05	Group D
10:120785463:C:T	10	120785463	T	rs608660	0.388185286521912	0.0010490416486959	0.0006981130892400999	Group D
10:120927544:T:G	10	120927544	G	rs3377	0.301019732654095	0.0015948183505785	0.0004867625058223	Group D
10:121041733:C:T	10	121041733	T	rs10510056	0.340299102663994	0.0008063449538008	7.563011370280003e-05	Group D
10:121052908:G:A	10	121052908	A	rs10128498	0.579908341169357	0.002380793641812	0.00021146748324400028	Group D
10:121077191:T:G	10	121077191	G	rs1556714	0.713040262460709	-0.0034839243644625	0.0008519813031835004	Group D
10:121390396:G:A	10	121390396	A	rs196267	0.501340174674988	0.0	0.0006225409269353	Group D
10:122190393:G:T	10	122190393	Group D	rs72834262	0.782121115922928	-0.0001027190352964	0.0001027190352964	Group D
10:122365160:C:T	10	122365160	T	rs4751793	0.476495689153671	0.0	0.0004637372008379	Group D
10:122796808:G:A	10	122796808	A	rs10886844	0.334239575266838	-0.0022307788139079	0.0004327904731555002	Group D
10:122802506:G:A	10	122802506	A	rs2420903	0.534948888421059	-0.0044986318514281	0.0004878010768958	Group D
10:123531822:C:T	10	123531822	Group D	rs10510104	0.776660865545273	0.0005193336862873	0.0005193336862873	Group D
10:124014643:G:A	10	124014643	A	rs12261981	0.398770132660866	-0.0001007903992649	0.000858043210178	Group D
10:124165615:G:A	10	124165615	A	rs6585827	0.440536695718765	0.0	0.0032133816593993	Group D
10:124167512:C:T	10	124167512	Group D	rs2421016	0.836298042535782	-0.0042537693556441	0.0042537693556441	Group B
10:124189197:A:G	10	124189197	G	rs1045216	0.586398905515671	0.0	0.0002271675268085	Group D
10:124214448:G:T	10	124214448	T	rs10490924	0.634285408258438	0.0	0.0015810995239267	Group D
10:124235355:G:C	10	124235355	Group D	rs2672587	0.88074187040329	0.0009932825528573	0.0009932825528573	Group D
10:125657207:T:G	10	125657207	Group D	rs34826867	0.736505174636841	0.0006309947757686	0.0006309947757686	Group D
10:125990442:C:T	10	125990442	T	rs10794191	0.385248756408691	0.0	0.0009004318634987	Group D
10:125990522:G:A	10	125990522	Group D	rs10901840	0.775196927785873	-0.0017980219834645	0.0017980219834645	Group D
10:126128552:T:C	10	126128552	C	rs1710563	0.552181455492973	4.92178266677246e-05	0.0004627336073926754	Group D
10:126260246:C:T	10	126260246	T	rs12264692	0.521271100640297	0.0	0.0001608971542592	Group D
10:126266756:G:A	10	126266756	A	rs4962386	0.572799122333527	0.0013569205085725	0.0006545442608944998	Group D
10:126319600:G:A	10	126319600	A	rs748129	0.713505285978317	0.0	0.0033314073429596	Group D
10:126346603:C:T	10	126346603	Group D	rs1006368	0.76831830739975	-0.0011028222254603	0.0011028222254603	Group D
10:126348274:A:G	10	126348274	G	rs10901799	0.763888490200043	0.0080881660982162	0.0040648552846045	Group B
10:126452042:A:G	10	126452042	Group D	rs11245357	0.793373471498489	0.0019249657263067	0.0019249657263067	Group D
10:126465862:A:G	10	126465862	G	rs4962405	0.515892726182938	0.0	0.0017832023515005	Group D
10:127495197:T:C	10	127495197	C	rs12251135	0.342893251776695	0.0	0.0004658104239148	Group D
10:127722422:A:G	10	127722422	Group D	rs7920091	0.774337112903595	-0.0002354263754953	0.0002354263754953	Group D
10:127824919:C:T	10	127824919	Group D	rs10794060	0.760411888360977	0.0011811751533698	0.0011811751533698	Group D
10:127958898:T:C	10	127958898	Group D	rs4559596	0.762803238630295	0.0013736452558491	0.0013736452558491	Group D
10:127974470:C:A	10	127974470	A	rs12220042	0.442021623253822	0.0	0.0011361499590218	Group D
10:128019025:C:G	10	128019025	G	rs3740199	0.0	0.0	0.0003322575449696	Group D
10:128244955:G:A	10	128244955	A	rs7917910	0.378314265608788	8.53872882872416e-05	0.0006152074295412585	Group D
10:128340976:C:T	10	128340976	T	rs11245078	0.614146268367767	0.0024415493017044	0.0007015954793308998	Group D
10:129339304:T:C	10	129339304	C	rs2050334	0.563077273964882	-0.0006612642538727	0.0006451519928118999	Group D
10:129586689:A:C	10	129586689	C	rs1926181	0.274013504385948	-0.0011914683987878	0.0009147853726842001	Group D
10:129653725:C:T	10	129653725	Group D	rs11018361	0.750255626440048	0.0011551266964693	0.0011551266964693	Group D
10:129834886:G:A	10	129834886	A	rs10764739	0.542361336946487	0.0010902933471329	0.0005266462307110999	Group D
10:130006499:G:T	10	130006499	T	rs1360788	0.442094397544861	-0.0019423997817009	0.0007677858498099002	Group D
10:130639298:T:G	10	130639298	G	rs4751013	0.445871531963348	-0.0019195226529902	0.0005069135688053998	Group D
10:130749583:G:A	10	130749583	Group D	rs17295016	0.736409991979599	0.0007913469187854	0.0007913469187854	Group D
10:130939105:T:C	10	130939105	C	rs7916199	0.621957504749298	0.0008295066106896	0.0005557904365078001	Group D
10:131583388:G:A	10	131583388	A	rs4750773	0.748813760280609	0.0027778202487503	0.0013970795560229	Group D
10:131601957:C:T	10	131601957	T	rs11016949	0.468100437521935	0.0001601076998583	0.0008124350575967	Group D
10:132178713:C:A	10	132178713	A	rs638840	0.558203765749931	0.0	0.0003295637789195	Group D
10:132191520:G:A	10	132191520	A	rs12253830	0.367713013291359	0.0	1.73254776143866e-05	Group D
10:132229271:T:G	10	132229271	G	rs359104	0.319812080264092	-0.0001732970511498	0.0004959435099621	Group D
10:132682729:T:C	10	132682729	C	rs4751295	0.591813951730728	0.0	0.0002060748323119	Group D
10:132709466:G:A	10	132709466	A	rs1073869	0.33173109292984	0.0	2.09927802367554e-05	Group D
10:133087349:C:T	10	133087349	Group D	rs2944520	0.752260154485703	0.0014306308513529	0.0014306308513529	Group D
10:133608237:G:A	10	133608237	A	rs4897783	0.605239909887314	-0.000393323544118	0.00014054846878270005	Group D
10:134013856:G:T	10	134013856	T	rs871883	0.35005991756916	-0.0014815812561202	0.00041820802735340014	Group D
10:134597211:A:G	10	134597211	G	rs3750579	0.636437302827835	-0.0003101846852738	0.0008510892064350001	Group D
10:134646988:C:T	10	134646988	T	rs4880433	0.577621525526047	0.0002308236013017	0.0005963984452324999	Group D
10:134907239:C:T	10	134907239	T	rs11101913	0.310174651443958	0.0	0.0005133561609285	Group D
11:303148:A:G	11	303148	G	rs7102856	0.207842865586281	0.0001639240501569	0.0007614569086517	Group D
11:353376:C:T	11	353376	T	rs11246114	0.659906762838364	0.0	0.0002807115045722	Group D
11:801631:T:TG	11	801631	TG	rs55974235	0.0	-0.0021301082121525	0.0003175200810387	Group D
11:829539:A:G	11	829539	G	rs28558789	0.656701040267944	-0.0011833440012785	0.0003356572792646	Group D
11:1081112:G:C	11	1081112	C	rs41345745	0.355002358555794	-0.0008675490789907	0.00025030566411989995	Group D
11:1101649:T:C	11	1101649	C	rs7480563	0.330925968289375	-7.54780842409515e-06	0.0005524139787978048	Group D
11:1837050:A:G	11	1837050	G	rs17835310	0.404837745428085	0.0	0.0002575165870021	Group D
11:1874072:G:A	11	1874072	A	rs907611	0.884691202640533	-0.0022321547060006	0.0016174688217804002	Group D
11:1892585:G:A	11	1892585	Group D	rs4980389	0.843722838163376	-0.0008242468653013	0.0008242468653013	Group D
11:2181073:G:A	11	2181073	A	rs3842752	0.657075476646423	0.0049032453720599	0.0005603464469316	Group D
11:2269704:T:C	11	2269704	C	rs7949152	0.412774714827538	-0.000804212892807	0.0004911316556335999	Group D
11:2439767:T:C	11	2439767	C	rs886277	0.350058001279831	0.0	0.0003195315818141	Group D
11:3111782:G:A	11	3111782	A	rs2412134	0.642362439632416	0.0051740058248303	0.0007040636128354998	Group D
11:3162394:C:T	11	3162394	T	rs4758538	0.352394762635231	-0.0027812171758404	0.0006022936174915	Group D
11:3263822:T:C	11	3263822	C	rs11026108	0.606113862991333	-0.0009297793103994	0.0007004772554401001	Group D
11:3659993:G:T	11	3659993	T	rs2271586	0.549925726652145	-0.0038599270453768	7.728491711929972e-05	Group D
11:3925776:A:G	11	3925776	G	rs7929653	0.271207356452942	0.00010278352253	0.0006129728464442	Group D
11:3974467:T:C	11	3974467	C	rs2958714	0.352255168557167	0.0	0.0006272622407403	Group D
11:3993231:A:G	11	3993231	Group D	rs10835407	0.741040712594986	-0.0008637790589444	0.0008637790589444	Group D
11:4187233:G:A	11	4187233	A	rs2044135	0.767287957668304	-0.0035528121736272	0.0015079399500754	Group D
11:4825225:A:G	11	4825225	G	rs7941731	0.366557228565216	0.0014200903768711	4.5791783554e-05	Group D
11:4945196:T:G	11	4945196	G	rs1378739	0.574167078733444	-9.71769574695747e-05	0.0001945789019036253	Group D
11:5232573:A:G	11	5232573	G	rs11036275	0.552706509828568	0.0014230991163735	0.0006570324135434999	Group D
11:5536852:A:G	11	5536852	G	rs2017434	0.483085677027702	0.0043103462693058	0.0002780242453814998	Group D
11:5718517:G:A	11	5718517	A	rs7935564	0.382937929034233	-0.0070127833167363	0.00026256995402589977	Group D
11:5842356:A:G	11	5842356	G	rs8181512	0.323500150442123	0.0	0.0003399840312314	Group D
11:6231731:C:T	11	6231731	T	rs10769671	0.426679781079292	0.0	0.0002768395692795	Group D
11:6648424:G:A	11	6648424	A	rs4758443	0.476501071453095	0.0038808000754963	0.0005726779208530997	Group D
11:6691762:T:C	11	6691762	C	rs11603631	0.696093022823334	-0.0017992813838761	0.0011510566053296	Group D
11:7313866:T:C	11	7313866	C	rs1487875	0.44455252289772	0.0	0.000380723553923	Group D
11:7712471:C:T	11	7712471	T	rs4509745	0.255027563869953	-0.0011489119533149	0.0004581130344994001	Group D
11:7949350:A:G	11	7949350	G	rs4758258	0.62597633600235	-0.0019072592710444	0.0006143546356273003	Group D
11:8037597:A:C	11	8037597	Group D	rs2280728	0.83073998093605	0.0008098654091098	0.0008098654091098	Group D
11:8646763:G:C	11	8646763	C	rs7935453	0.229919074475765	-0.0009961488301312	0.00031617740563079995	Group D
11:8710511:C:T	11	8710511	Group D	rs10840112	0.783051294088364	-0.0008124342287386	0.0008124342287386	Group D
11:8751889:C:G	11	8751889	G	rs3794153	0.719251084327698	-0.0006864907419783	0.000744007482153	Group D
11:10147968:T:C	11	10147968	C	rs12363292	0.542891755700111	0.0017610818151001	0.0008415954526310998	Group D
11:10478228:C:T	11	10478228	Group D	rs2071020	0.757728815078735	0.0006277756825739	0.0006277756825739	Group D
11:11119022:T:C	11	11119022	C	rs1027712	0.139391464740038	0.0	0.0006057404583234	Group D
11:11121857:A:C	11	11121857	Group D	rs4568998	0.367436590790749	-0.0001893297621248	0.0001893297621248	Group D
11:11122180:T:C	11	11122180	C	rs4500482	0.34871401488781	-0.0027693709564889	0.0006848860144752001	Group D
11:11123656:A:G	11	11123656	G	rs7116607	0.457475489377976	0.0	4.31046582680107e-05	Group D
11:11499176:T:C	11	11499176	C	rs6416094	0.422033309936523	0.0009306787639479	0.0009063521627298999	Group D
11:12292654:A:G	11	12292654	G	rs72867596	0.372470551729202	0.0	0.0002776349844124	Group D
11:13022404:A:G	11	13022404	G	rs4483574	0.638515400886536	0.0	8.58086068576547e-05	Group D
11:13044773:T:C	11	13044773	C	rs7106043	0.266395178437233	-0.000771011420421	7.784896353099993e-05	Group D
11:13119308:G:A	11	13119308	A	rs10766036	0.439866557717323	0.0017391758821507	0.0006926957520697	Group D
11:13211208:C:A	11	13211208	A	rs16912392	0.671754860877991	0.0	7.65997102879543e-05	Group D
11:13228736:C:A	11	13228736	A	rs10734211	0.45693992972374	0.0	0.0004092779181518	Group D
11:13514417:C:T	11	13514417	T	rs694	0.44376964867115	0.0019243708858114	0.0003711524602297001	Group D
11:14380998:G:A	11	14380998	Group D	rs11023197	0.771170276403427	-0.0003070284046325	0.0003070284046325	Group D
11:15689391:A:G	11	15689391	G	rs1385162	0.350636476278305	0.0	0.0003110073451902	Group D
11:16730733:A:G	11	16730733	G	rs1566579	0.286117196083069	-0.0011719907713588	0.0005008734577918999	Group D
11:17295046:G:T	11	17295046	T	rs214092	0.314025205373764	0.0	0.0005660622960772	Group D
11:17298814:A:G	11	17298814	Group D	rs214084	0.753393745422363	0.0019931288373556	0.0019931288373556	Group D
11:17631751:C:T	11	17631751	T	rs2041028	0.304313316941261	-0.0035837300009106	0.0005531811500181002	Group D
11:18047255:G:T	11	18047255	T	rs1799913	0.345705595612526	0.0	4.46755927627273e-05	Group D
11:18084182:C:T	11	18084182	Group D	rs11024460	0.740047234296799	0.0026784268593831	0.0026784268593831	Group D
11:18095815:G:A	11	18095815	A	rs7939791	0.460553136467934	0.0	0.001000017393556	Group D
11:18116894:A:G	11	18116894	G	rs964834	0.367661762237549	0.0	0.0007397963572673	Group D
11:18219240:T:C	11	18219240	C	rs1356979	0.56246888935566	0.0	9.33681918054225e-06	Group D
11:18231289:C:A	11	18231289	A	rs4757627	0.464063692092896	0.0015941273947375	0.0006105356153025001	Group D
11:18743180:C:G	11	18743180	G	rs10832975	0.614913898706436	-0.0014431768047102	0.0002079638489140001	Group D
11:19259115:G:A	11	19259115	Group D	rs11025067	0.770750707387924	-0.0013455169425133	0.0013455169425133	Group D
11:19278691:C:T	11	19278691	T	rs2553970	0.314001381397247	0.0005926118900174	0.0006333894053389999	Group D
11:19766712:C:T	11	19766712	T	rs7126318	0.345746105909348	0.0	0.0002792668943696	Group D
11:20275946:G:A	11	20275946	A	rs1520895	0.376058959960938	-0.0001271996610574	0.0004417043029388	Group D
11:22784849:G:A	11	22784849	Group D	rs10833809	0.754439783096314	-0.0015251367593953	0.0015251367593953	Group D
11:22791482:C:T	11	22791482	T	rs2009228	0.553122887015343	0.0	0.001522732957599	Group D
11:22881002:C:T	11	22881002	T	rs3213706	0.712065434455872	-0.0031868445362807	0.00047426103741639997	Group D
11:23245183:T:C	11	23245183	C	rs12362091	0.405750632286072	-0.0014438610714186	0.00028084904661739994	Group D
11:23436582:G:T	11	23436582	T	rs10834070	0.321776849031448	0.0	0.0001912177310658	Group D
11:23448534:A:G	11	23448534	G	rs2199471	0.354338669776917	-4.09519428175521e-05	0.0002376309478036479	Group D
11:23540006:A:G	11	23540006	G	rs11027271	0.359101188182831	0.0005172342879371	0.0009676986574535	Group D
11:23562348:G:T	11	23562348	T	rs6483963	0.581781500577927	0.0012007231585433	0.0003267824435448999	Group D
11:23564843:C:T	11	23564843	T	rs11027305	0.336429041624069	0.0025654051676232	1.9785464732700268e-05	Group D
11:23783338:G:A	11	23783338	A	rs4923127	0.225503492355347	-0.0010923538039682	0.0006249149777473998	Group D
11:25145290:C:A	11	25145290	A	rs12791995	0.371239590644836	0.0	0.0001308086367901	Group D
11:25376396:A:G	11	25376396	G	rs4528278	0.430234760046005	0.0	0.0002169593602392	Group D
11:26303474:G:A	11	26303474	A	rs7930530	0.268738430738449	3.74291448694993e-05	0.0009141688038755007	Group D
11:26586801:G:A	11	26586801	A	rs15783	0.498192116618156	0.0	0.0002088488122524	Group D
11:27860790:C:T	11	27860790	T	rs4923495	0.502299842238426	0.0037266734071237	0.0012713114511410002	Group D
11:28057957:T:C	11	28057957	C	rs10458896	0.325787055492401	-0.0008619480702155	0.00041060326824440005	Group D
11:28602221:A:G	11	28602221	G	rs2585817	0.484148660302162	-0.0022805209874858	0.0003321197628756	Group D
11:29823335:C:T	11	29823335	T	rs322623	0.710847169160843	0.0	0.000272722280168	Group D
11:30628538:A:G	11	30628538	G	rs294374	0.434892356395721	0.0	0.0002256231736302	Group D
11:30679680:G:A	11	30679680	Group D	rs294392	0.74102378487587	0.0010428858553486	0.0010428858553486	Group D
11:30758164:T:G	11	30758164	G	rs628029	0.383774042129517	0.0	2.630039468086e-05	Group D
11:30761557:G:T	11	30761557	T	rs582740	0.429018011689186	-0.0014295534699054	0.0004774558884640999	Group D
11:30774525:C:T	11	30774525	T	rs795230	0.423011702299118	-4.47116003596401e-05	1.6051368627602902e-05	Group D
11:31898539:A:G	11	31898539	G	rs11031505	0.48784496486187	0.0	0.0004380835956612	Group D
11:32292444:C:T	11	32292444	T	rs6484564	0.326655012369156	6.2376295421097e-05	0.0009442508428889029	Group D
11:32358747:G:T	11	32358747	T	rs11031723	0.381979677081108	0.0	0.0005222151432024	Group D
11:33757770:G:A	11	33757770	Group D	rs2273121	0.920033031702042	-0.0013397209323882	0.0013397209323882	Group D
11:33777334:C:T	11	33777334	T	rs1402954	0.723230063915253	-0.0036105062279867	0.0009031791938030999	Group D
11:33824173:G:A	11	33824173	A	rs1533801	0.480132588744164	0.0	0.0002729402204737	Group D
11:34220504:C:T	11	34220504	T	rs2467372	0.508372214436531	-0.0019627112099539	0.00040519563345660023	Group D
11:34266683:T:C	11	34266683	C	rs7105914	0.662177795171738	0.0	0.0001418486752895	Group D
11:34268267:A:G	11	34268267	Group D	rs11032575	0.744316691160202	0.0016337695985735	0.0016337695985735	Group D
11:34609541:C:T	11	34609541	T	rs10768081	0.675723087787628	-0.0009581589226313	0.0005623028128352001	Group D
11:35294186:A:G	11	35294186	Group D	rs3794102	0.843491011857987	0.0019990807040631	0.0019990807040631	Group D
11:35308783:C:T	11	35308783	T	rs3818275	0.425508540868759	0.0	0.0017117047766868	Group D
11:36049677:A:G	11	36049677	G	rs262435	0.42535634636879	0.0005741021438264	0.0015446549893023001	Group D
11:36079256:G:A	11	36079256	A	rs10768174	0.714428907632828	0.0	0.0002898014131984	Group D
11:36079538:G:A	11	36079538	Group D	rs904559	0.753201413154602	-0.0024985965932265	0.0024985965932265	Group D
11:36081144:G:A	11	36081144	A	rs4265577	0.334946569800377	-0.0030906465496025	0.0010582838019897	Group D
11:36293048:G:A	11	36293048	A	rs7107433	0.353875327110291	0.0	0.0005463995938692	Group D
11:36476372:C:T	11	36476372	T	rs1467166	0.668529009819031	0.0	0.0001778170854714	Group D
11:39442174:G:A	11	39442174	A	rs6485094	0.421428591012955	0.0	0.0004147211737263	Group D
11:40205141:C:T	11	40205141	Group D	rs4319506	0.763470566272736	-0.0006875052692989	0.0006875052692989	Group D
11:40218057:G:A	11	40218057	A	rs10837363	0.440328770875931	0.0001566478985083	0.0007890678328026001	Group D
11:40724570:G:A	11	40724570	A	rs10837481	0.38957793712616	7.08788079988493e-05	0.0005845388909344507	Group D
11:40738299:T:C	11	40738299	C	rs12366050	0.343203032016754	0.0002845939397466	3.307857393739996e-05	Group D
11:40982908:C:A	11	40982908	A	rs10768655	0.295351988077164	0.0010851514922292	0.0006344419804875999	Group D
11:41271950:G:A	11	41271950	A	rs7105234	0.318211343884468	-0.002062035398851	0.00014321273711529977	Group D
11:41324413:T:C	11	41324413	C	rs2958866	0.453887835144997	0.0	0.0005683338050999	Group D
11:41395452:G:A	11	41395452	A	rs768954	0.441344833374023	0.0	0.0003196951751325	Group D
11:41563764:G:A	11	41563764	A	rs7938549	0.211238338053226	-0.0006881175892267	0.0005340946026701	Group D
11:42602530:T:C	11	42602530	C	rs7111067	0.444241428375244	-0.0014294319840414	0.0006808502515914	Group D
11:43152325:G:A	11	43152325	Group D	rs7949504	0.767041289806366	0.0005264114760834	0.0005264114760834	Group D
11:44014531:C:T	11	44014531	Group D	rs7103415	0.774559962749481	0.0002661421319399	0.0002661421319399	Group D
11:44305553:T:C	11	44305553	C	rs9971516	0.63921537399292	0.0012174919549391	0.0011340705502568998	Group D
11:44496100:T:G	11	44496100	G	rs357924	0.287076906859875	0.0	0.0008002065840112	Group D
11:44505619:C:T	11	44505619	T	rs11601593	0.568680688738823	-0.0012623323266762	0.00021751992683849983	Group D
11:44615430:G:A	11	44615430	A	rs6485550	0.549564084410667	0.0	3.22394426249076e-05	Group D
11:44615699:C:T	11	44615699	T	rs7129118	0.539028337597847	-0.001016910349341	0.00120613791055	Group D
11:44664975:G:A	11	44664975	Group D	rs4604873	0.741781198978424	-0.0015032261255277	0.0015032261255277	Group D
11:44691091:A:C	11	44691091	C	rs7932189	0.41799618601799	-3.32117422443673e-05	0.0012963859502974327	Group D
11:44707924:C:T	11	44707924	T	rs11038109	0.316361448168755	0.0008503705563992	0.0007718975200074001	Group D
11:45131829:C:A	11	45131829	A	rs963698	0.370545876026154	0.0	0.0003060557049669	Group D
11:45297599:T:C	11	45297599	Group D	rs7124508	0.738130861520767	0.0003922957689773	0.0003922957689773	Group D
11:47306585:G:A	11	47306585	A	rs1051006	0.179095710813999	-0.0028462766167832	0.0001939625714291	Group D
11:47470345:G:A	11	47470345	A	rs34312154	0.663442546129227	-0.0006995342553369	0.00047161770323870004	Group D
11:47640429:G:C	11	47640429	C	rs1064608	0.3957434207201	0.006134867335491	0.00015599586313420032	Group D
11:48050995:A:G	11	48050995	G	rs7130876	0.61648845076561	-0.0030827816786984	0.0008461759922896994	Group D
11:48145166:G:A	11	48145166	A	rs2270993	0.326171177625656	-0.0014448988753091	0.0008829101164714	Group D
11:56143977:A:G	11	56143977	G	rs12272403	0.619123983383179	0.0041351656456495	0.00029216140513909977	Group D
11:56185689:A:G	11	56185689	G	rs7931261	0.382055941224098	0.0003188736146514	0.00031602169085639996	Group D
11:56510623:A:G	11	56510623	G	rs513873	0.336489593982697	0.001730993054903	0.00012334706269370005	Group D
11:57034749:A:C	11	57034749	C	rs10896597	0.355008268356323	0.0	0.0012849224034609	Group D
11:57056852:C:T	11	57056852	Group D	rs11605053	0.896343052387238	-0.0017094911860453	0.0017094911860453	Group D
11:57120621:T:C	11	57120621	C	rs10736683	0.261516363918781	0.0011720803704833	0.0007399088586410002	Group D
11:58169996:T:C	11	58169996	C	rs12279895	0.253555090725422	-0.0026601352262014	0.002628537768877829	Group D
11:58170342:C:T	11	58170342	T	rs11229411	0.26739921271801	-0.0007979537501444	0.0027976971356958	Group D
11:60173360:A:G	11	60173360	G	rs4938941	0.360003420710564	0.0066210957391541	2.360763265400051e-05	Group D
11:60182970:A:T	11	60182970	T	rs7131283	0.566606622934341	0.0011085541035973	0.00039336852362299984	Group D
11:60184191:G:A	11	60184191	A	rs3825020	0.720923089981079	0.0005493853108588	0.0003174853690588999	Group D
11:60265002:C:T	11	60265002	T	rs2298553	0.267511075735092	0.0004969800937118	0.0002633669987415	Group D
11:60495124:C:T	11	60495124	T	rs612342	0.309607610106468	0.0	0.0002292371042678	Group D
11:60565921:C:T	11	60565921	T	rs12419635	0.432973518967629	-3.38072915220558e-05	0.0007898195660201441	Group D
11:60776306:C:T	11	60776306	T	rs2074225	0.466125670075417	-0.0023318860372402	0.0004192917874506997	Group D
11:61417472:G:A	11	61417472	A	rs1692120	0.356624233722687	0.0001972633130298	0.0005348429588313999	Group D
11:61500487:C:T	11	61500487	T	rs198448	0.552017432451248	-0.000566805503297	0.0005532651332864001	Group D
11:61717337:G:C	11	61717337	Group D	rs972355	0.793383175134659	-0.0026145329904785	0.0026145329904785	Group D
11:61718036:G:A	11	61718036	A	rs2736597	0.516675052046776	0.0	0.0005065254161317	Group D
11:62192931:T:C	11	62192931	C	rs2509963	0.603736498951912	-0.0003421672091191	0.0009533661783896	Group D
11:64334114:C:T	11	64334114	T	rs2078267	0.696414113044739	0.0	0.000159323689628	Group D
11:64733678:A:G	11	64733678	G	rs240569	0.329492583870888	0.0	0.0002402187313937	Group D
11:65191208:C:G	11	65191208	Group D	rs512715	0.899176263809204	-0.0001145737237922	0.0001145737237922	Group D
11:65727301:A:G	11	65727301	G	rs491973	0.219849532842636	0.0	0.0002140572697604	Group D
11:66184140:G:A	11	66184140	Group D	rs2282529	0.773532330989838	-0.0003251445956624	0.0003251445956624	Group D
11:67405020:T:C	11	67405020	C	rs4930462	0.532263553142548	0.0	0.0006277336617715	Group D
11:67415054:C:T	11	67415054	Group D	rs2514036	0.773976123332977	0.0046586122774497	0.0046586122774497	Group B
11:67430762:T:C	11	67430762	C	rs1551886	0.326913294196129	0.001190504153016	0.0027994792393389997	Group D
11:68201295:C:T	11	68201295	T	rs3736228	0.633819377422333	-0.004418294561811	0.0006483258509214001	Group D
11:68705674:C:A	11	68705674	A	rs17612126	0.633639204502106	0.0	0.000144759682468	Group D
11:68831364:G:A	11	68831364	A	rs72928978	0.567307633161545	0.0	0.0007730210696709	Group D
11:68846399:A:T	11	68846399	T	rs35264875	0.589021560549736	0.0003097174198176	0.0004780259426222	Group D
11:68922043:A:G	11	68922043	Group D	rs72932540	0.818521279096603	0.0010392917392956	0.0010392917392956	Group D
11:68926522:C:T	11	68926522	T	rs12418948	0.483645775914192	0.0008276831882062	0.0005992583285644999	Group D
11:69234494:C:T	11	69234494	T	rs4980785	0.46347491145134	0.0002280195150023	0.000561050510909	Group D
11:69526026:A:G	11	69526026	G	rs11263534	0.446106892824173	0.0	0.0002520686812048	Group D
11:69993574:G:A	11	69993574	A	rs11235420	0.43081836104393	0.0	0.0008039330671901	Group D
11:70229171:G:A	11	70229171	A	rs552282	0.461089128255844	0.0004796630152602	0.00032114657726089996	Group D
11:70591329:G:A	11	70591329	A	rs2076825	0.473914974927902	0.0	0.0003934399697212	Group D
11:70795265:T:C	11	70795265	Group D	rs7101450	0.770474720001221	0.000729475063196	0.000729475063196	Group D
11:70860008:G:A	11	70860008	A	rs7933736	0.360316208004952	0.0	0.0008394712524822	Group D
11:70864556:T:C	11	70864556	Group D	rs72959509	0.735401248931885	-0.0018943581650978	0.0018943581650978	Group D
11:71150520:T:G	11	71150520	G	rs1790324	0.229032355546951	-0.0016541245102673	0.0007672887248493	Group D
11:71171003:G:A	11	71171003	A	rs12800438	0.577923882007599	0.0014697232183576	2.3993439431699943e-05	Group D
11:72581294:T:C	11	72581294	C	rs10898887	0.495082169771195	0.0	1.48718997488335e-05	Group D
11:72934728:G:T	11	72934728	T	rs4944831	0.343186616897583	0.0	0.0011359959386426	Group D
11:72946140:G:C	11	72946140	C	rs3741156	0.658811527490616	0.0018473631417487	5.337283932229991e-05	Group D
11:72948926:C:A	11	72948926	Group D	rs949141	0.78423570394516	0.0008064443085693	0.0008064443085693	Group D
11:72949747:C:T	11	72949747	T	rs11235689	0.632480221986771	-0.0007398094067754	0.0006133789140579	Group D
11:73020846:G:T	11	73020846	T	rs3741151	0.723002851009369	0.0084187927288498	0.0008422432480032997	Group D
11:73698060:G:C	11	73698060	Group D	rs591758	0.736540204286575	-0.0006145099140461	0.0006145099140461	Group D
11:74053547:C:T	11	74053547	T	rs592644	0.461045274138451	0.0001790665019528	1.0394776235500027e-05	Group D
11:74137551:C:A	11	74137551	A	rs612040	0.328985345363617	0.0	0.0005597969186159	Group D
11:74166278:G:A	11	74166278	A	rs9516	0.334915232658386	0.0005561234252972	0.0004953571005344001	Group D
11:74203308:T:A	11	74203308	A	rs586088	0.676643288135529	-0.0048254495730598	0.0004842160367892999	Group D
11:74235926:T:C	11	74235926	C	rs594484	0.511167198419571	-0.0013139982364174	0.0009431500125735	Group D
11:74559446:G:C	11	74559446	C	rs4944960	0.309073655307293	-0.0063086408828467	0.0005083039406082995	Group D
11:75036757:G:A	11	75036757	A	rs533085	0.560654130578041	-0.0010979113836306	0.0020944224952054	Group D
11:75062178:T:G	11	75062178	Group D	rs2510894	0.753545963764191	-0.0024815748906396	0.0024815748906396	Group D
11:75450445:C:A	11	75450445	A	rs11236513	0.622883182764053	0.0	0.0011630141811898	Group D
11:76047793:G:A	11	76047793	Group D	rs4945073	0.848806345462799	-0.0020794719199482	0.0020794719199482	Group D
11:76058080:G:T	11	76058080	T	rs10899209	0.550605902075768	0.0	0.0010155181514832	Group D
11:76368327:C:T	11	76368327	T	rs4945096	0.86648656129837	0.0017621614873843	0.0017605120313326297	Group D
11:76404415:G:A	11	76404415	A	rs4944118	0.577739292383194	0.0	0.0029851911372461	Group D
11:76413757:G:T	11	76413757	Group D	rs7101752	0.735541760921478	-0.0045480342190618	0.0045480342190618	Group B
11:76954788:T:TA	11	76954788	TA	rs34784710	0.0	-0.0009825105658394	0.0003057097410820999	Group D
11:77811196:G:T	11	77811196	T	rs10793285	0.360651978850365	-0.0006562496748013	0.0004916892370181	Group D
11:77825320:T:C	11	77825320	C	rs665278	0.583804827928543	0.0016999632730797	0.0005222912888837999	Group D
11:77865936:A:G	11	77865936	G	rs977978	0.298083743453026	0.000843957725945	0.0007005297725000001	Group D
11:78364513:A:G	11	78364513	G	rs3571	0.348404547572136	0.0009702485586452	0.0004948334982296999	Group D
11:78628762:T:C	11	78628762	C	rs11237658	0.58225040435791	0.0035290282510344	0.0007000055099164997	Group D
11:80308348:C:T	11	80308348	T	rs12574631	0.386895528435707	0.0	0.000399620305626	Group D
11:81585850:T:G	11	81585850	Group D	rs7947832	0.777096182107925	0.0015525906675526	0.0015525906675526	Group D
11:81624240:G:T	11	81624240	T	rs10501530	0.506134825944901	0.0	0.000247720638612	Group D
11:82413892:C:T	11	82413892	T	rs1021595	0.303951245546341	0.0018303143614705	0.0008810483928966999	Group D
11:82643760:G:T	11	82643760	T	rs7947780	0.580732828378677	-0.0015637171887795	0.0004467248185165999	Group D
11:83193813:G:A	11	83193813	A	rs17461216	0.20855950564146	0.0	0.0002871318102848	Group D
11:83620787:A:G	11	83620787	G	rs790356	0.517254385352135	0.0013485253698935	0.0004564350084686	Group D
11:84680391:A:G	11	84680391	G	rs3851173	0.658663302659988	0.0	0.0005959870900455	Group D
11:85565397:G:A	11	85565397	Group D	rs2028807	0.789941585063934	-0.0006603828877872	0.0006603828877872	Group D
11:86351500:G:T	11	86351500	T	rs10501627	0.541693395376205	-0.0013425466402863	0.0006683114101313002	Group D
11:86482912:T:C	11	86482912	C	rs12361769	0.466100296378136	0.0	1.62784682516917e-05	Group D
11:86625896:T:C	11	86625896	Group D	rs10898553	0.748950934410095	0.0003590008540279	0.0003590008540279	Group D
11:86724086:C:A	11	86724086	A	rs921872	0.524235606193543	-0.00034403965593	0.0006235356546521	Group D
11:87277924:G:A	11	87277924	A	rs4512880	0.339208799600601	0.0	0.0001469825458497	Group D
11:87819562:C:T	11	87819562	T	rs10831489	0.491339159011841	0.0	0.0002840153254288	Group D
11:87873232:C:T	11	87873232	T	rs1486872	0.160117372870445	0.0	0.0009493447458951	Group D
11:87908216:G:A	11	87908216	Group D	rs7102810	0.77912700176239	0.0039241870172537	0.0039241870172537	Group B
11:87908346:C:G	11	87908346	G	rs302647	0.71240513920784	-0.0016601193335335	0.00018816141199139982	Group D
11:88087357:C:T	11	88087357	Group D	rs7128352	0.744609868526459	-0.0007004096452966	0.0007004096452966	Group D
11:88312969:C:T	11	88312969	T	rs3899716	0.618816119432449	0.0	0.0001536470143339	Group D
11:88540359:T:C	11	88540359	C	rs993215	0.277249735593796	0.0005428686387357	0.0010064151524318	Group D
11:89656481:C:T	11	89656481	T	rs1913597	0.311275827884674	0.0	0.0006920111398016	Group D
11:89956588:G:T	11	89956588	Group D	rs3758758	0.903905409574509	-0.0001444980766063	0.0001444980766063	Group D
11:89970603:C:T	11	89970603	T	rs12789669	0.333337819576263	0.0027279817343864	1.719760044580033e-05	Group D
11:90594199:G:A	11	90594199	A	rs7101758	0.389162731170654	-0.0023835171411331	0.0004267269148003003	Group D
11:90643297:C:A	11	90643297	A	rs1524958	0.574469128251076	-0.0009209848722908	4.40390241799e-05	Group D
11:90678407:T:G	11	90678407	G	rs1917496	0.404787093400955	-0.0003509288761112	0.0003747114919789	Group D
11:90754928:A:G	11	90754928	G	rs10765421	0.457531926035881	-0.0005424496742407	0.00013186481265879994	Group D
11:91549126:A:C	11	91549126	C	rs7944203	0.29882600158453	0.0018835110992224	0.00046032002862839995	Group D
11:91800667:T:C	11	91800667	C	rs10741432	0.373666393756866	-0.0004222193159536	0.0005094007468925	Group D
11:92474936:A:G	11	92474936	G	rs3858366	0.394218209385872	0.0021427242591107	0.0005864073019569002	Group D
11:92742186:C:T	11	92742186	T	rs956267	0.320112130045891	0.0	0.0005952020738667	Group D
11:93070680:A:G	11	93070680	G	rs12419719	0.25324169844389	0.0003113016666194	0.0005581497751020001	Group D
11:93787758:A:G	11	93787758	G	rs7127348	0.214267800748348	0.0	0.0003066925989542	Group D
11:95257566:G:A	11	95257566	A	rs6483434	0.523100483417511	-0.0011041646529898	0.0006392321664648001	Group D
11:95309661:G:A	11	95309661	A	rs10831375	0.318558171391487	0.0008258620875307	0.0006373766185576999	Group D
11:95564259:A:G	11	95564259	G	rs644799	0.649606835842133	0.0	0.001090784640623	Group D
11:95657761:A:G	11	95657761	Group D	rs3808977	0.816414248943329	-0.001152402968571	0.001152402968571	Group D
11:97051784:C:T	11	97051784	T	rs1793382	0.439070805907249	0.0	9.22130182518643e-06	Group D
11:97494307:G:A	11	97494307	A	rs2051460	0.255172772705555	0.0	4.11163811146429e-05	Group D
11:98016655:A:C	11	98016655	C	rs2212689	0.247777786850929	-0.0017343210895816	0.0006338802756625001	Group D
11:98046989:T:G	11	98046989	G	rs11214229	0.406093907356262	0.0	9.95682789550479e-05	Group D
11:98427125:C:T	11	98427125	T	rs4129994	0.313602037727833	0.0	0.0002186280206143	Group D
11:99291165:T:C	11	99291165	C	rs10501907	0.309830901026726	0.0018801003859086	0.0008076445164294	Group D
11:99520831:A:G	11	99520831	G	rs587925	0.260845823585987	0.0	0.0001493808539432	Group D
11:99593788:G:T	11	99593788	T	rs7942402	0.380016028881073	0.0	1.16568991190938e-05	Group D
11:99609677:T:C	11	99609677	C	rs4582935	0.382333174347878	0.0002777852704731	0.0006788518302336	Group D
11:99670476:T:G	11	99670476	G	rs1301839	0.357552683353424	0.0	0.0003329679228566	Group D
11:100263456:A:G	11	100263456	G	rs1145414	0.380566349625587	0.0	0.0001929635141829	Group D
11:100421428:T:G	11	100421428	G	rs1939308	0.572893172502518	0.0	0.0004316465360726	Group D
11:100451995:C:T	11	100451995	Group D	rs11606531	0.765835708379746	-0.005747042936939	0.005747042936939	Group B
11:100456604:C:T	11	100456604	T	rs11224302	0.729761070013046	0.0	0.0013668473785011	Group D
11:100793689:A:C	11	100793689	Group D	rs11224514	0.752925878763199	-0.0012335748784876	0.0012335748784876	Group D
11:100830269:C:A	11	100830269	A	rs7933033	0.498095220327377	0.0	0.0011860739034649	Group D
11:101366474:G:A	11	101366474	A	rs10895121	0.483393850922585	-0.0002584310405305	0.00030396108313929997	Group D
11:101449358:G:A	11	101449358	A	rs4326755	0.276996351778507	0.0	2.90649595820659e-06	Group D
11:101668066:T:C	11	101668066	C	rs7104516	0.437029185891151	0.0	0.0006269989956916	Group D
11:101672001:T:C	11	101672001	C	rs4754022	0.335804563760757	-0.0003603734290817	0.00014286767692	Group D
11:101685752:T:C	11	101685752	C	rs4548585	0.415040749311447	-0.0003688143161031	0.00041639694740390004	Group D
11:101771381:G:A	11	101771381	A	rs3858419	0.405017679929733	0.0	0.0003477915519565	Group D
11:102183409:G:C	11	102183409	Group D	rs61893631	0.782032537460327	0.0014231802884743	0.0014231802884743	Group D
11:102248377:C:T	11	102248377	T	rs34510872	0.540941363573074	0.0	0.001866084610617	Group D
11:102663476:A:AG	11	102663476	AG	rs17884110	0.0	0.0	0.0001784153475028	Group D
11:102713620:T:C	11	102713620	C	rs679620	0.530635392665863	0.0005660028060684	0.00011825327624059997	Group D
11:102763604:C:T	11	102763604	T	rs1940937	0.530182749032974	0.0014926972020531	0.0009352756895417999	Group D
11:103326670:C:A	11	103326670	Group D	rs313872	0.471243190765381	-0.0013894357457775	0.0013894357457775	Group D
11:103328381:C:T	11	103328381	T	rs313867	0.429412296414375	-0.0002121134383537	0.0016543457434325	Group D
11:103339813:T:C	11	103339813	C	rs11225815	0.464789283275604	0.0018540655757126	0.00024256748986920007	Group D
11:103400158:T:C	11	103400158	Group D	rs11820878	0.770942062139511	1.118168104455e-05	1.118168104455e-05	Group D
11:104208916:A:G	11	104208916	G	rs11226310	0.471366181969643	0.0	0.0009064997091573	Group D
11:104405081:C:A	11	104405081	Group D	rs17432191	0.758303910493851	0.0019269888991615	0.0019269888991615	Group D
11:104958571:G:A	11	104958571	A	rs1699081	0.456824108958244	-0.00134466773407	0.0005122548242220001	Group D
11:105846387:C:T	11	105846387	T	rs669397	0.362601119279861	0.0003085026168951	0.00024594826756270003	Group D
11:105850090:A:G	11	105850090	G	rs3758790	0.528615975379944	-0.0024581524499107	0.00039506144229459975	Group D
11:106342366:G:A	11	106342366	Group D	rs2097179	0.775653856992722	0.0017183451397907	0.0017183451397907	Group D
11:106718739:T:C	11	106718739	C	rs7483731	0.304601058363915	-0.0010581869748069	0.00034308950915940017	Group D
11:106749042:G:A	11	106749042	A	rs6588933	0.32859562933445	-0.0004229894265182	0.0004777994009917	Group D
11:107798886:C:A	11	107798886	A	rs1532819	0.763231331110001	0.0001808852786377	0.0005647673007481	Group D
11:107849560:C:T	11	107849560	T	rs1847565	0.275090399384499	0.0	0.0002807053508356	Group D
11:108040484:G:T	11	108040484	T	rs34052882	0.618254417181015	0.0	0.0003400318793347	Group D
11:108338340:A:G	11	108338340	Group D	rs4753840	0.883760422468185	-0.0018961266318368	0.0018961266318368	Group D
11:108359161:G:A	11	108359161	A	rs4754317	0.260627228021622	0.0	0.0029345676984228	Group D
11:108368145:A:C	11	108368145	Group D	rs56393920	0.770473271608353	-0.0023574939404143	0.0023574939404143	Group D
11:108374130:A:C	11	108374130	C	rs12361570	0.670324021577835	0.0	0.0011597173348519	Group D
11:108384207:C:T	11	108384207	T	rs2846412	0.511655244231224	0.0003955103650674	0.0002715870225394	Group D
11:108452651:C:T	11	108452651	T	rs7105022	0.289336711168289	-0.0039267280901124	0.0003770985539564998	Group D
11:110052890:G:A	11	110052890	A	rs898845	0.457858818769455	0.0	0.0001205069125444	Group D
11:111369132:G:T	11	111369132	T	rs527847	0.391903004050255	-0.0007904252848451	0.0005690052780262999	Group D
11:111724133:C:T	11	111724133	T	rs10502151	0.292032858729363	-0.0001328053222251	0.0004111163277427	Group D
11:111941959:G:A	11	111941959	A	rs1425917	0.724922132492065	0.0	0.0002093581870175	Group D
11:113089249:A:G	11	113089249	G	rs662912	0.436513811349869	0.0	0.0008705010465258	Group D
11:113103996:T:G	11	113103996	Group D	rs584427	0.737255585193634	0.0027572019354635	0.0027572019354635	Group D
11:113113515:G:A	11	113113515	A	rs635596	0.673690211772919	-0.0041325181985342	0.0007187666884516993	Group D
11:113194168:A:C	11	113194168	C	rs723077	0.436249059438705	0.0	0.0003610618837832	Group D
11:113266821:G:A	11	113266821	A	rs7118900	0.494454905390739	0.0007161765810148	0.0005611590916472	Group D
11:113570385:C:T	11	113570385	T	rs11601425	0.650946336984634	0.0007086963446212	0.0009708285015484	Group D
11:113599224:T:C	11	113599224	C	rs1318296	0.34636107981205	0.0	0.0003234909712328	Group D
11:113653252:A:G	11	113653252	G	rs2459975	0.412995558977127	-0.0004331080581246	0.0005041542481351001	Group D
11:113724673:G:A	11	113724673	A	rs7126080	0.215056191384792	0.0030407278037117	0.0006850093493699998	Group D
11:113803028:A:C	11	113803028	C	rs1176744	0.541195261478424	0.0013170397626222	0.0001612780463196	Group D
11:114237791:G:A	11	114237791	Group D	rs477344	0.802253645658493	-0.0004135356929264	0.0004135356929264	Group D
11:114768266:G:A	11	114768266	A	rs2513480	0.408328634500504	-0.0037784172105332	0.0007618164790897	Group D
11:114788422:C:T	11	114788422	T	rs7936187	0.451242837309837	0.0	0.0005346634249195	Group D
11:115043888:C:A	11	115043888	A	rs10891802	0.418773853778839	0.000521382479392	0.0004255951891461	Group D
11:115044850:C:A	11	115044850	A	rs1048932	0.62256338596344	-5.18057968878084e-06	0.00019262637882981915	Group D
11:115568928:G:A	11	115568928	Group D	rs885259	0.742918229103088	-0.0002613151804902	0.0002613151804902	Group D
11:116235005:G:A	11	116235005	Group D	rs495430	0.807843446731567	0.0011009895550915	0.0011009895550915	Group D
11:117120998:T:G	11	117120998	G	rs1056136	0.430488374829292	0.0	0.0003787781437216	Group D
11:117312609:A:C	11	117312609	C	rs3894250	0.353458192944527	0.0	3.94698750203774e-05	Group D
11:117690918:A:C	11	117690918	C	rs11999	0.447671517729759	-0.0002703357278858	0.0008194677257198999	Group D
11:118081345:A:T	11	118081345	T	rs17121881	0.399944049119949	0.0027358812290392	0.0001967362357788	Group D
11:118754353:C:A	11	118754353	A	rs630923	0.876673972606659	-0.0045594017305693	0.0029831796577302998	Group D
11:118759610:T:G	11	118759610	G	rs566416	0.694381582736969	0.0	1.30900108635745e-05	Group D
11:118895686:C:T	11	118895686	T	rs8192696	0.466580307483673	0.0	0.0003483780869738	Group D
11:119299408:C:T	11	119299408	T	rs12417523	0.624820339679718	-0.0014143313147275	0.0009953367364437	Group D
11:119376672:A:G	11	119376672	G	rs891292	0.788517493009567	0.0044880385349099	0.0015937437867425998	Group D
11:119384450:C:T	11	119384450	T	rs11217304	0.575194212794304	0.0	0.0003288817677787	Group D
11:119472385:C:T	11	119472385	T	rs906820	0.43280827999115	0.0	0.0005208396732823	Group D
11:119742989:T:C	11	119742989	C	rs10892482	0.421651929616928	6.1253443771274e-05	0.000764318942421626	Group D
11:120223399:C:T	11	120223399	Group D	rs4938801	0.883662879467011	0.0018368328624781	0.0018368328624781	Group D
11:120343271:C:T	11	120343271	T	rs7939137	0.292244586348534	0.0	0.001327714742723	Group D
11:120347715:C:T	11	120347715	T	rs10892582	0.186809119582176	0.0	7.08663490602915e-06	Group D
11:120530973:C:T	11	120530973	T	rs6589829	0.71544913649559	-0.0011209319832442	0.0003253519563012001	Group D
11:120914370:T:C	11	120914370	C	rs7952619	0.221038529276848	-0.0030249891187872	0.0005176673431528996	Group D
11:120977529:G:A	11	120977529	A	rs684384	0.573403617739677	-0.0012944853525837	0.0003532043340094	Group D
11:121002972:G:A	11	121002972	A	rs10892674	0.543852898478508	0.0004171501224441	0.0006385891724667	Group D
11:121446059:C:A	11	121446059	Group D	rs4420280	0.815238219499588	0.000368305041199	0.000368305041199	Group D
11:121491307:C:A	11	121491307	A	rs10892760	0.603150904178619	0.000900875759306	0.0006697611396470999	Group D
11:121562716:C:T	11	121562716	T	rs11218381	0.289250454306603	0.0	0.0003020284930783	Group D
11:121977902:G:A	11	121977902	A	rs4121975	0.618281483650208	-0.0030906396286412	0.00046674726859089995	Group D
11:122014399:C:T	11	122014399	T	rs564037	0.542677909135819	-0.0008516900040087	0.00023082611701900002	Group D
11:122520253:T:C	11	122520253	C	rs1945390	0.494698417186737	0.0089429337936604	0.0008697925314547009	Group D
11:122578200:G:A	11	122578200	A	rs11218765	0.655503582954407	0.0	6.72265783258268e-06	Group D
11:122597367:A:G	11	122597367	Group D	rs41521949	0.763854449987412	0.0023905773466379	0.0023905773466379	Group D
11:122615921:A:G	11	122615921	G	rs11218792	0.831342643499374	0.0039200572801722	0.0017147997148383	Group D
11:122713558:C:T	11	122713558	T	rs3134423	0.450158548355103	0.0	0.0009392255881688	Group D
11:123351341:T:C	11	123351341	Group D	rs2846059	0.870222443342209	0.0004623435720445	0.0004623435720445	Group D
11:123361397:G:A	11	123361397	A	rs735665	0.690009731054306	0.0135072318896258	0.0009141807801061001	Group D
11:123395864:A:G	11	123395864	G	rs7927176	0.644164133071899	0.0	0.0001359566691006	Group D
11:123894234:A:G	11	123894234	G	rs11219413	0.411833393573761	0.0005980528819815	0.00020021837937990005	Group D
11:123917281:C:A	11	123917281	A	rs7119122	0.398541197180748	0.0	0.0003010266435361	Group D
11:124733377:T:C	11	124733377	C	rs7111513	0.329307717084885	4.66608618470331e-05	0.0007458224323847669	Group D
11:125440303:A:G	11	125440303	Group D	rs485284	0.800228011608124	-0.0003361412816593	0.0003361412816593	Group D
11:125443473:A:C	11	125443473	C	rs1284352	0.166748739778996	-0.0011510075072494	0.0008119772711768	Group D
11:125707761:A:C	11	125707761	C	rs11220236	0.391053247451782	-7.99086724879356e-05	0.0007966766246257644	Group D
11:125895397:G:A	11	125895397	A	rs10458992	0.324373066425324	0.0014251406652035	0.0002797577407429	Group D
11:125950182:G:A	11	125950182	A	rs77543606	0.714810568094254	0.0017927227467209	0.0009237301818774998	Group D
11:126306427:G:A	11	126306427	A	rs34589323	0.365848213434219	0.0	7.81837311183114e-05	Group D
11:126339435:A:C	11	126339435	C	rs7925175	0.544966492056847	0.0	4.85678922558356e-05	Group D
11:126401845:G:A	11	126401845	A	rs1784230	0.299927315115929	0.0003353544457319	0.00047874484824040003	Group D
11:126452369:A:G	11	126452369	G	rs4937154	0.474500015377998	0.0008039686834088	0.0005752552973735999	Group D
11:126678646:A:G	11	126678646	G	rs7938935	0.594149684906006	0.0002617100873252	1.1678138901499995e-05	Group D
11:126709400:G:T	11	126709400	T	rs12794371	0.647264909744263	0.0007440035329551	0.0003619049714804999	Group D
11:127057362:G:T	11	127057362	T	rs12288215	0.27284127175808	0.0	0.0008425464796977	Group D
11:127327721:T:C	11	127327721	C	rs1881475	0.3904770642519	0.0003117049169577	0.0007049929689446001	Group D
11:128099099:G:A	11	128099099	Group D	rs511713	0.753713774681091	0.0009241915819914	0.0009241915819914	Group D
11:128200831:G:A	11	128200831	A	rs7117754	0.442140892148018	0.0	0.0005272305413028	Group D
11:128201619:T:C	11	128201619	Group D	rs35043449	0.733281493186951	-0.0022134537431524	0.0022134537431524	Group D
11:128218297:G:A	11	128218297	A	rs7937445	0.371007654070854	0.0	0.0017468569993909	Group D
11:128347056:C:A	11	128347056	A	rs4937337	0.667537653446198	-0.0009256016413089	0.00028812298187109997	Group D
11:128403208:T:C	11	128403208	C	rs6590334	0.570541116595268	0.0032680570279077	0.0006040508590630998	Group D
11:128474091:G:A	11	128474091	Group D	rs11221386	0.740242880582809	0.0043786574128101	0.0043786574128101	Group B
11:128477169:C:T	11	128477169	T	rs11221390	0.499249863624573	0.0	0.0016728305414738	Group D
11:128492739:T:C	11	128492739	C	rs4937362	0.537627431750298	-0.0012575164329838	0.0011947498171246	Group D
11:128530961:A:G	11	128530961	Group D	rs612789	0.768727153539658	0.0004557042874716	0.0004557042874716	Group D
11:128643649:G:T	11	128643649	T	rs672578	0.500813522934914	0.0	0.0007797159559058	Group D
11:129462233:A:G	11	129462233	G	rs745382	0.428035336732864	0.0004187832714745	0.0005090083903708999	Group D
11:130070544:G:A	11	130070544	A	rs7938567	0.259481671452522	9.21113872402758e-05	0.0004947094534163242	Group D
11:130776524:T:C	11	130776524	C	rs4414223	0.480205690860748	0.0	3.93819986563963e-05	Group D
11:131138723:T:C	11	131138723	C	rs10894360	0.401234176754952	-0.0003136359280468	0.0003659209369526	Group D
11:131150123:C:T	11	131150123	T	rs10894363	0.341913866996765	-7.60887990537357e-05	0.00027693695044326427	Group D
11:131472178:A:C	11	131472178	C	rs1876224	0.577358517050743	0.0	0.0003112608312626	Group D
11:131472834:A:C	11	131472834	C	rs4936140	0.447711157798767	0.000901621997878	0.0003998293993446	Group D
11:131643145:G:A	11	131643145	A	rs1527776	0.540669625997543	0.0	0.0002510080657554	Group D
11:132826084:T:C	11	132826084	C	rs10894628	0.395543947815895	0.0	5.0193089919172e-05	Group D
11:134047676:G:A	11	134047676	A	rs11223722	0.12773789986968	0.0	0.0005387928711175	Group D
11:134488163:T:C	11	134488163	C	rs3019683	0.608560281991959	-0.0002431769707681	0.0005211231684383	Group D
11:134624738:C:T	11	134624738	T	rs7929855	0.578599590063095	0.0	0.000110547558886	Group D
11:134645637:A:G	11	134645637	G	rs7121326	0.39649775326252	0.0022673650489784	0.00045517109625590026	Group D
12:257695:T:G	12	257695	G	rs2270799	0.440857470035553	0.0	0.0002698690712762	Group D
12:301428:G:T	12	301428	T	rs518685	0.431218138337135	-0.000189785636603	0.0004143796354745	Group D
12:719236:T:C	12	719236	Group D	rs12227328	0.820626002550125	0.0033871630274466	0.0033871630274466	Group D
12:737230:G:A	12	737230	A	rs10849359	0.582864958047867	0.0	0.0030800520366044	Group D
12:751308:T:G	12	751308	G	rs1471132	0.229812002182007	0.0	0.0014373243545841	Group D
12:751753:C:T	12	751753	Group D	rs4980957	0.782433295249939	-0.0013134417964341	0.0013134417964341	Group D
12:832925:T:C	12	832925	C	rs1563619	0.415168678760529	0.0	0.0002516162731439	Group D
12:974355:T:TC	12	974355	TC	rs11441897	0.0	-0.0023574949004437	0.0001601329786573998	Group D
12:1237057:G:A	12	1237057	A	rs4372511	0.345171025395393	0.0005782178685888	0.0006490130485936001	Group D
12:1724200:C:T	12	1724200	Group D	rs3809270	0.753853911161423	0.0001701608251523	0.0001701608251523	Group D
12:1893650:C:A	12	1893650	A	rs9805049	0.469375267624855	0.0007960275741193	0.000608827211937	Group D
12:1929958:G:A	12	1929958	A	rs4765845	0.631520956754684	-0.0010439829360542	0.0003019303598295999	Group D
12:2165956:G:T	12	2165956	T	rs2299657	0.420306691527367	0.0030251605810773	0.0008488618554690001	Group D
12:3214565:T:C	12	3214565	Group D	rs880159	0.766753566265106	0.0018632550505499	0.0018632550505499	Group D
12:3240434:T:C	12	3240434	C	rs11610253	0.52837201654911	0.0	0.0011589078894563	Group D
12:3349272:G:T	12	3349272	Group D	rs3782802	0.867323327064514	0.0022372571259938	0.0022372571259938	Group D
12:4273336:T:C	12	4273336	Group D	rs10848993	0.778207135200501	-0.0009855871315161	0.0009855871315161	Group D
12:4277662:A:G	12	4277662	G	rs35452680	0.58937793970108	0.0009672318922291	0.0012653623380444	Group D
12:4411683:T:C	12	4411683	C	rs3217926	0.404444786906242	0.0006479098714823	0.00035623879657940003	Group D
12:4413000:T:C	12	4413000	C	rs3217933	0.608263862133026	-0.0002155287869017	0.000464050218684	Group D
12:4873163:G:T	12	4873163	T	rs1468556	0.61358208656311	0.0023702025700694	5.7950977428199765e-05	Group D
12:5018869:T:C	12	5018869	Group D	rs10774289	0.852390778064728	0.00137063562828	0.00137063562828	Group D
12:5086778:T:C	12	5086778	C	rs10774293	0.403561583161354	-0.0002587059102791	0.00043231627820529997	Group D
12:5239769:T:C	12	5239769	C	rs611652	0.242470742762089	-0.0036872477216672	0.0006020297898296999	Group D
12:5365243:C:T	12	5365243	T	rs11609025	0.298492753505707	0.000653088146855	0.0006392989112491	Group D
12:5906139:G:A	12	5906139	A	rs3782652	0.749337327480316	-0.0027766614064081	0.0013619669311221	Group D
12:6172202:T:C	12	6172202	C	rs1800378	0.56734966635704	-0.0023289849155554	0.00010421202157470015	Group D
12:6451590:A:C	12	6451590	C	rs4149570	0.775694519281387	-0.0058384767043005	0.0028931329589205004	Group D
12:6485661:T:C	12	6485661	Group D	rs3759324	0.784601593017578	-0.0006232977125121	0.0006232977125121	Group D
12:6488450:T:C	12	6488450	C	rs11064153	0.605160287022591	0.0	4.22368046848598e-06	Group D
12:6502131:T:G	12	6502131	G	rs2364482	0.572500967979431	0.0176983477968534	0.0010096702995159024	Group D
12:6562293:C:T	12	6562293	T	rs2041385	0.560345533490181	0.0031244705418446	0.00017708104002570014	Group D
12:6580365:T:C	12	6580365	C	rs10849465	0.523020964860916	0.0	0.000249958522388	Group D
12:6639981:C:G	12	6639981	G	rs2240871	0.587936365604401	-0.0006255354351553	0.00022844393267899994	Group D
12:6887020:T:C	12	6887020	C	rs870849	0.391512235999107	-0.0004792381806116	0.00016337869362959999	Group D
12:6948468:T:C	12	6948468	C	rs1129649	0.0	-0.0008743544507837	0.0002902688218980999	Group D
12:7585971:A:G	12	7585971	G	rs10845159	0.0	0.000240926485925	0.0002848734772473	Group D
12:7856726:T:C	12	7856726	C	rs12582518	0.0	0.0013392262210747	0.0007798726807865001	Group D
12:8667897:A:G	12	8667897	G	rs4304840	0.0	0.0010002387487643	0.0006562969779604999	Group D
12:8845493:A:G	12	8845493	G	rs11616092	0.0	0.0	0.0005716933086006	Group D
12:8971968:T:C	12	8971968	C	rs4433626	0.0	-0.0032560009827766	0.00036462122280820014	Group D
12:9811948:A:G	12	9811948	G	rs11052241	0.0	0.0	0.0001732738580067	Group D
12:9822387:C:G	12	9822387	G	rs16914640	0.0	0.0	0.0001262197120208	Group D
12:9833524:C:G	12	9833524	Group D	rs3764022	0.0	0.0011712484860201	0.0011712484860201	Group D
12:9885707:A:ATAAGT	12	9885707	ATAAGT	rs71045297	0.0	0.0121806563081872	5.317764885389917e-05	Group D
12:9896639:G:A	12	9896639	A	rs7312624	0.0	3.10260111403012e-05	0.0011832150389227988	Group D
12:9897434:G:A	12	9897434	A	rs10772104	0.0	0.0095779022676492	0.0007506373143565011	Group D
12:9899509:A:G	12	9899509	G	rs4763865	0.0	0.0029087296980229	0.0015411616839993004	Group D
12:9910164:G:A	12	9910164	A	rs4763879	0.0	-0.0086935177576723	0.0016899917869329997	Group D
12:9917106:A:C	12	9917106	C	rs3176774	0.0	-0.0006067367696556	0.00038534704925640003	Group D
12:9923113:T:C	12	9923113	C	rs724666	0.0	-0.0115080106713119	0.0004915259991941992	Group D
12:9924912:G:T	12	9924912	T	rs10772132	0.0	-0.007051499329168	0.0003867468479960001	Group D
12:10496066:C:T	12	10496066	T	rs10772264	0.222419276833534	0.0	0.0003591427748437	Group D
12:10640984:C:T	12	10640984	T	rs10734834	0.215217140316963	0.0	3.23016530034612e-05	Group D
12:10711901:C:T	12	10711901	Group D	rs12817665	0.757370680570602	0.0005797753488155	0.0005797753488155	Group D
12:11928097:T:C	12	11928097	C	rs2723829	0.608447372913361	0.00442654670653	0.0006906041759569999	Group D
12:12040381:G:A	12	12040381	A	rs2239173	0.54493987262249	-0.0007620452776524	0.0005444420407608999	Group D
12:12114780:G:A	12	12114780	A	rs7312361	0.347834423184395	0.0	0.0003489342515008	Group D
12:12123149:G:A	12	12123149	A	rs12229243	0.408581385016441	0.0	0.000217403532226	Group D
12:12247594:A:G	12	12247594	G	rs11054682	0.530077683925629	0.0	0.0002074492023259	Group D
12:12301898:C:T	12	12301898	T	rs2302685	0.666169452667236	0.00090618492147	0.0005264372319197999	Group D
12:12495959:C:T	12	12495959	Group D	rs3741800	0.766957455873489	0.0014808956573702	0.0014808956573702	Group D
12:12767261:C:A	12	12767261	A	rs10845590	0.539570170640945	-5.60452885619965e-05	0.00013135050694880351	Group D
12:12834186:C:T	12	12834186	T	rs9971854	0.342812442779541	0.0017855425109163	0.00043297255004370004	Group D
12:12879254:T:G	12	12879254	G	rs7956514	0.819817239046097	0.011175975754502	0.00015778270358590002	Group D
12:13533981:T:C	12	13533981	C	rs11055394	0.221177560091019	0.0	0.0006735065888926	Group D
12:14902093:A:C	12	14902093	C	rs1362599	0.253384120762348	0.0	0.0017031293885123	Group D
12:14921740:C:T	12	14921740	T	rs247326	0.814726209640503	0.0051752362716733	0.0026373823810452	Group D
12:14966165:G:A	12	14966165	A	rs7963212	0.464417469501495	0.0	0.0003330410266948	Group D
12:16276559:T:C	12	16276559	C	rs10846293	0.271867264807224	0.0011949170382206	0.0004989469378917999	Group D
12:16397734:C:A	12	16397734	A	rs1852450	0.361022028326988	-7.33941411967418e-05	0.00019931073096775818	Group D
12:16743217:A:G	12	16743217	G	rs2058799	0.463769227266312	0.0014392607193247	0.0005354708660204998	Group D
12:16940720:A:G	12	16940720	G	rs10492195	0.629089063405991	0.0001460738766095	0.0005225877482606	Group D
12:17311076:C:T	12	17311076	T	rs1398589	0.370791032910347	-0.0007128596788573	0.0007553652746055	Group D
12:17786874:T:C	12	17786874	C	rs1865939	0.294819723069668	-1.13776627827478e-06	4.252753688465282e-05	Group D
12:17796183:G:A	12	17796183	A	rs2467149	0.366827860474587	-3.21210626858016e-05	0.0007174906488015984	Group D
12:18789007:C:A	12	18789007	A	rs621042	0.376125958561897	0.0	0.0003761312520746	Group D
12:19177711:C:T	12	19177711	T	rs1514828	0.451366856694222	0.0022442519288451	0.0009270682624459002	Group D
12:19814859:A:G	12	19814859	G	rs11610862	0.351866775751114	0.0	0.0002877699806818	Group D
12:20521654:C:A	12	20521654	A	rs10841496	0.662155091762543	0.0	0.0001593576054775	Group D
12:21328242:A:G	12	21328242	G	rs4149038	0.441148713231087	-0.0023544370797284	0.0009628374109669998	Group D
12:21329738:A:G	12	21329738	G	rs2306283	0.472405579686165	-0.0025931305700001	0.00014798959584469982	Group D
12:21331549:T:C	12	21331549	C	rs4149056	0.700560635328293	-0.0013213468735963	7.390890628949996e-05	Group D
12:21713402:T:C	12	21713402	C	rs2306180	0.627425485849381	0.0	0.0002968107434812	Group D
12:22435394:T:G	12	22435394	G	rs2012722	0.784442782402039	-0.0036909000317023	0.0016405904096106999	Group D
12:23190274:T:C	12	23190274	C	rs10160967	0.388146671652794	0.0037542461253066	0.0005812561975256998	Group D
12:23548797:A:C	12	23548797	C	rs2218451	0.768948704004288	0.0014934890200337	0.001291195072841	Group D
12:24203591:A:G	12	24203591	G	rs7961391	0.489713767170906	0.0	0.0008790438565202	Group D
12:24403751:C:T	12	24403751	Group D	rs939855	0.739599949121475	0.0016015852595376	0.0016015852595376	Group D
12:24514180:G:A	12	24514180	Group D	rs521144	0.780201017856598	0.0005787734283327	0.0005787734283327	Group D
12:24858612:G:A	12	24858612	Group D	rs9668677	0.782933747768402	0.000393746584245	0.000393746584245	Group D
12:25074163:T:C	12	25074163	C	rs10842427	0.505328372120857	0.0	0.0003713209804795	Group D
12:25215191:G:T	12	25215191	T	rs10842453	0.481401047110558	0.0001843939838536	0.0003675316358432001	Group D
12:25252178:C:A	12	25252178	A	rs7960092	0.278309673070908	0.0021205420722308	0.0004745353603673001	Group D
12:26227684:C:T	12	26227684	T	rs7138742	0.650594520568848	0.0	0.0002653245580897	Group D
12:26363903:A:C	12	26363903	C	rs2291138	0.260425311326981	-0.000406900694898	0.0005484819911532	Group D
12:26800201:A:G	12	26800201	Group D	rs4142696	0.761181974411011	0.0005605542228797	0.0005605542228797	Group D
12:26834804:T:TACTC	12	26834804	TACTC	rs111626763	0.0	0.0030995467061658	0.00027835119608129967	Group D
12:26872730:T:C	12	26872730	Group D	rs12823128	0.733565074205399	0.0001258015113299	0.0001258015113299	Group D
12:27234999:T:C	12	27234999	C	rs708167	0.920008665323257	0.0001683396303324	0.0005275190629841	Group D
12:27983388:A:G	12	27983388	G	rs2347227	0.540255674719811	-0.0009618054174559	0.00036582951722109996	Group D
12:28005654:G:A	12	28005654	A	rs258396	0.152802370488644	0.0047085274657386	0.00032924228681989985	Group D
12:29594071:T:C	12	29594071	C	rs10743666	0.182856690883636	-0.0002983252696461	0.00033911496719660005	Group D
12:29627527:G:A	12	29627527	A	rs880133	0.296841904520988	0.0006160344134771	0.00011523867929409996	Group D
12:29648275:G:A	12	29648275	A	rs10843438	0.440010380744934	0.0012383773880779	0.0001873141344429	Group D
12:29940953:C:T	12	29940953	T	rs302344	0.605934399366379	-9.89630617518018e-05	0.0005382273094623983	Group D
12:31002485:G:A	12	31002485	Group D	rs4930939	0.743819665908814	0.0066956511816175	0.0066956511816175	Group B
12:31003815:C:A	12	31003815	A	rs12299440	0.515563467144966	0.0	0.0042862101663222	Group B
12:31030037:T:C	12	31030037	C	rs33233	0.294126100838184	0.0	0.0007498836289562	Group D
12:31054860:G:A	12	31054860	A	rs244504	0.563585516810417	-0.0001850817187666	0.00088321980364	Group D
12:31125834:G:A	12	31125834	A	rs12824513	0.41597158908844	0.0002222605521517	0.0006281968206683001	Group D
12:31250875:G:C	12	31250875	C	rs74912343	0.0	0.000745980987542	0.0005159918265889999	Group D
12:31782877:G:A	12	31782877	A	rs3850970	0.451967626810074	0.0	0.0005697074621325	Group D
12:31885703:A:G	12	31885703	Group D	rs10771865	0.790743046998978	0.0003400268189044	0.0003400268189044	Group D
12:31890602:G:A	12	31890602	A	rs11051552	0.588811314105988	0.0	0.0004308505342404	Group D
12:31965287:T:C	12	31965287	C	rs7301026	0.44907214641571	0.0	0.0002749619767795	Group D
12:31988480:A:G	12	31988480	Group D	rs11051622	0.823153424263001	-0.0013956124867822	0.0013956124867822	Group D
12:32627997:A:G	12	32627997	G	rs7979525	0.491524228453636	0.0003323515058703	0.0005492890383688	Group D
12:33378601:T:C	12	33378601	C	rs1457678	0.463984045386314	0.0025890672787613	0.0006896185239363001	Group D
12:34081127:A:G	12	34081127	G	rs3898966	0.269832280278206	0.0	0.0004598907742878	Group D
12:34680008:C:T	12	34680008	Group D	rs9739246	0.7532854616642	-0.0003413125883711	0.0003413125883711	Group D
12:37969194:C:T	12	37969194	T	rs2127955	0.641031014919281	0.0	0.0030127890228876	Group D
12:38060546:C:A	12	38060546	Group D	rs11495519	0.753969264030457	-0.003212218897596	0.003212218897596	Group D
12:39508651:C:T	12	39508651	T	rs2060614	0.370763266086578	0.0	0.0001692203563775	Group D
12:39535140:G:A	12	39535140	A	rs11170856	0.725162363052368	0.0	9.83182495163321e-06	Group D
12:39579451:G:A	12	39579451	A	rs4768624	0.548224386572838	0.000859651412988	0.0008502213158091999	Group D
12:39806736:T:G	12	39806736	Group D	rs17558692	0.735640126466751	0.0002417703538632	0.0002417703538632	Group D
12:40758652:T:C	12	40758652	C	rs3761863	0.232324135303497	0.0014622466214515	0.0002483934265002999	Group D
12:43066023:T:G	12	43066023	G	rs4480597	0.459488934278488	0.0	0.0005300693818745	Group D
12:45018995:G:A	12	45018995	A	rs2218943	0.538655945658684	0.0	0.0002174102620374	Group D
12:46321514:A:T	12	46321514	T	rs7315731	0.444342571496964	-0.0003534865072644	0.00039118741991380005	Group D
12:46749088:A:G	12	46749088	G	rs4768698	0.62733793258667	0.0	0.0017827115128134	Group D
12:46757985:T:C	12	46757985	C	rs3782904	0.489972084760666	0.0	0.0001663652227247	Group D
12:46759136:T:C	12	46759136	Group D	rs7968283	0.744993144273758	0.0047289742713654	0.0047289742713654	Group B
12:46822904:T:G	12	46822904	G	rs12813763	0.46839112341404	0.0	0.0023480000993754	Group D
12:47267140:A:G	12	47267140	G	rs2465602	0.343574038147926	-0.0020531738453734	0.0005126365876179	Group D
12:47542807:T:C	12	47542807	C	rs1525452	0.410849717259407	-0.000594714991824	0.0007623870076536	Group D
12:47548864:A:G	12	47548864	G	rs17222290	0.617759531736374	-0.0029520676928237	0.0004554961248533001	Group D
12:47582724:C:T	12	47582724	Group D	rs10881069	0.921871429681778	-0.0008451696003596	0.0008451696003596	Group D
12:48007475:C:A	12	48007475	A	rs622098	0.356829485297203	-0.0016672190086951	0.0006460471163817999	Group D
12:48134695:T:C	12	48134695	C	rs2074533	0.640090435743332	-0.0024496798849825	9.270788383700015e-05	Group D
12:48296268:C:T	12	48296268	T	rs7299460	0.502680459618568	-0.0004404217488476	0.0008433217871756999	Group D
12:48596484:A:T	12	48596484	T	rs75413005	0.564109063148499	0.0	0.0005201467514936	Group D
12:48736985:T:G	12	48736985	G	rs2732481	0.571251511573792	-0.0008253597630846	0.0008804771396817	Group D
12:48888594:C:T	12	48888594	T	rs11458	0.218014945089817	0.0040283357899718	0.0009888120284880005	Group D
12:48919659:T:C	12	48919659	C	rs4075258	0.326146355271339	0.0010531891066496	0.00010947155173759993	Group D
12:49048738:G:T	12	49048738	T	rs3741628	0.432987079024315	-0.0007084637518773	0.00040966043000419995	Group D
12:49065727:T:C	12	49065727	C	rs7303113	0.629160338640213	-0.0047962291616875	0.00020112395649809958	Group D
12:49931585:T:C	12	49931585	Group D	rs11169063	0.753066378831863	-0.0007070046600943	0.0007070046600943	Group D
12:50727706:G:C	12	50727706	C	rs6580741	0.36069763302803	0.0045226286595912	0.00010061526433069977	Group D
12:51203371:C:T	12	51203371	T	rs1129406	0.591979569196701	0.0029824428514107	0.00034977313918270036	Group D
12:51707626:C:T	12	51707626	T	rs7312857	0.242470616102219	0.0	0.0017646250327555	Group D
12:51716766:G:A	12	51716766	A	rs4762045	0.766647219657898	0.0039598248476632	0.0026279264746823998	Group D
12:51754629:A:G	12	51754629	G	rs2241545	0.48660227060318	-0.0001345507769816	0.0006696934755855	Group D
12:52625918:G:T	12	52625918	T	rs3809173	0.556965488195419	0.0	6.02417724237241e-05	Group D
12:52639302:G:C	12	52639302	C	rs2608009	0.819256800413132	0.0	3.15211775909985e-05	Group D
12:52788928:G:A	12	52788928	A	rs2658658	0.474031817913055	-0.001470894243735	0.00018144266967990005	Group D
12:52807280:C:T	12	52807280	T	rs395871	0.368712973594666	0.0	0.0001720956866731	Group D
12:53045626:T:C	12	53045626	C	rs2634041	0.709096527099609	0.0	0.0003622565535028	Group D
12:53186088:G:C	12	53186088	C	rs3887954	0.35673448741436	0.0	0.0003735550924257	Group D
12:53363015:A:C	12	53363015	C	rs2682323	0.324956133961678	0.0	0.0001545539631247	Group D
12:54101858:C:A	12	54101858	A	rs10506316	0.330016276240349	0.0	0.0001404626053331	Group D
12:55351215:C:T	12	55351215	T	rs1463652	0.239438590407372	0.003439373097602	0.0007275324360766994	Group D
12:55641255:C:T	12	55641255	T	rs4522268	0.305072256922722	0.0002254924270601	0.00017987026124010002	Group D
12:56478002:A:C	12	56478002	C	rs10876870	0.222025018930435	3.99541772411134e-06	0.0005901119014513887	Group D
12:56822378:T:A	12	56822378	A	rs774027	0.233200365304947	-0.0013474480326016	0.0004071171872625	Group D
12:57146069:T:G	12	57146069	G	rs2277339	0.711689502000809	0.002465628216603	0.0005645741635674001	Group D
12:57843711:G:A	12	57843711	A	rs2229357	0.689222288131714	-0.0012048082810439	0.0007939875503623999	Group D
12:57977003:C:T	12	57977003	T	rs775249	0.602216118574143	0.0	5.89945179747302e-05	Group D
12:58015494:G:A	12	58015494	A	rs923828	0.296984484791756	-0.0018138561890295	0.00017592556285000007	Group D
12:58017701:T:G	12	58017701	G	rs7314152	0.430083882808685	0.0020635593859419	2.4197870013399972e-05	Group D
12:60215034:G:A	12	60215034	A	rs2365315	0.524311763048172	-0.0017037058058338	0.00047266755329559984	Group D
12:60235601:T:C	12	60235601	C	rs12303235	0.495627290010452	0.0003682495115065	0.0005697858918423	Group D
12:60252000:A:G	12	60252000	G	rs12231727	0.504692760109901	0.0	9.34121823085274e-05	Group D
12:61412507:C:A	12	61412507	A	rs10877495	0.62222461104393	0.0	8.03352138935807e-05	Group D
12:61781465:C:T	12	61781465	T	rs4758728	0.309879696369171	0.0007300600436336	0.0002977308361125999	Group D
12:61786698:A:G	12	61786698	G	rs2731410	0.255653305351734	0.0019774569515043	0.0003776862081572999	Group D
12:61802276:A:G	12	61802276	G	rs1516032	0.372089615464211	-0.0001347689285479	0.0009706632914199	Group D
12:61823978:C:A	12	61823978	Group D	rs10877662	0.364565286040306	-0.0005108205776001	0.0005108205776001	Group D
12:62097593:C:A	12	62097593	A	rs10877715	0.279156228899956	0.0005675292519376	0.00028728671281759996	Group D
12:62233811:A:G	12	62233811	G	rs17577103	0.59593009352684	0.0019409589009383	0.0008885728815850999	Group D
12:62243920:A:G	12	62243920	G	rs4763166	0.230115534365177	0.0013768264098827	8.210526521900113e-06	Group D
12:62538854:A:G	12	62538854	G	rs11174347	0.420795226097107	0.0006526838665741	0.0016012437875615997	Group D
12:62928633:G:A	12	62928633	A	rs10219555	0.25621363222599	-0.0010907977911659	0.00031309960746369984	Group D
12:63097996:G:A	12	63097996	A	rs342179	0.660753327608109	0.0019920089798355	0.00041566236365430005	Group D
12:63265984:T:C	12	63265984	C	rs2839798	0.413685908913612	0.0	3.98410227668772e-05	Group D
12:63817359:C:T	12	63817359	T	rs805034	0.633823984861374	0.0029289669473695	0.0006274769924013001	Group D
12:64173807:G:A	12	64173807	A	rs61935924	0.732101076841354	-0.0019966475957656	0.0007255328730397001	Group D
12:64383670:T:C	12	64383670	C	rs3741607	0.692765551805496	-0.0023932250560451	0.0004179795958230998	Group D
12:64449908:C:T	12	64449908	T	rs1162789	0.663072019815445	0.0023787351290715	0.0006942333268525999	Group D
12:65150485:C:T	12	65150485	T	rs2620733	0.463890245556831	-0.0003315980813623	0.0005450493654197001	Group D
12:65305966:A:G	12	65305966	Group D	rs155572	0.788229846954346	0.0008252116587801	0.0008252116587801	Group D
12:65314350:A:C	12	65314350	C	rs465304	0.551073428988457	0.0	0.0011800702339861	Group D
12:65383970:C:T	12	65383970	T	rs6581596	0.441046211123467	0.0023414846609051	0.0006937443196834	Group D
12:65930654:C:T	12	65930654	T	rs2245225	0.683054107427597	0.0	0.0002834656506455	Group D
12:66053692:A:G	12	66053692	Group D	rs2453269	0.896382862329483	0.0010377207382668	0.0010377207382668	Group D
12:66346714:T:C	12	66346714	Group D	rs12371967	0.769711220264435	0.0002780397185949	0.0002780397185949	Group D
12:66421036:A:G	12	66421036	G	rs11176007	0.340337815880775	0.0	0.0005153032289781	Group D
12:66546100:A:G	12	66546100	G	rs8793	0.253512351214886	-0.0018197444519531	0.00029503590437999984	Group D
12:66725202:C:T	12	66725202	T	rs1168312	0.476841574907303	0.0013403342705632	0.0004874973451781	Group D
12:67442148:C:T	12	67442148	T	rs7309063	0.548617261648178	-1.36663353855621e-05	0.000515190655394938	Group D
12:68313156:A:G	12	68313156	G	rs3014996	0.533939117193222	0.0	0.0004880566307912	Group D
12:68404633:T:G	12	68404633	G	rs3015002	0.505021330714226	0.0	3.03407879004336e-06	Group D
12:68415776:A:C	12	68415776	C	rs10784667	0.326372733712196	-0.0012448319151697	0.0010661137044158	Group D
12:68466994:T:C	12	68466994	Group D	rs2216160	0.749174004793167	0.0013954061533767	0.0013954061533767	Group D
12:68566888:A:G	12	68566888	G	rs2904536	0.582332691550255	0.0	1.39171090312474e-05	Group D
12:68570523:A:G	12	68570523	G	rs10784683	0.621727675199509	0.0034114724278444	0.0007695639076152	Group D
12:68708761:C:T	12	68708761	T	rs2306393	0.601132473349571	-0.0007940681238524	0.0004935734991058999	Group D
12:68709892:C:T	12	68709892	T	rs17224810	0.765918529033661	-0.0007703358660051	0.00025299019802560007	Group D
12:68844809:G:T	12	68844809	Group D	rs113117626	0.735701328516007	0.0008835427222508	0.0008835427222508	Group D
12:68932070:T:C	12	68932070	C	rs2584098	0.557305896282196	0.0006580919157589	0.0005334459321088	Group D
12:69133950:G:A	12	69133950	A	rs7962663	0.245603412389755	-0.0002570003172919	0.0010396313195887	Group D
12:69231980:G:A	12	69231980	Group D	rs3730646	0.843624615669251	0.0006462991446043	0.0006462991446043	Group D
12:69436781:G:A	12	69436781	Group D	rs7977783	0.784420514106751	-0.0007614968519143	0.0007614968519143	Group D
12:69720691:T:G	12	69720691	G	rs10878964	0.32060980796814	0.0	0.0001792745607273	Group D
12:69817077:A:G	12	69817077	G	rs6581892	0.542024886608124	0.0048203819530886	0.00037767815722480023	Group D
12:69926704:G:A	12	69926704	A	rs472197	0.408377057313919	0.0006366169074312	0.00020538513907610001	Group D
12:69946123:G:T	12	69946123	T	rs11177714	0.466918024420738	0.0	0.0005501191513408	Group D
12:70082758:G:A	12	70082758	A	rs11177794	0.724623847007752	0.0	0.0001099309566862	Group D
12:70234558:G:A	12	70234558	A	rs2061439	0.501961576938629	-0.0010142570504894	0.0002627286269967999	Group D
12:70263571:T:C	12	70263571	C	rs1240224	0.504429602622986	-0.0006656192030806	0.00035812599284110007	Group D
12:70281783:G:A	12	70281783	A	rs720367	0.334562522172928	-4.41528070077819e-05	0.0005234715364801181	Group D
12:70351684:C:A	12	70351684	A	rs10879065	0.560092014074326	-2.74091628036935e-05	0.0005455229796052064	Group D
12:70436856:A:G	12	70436856	G	rs1239898	0.32631750702858	-0.0014139351306459	0.0008803704327425001	Group D
12:70920658:G:A	12	70920658	A	rs382578	0.417893984913826	-0.0008807759128768	0.0007361396619122001	Group D
12:70950744:A:G	12	70950744	G	rs12314266	0.621430563926697	-2.29371275264415e-05	0.0003774621912909585	Group D
12:70952982:A:G	12	70952982	G	rs4761222	0.546468657255173	0.0	0.000286274741659	Group D
12:75284077:C:A	12	75284077	Group D	rs1039771	0.84623356461525	-0.0027737461824627	0.0027737461824627	Group D
12:75298553:C:T	12	75298553	T	rs7302339	0.275089649856091	0.0	0.0021397831854227	Group D
12:76388307:A:G	12	76388307	G	rs4831965	0.619811487197876	-4.5414029450324e-05	0.000595689406660176	Group D
12:77009060:A:G	12	77009060	G	rs2669010	0.383816203474998	-0.0001861139468681	0.00047673727135510004	Group D
12:77067412:A:G	12	77067412	G	rs7963083	0.346360641717911	0.0002064971449273	0.0007868817237556	Group D
12:77614567:T:C	12	77614567	Group D	rs7960594	0.743940192461014	-0.0039724328848204	0.0039724328848204	Group B
12:77662825:C:T	12	77662825	T	rs2460765	0.298031625151634	0.0	0.0031355850423071	Group D
12:77839942:T:C	12	77839942	C	rs939475	0.613097369670868	-0.0006236539199578	0.0006209619027577	Group D
12:78315081:G:A	12	78315081	A	rs1920428	0.262772487103939	0.001084105691218	0.0005969869634818998	Group D
12:78859296:G:A	12	78859296	A	rs1367352	0.505953165888786	0.0005634611355962	0.00019540485504659997	Group D
12:80699475:G:T	12	80699475	T	rs10862089	0.432739540934563	0.0019600268455167	0.0005202211893000999	Group D
12:80734470:T:C	12	80734470	C	rs1451091	0.519851478934288	-0.0025983167499479	0.00027392670930389976	Group D
12:80750659:G:A	12	80750659	A	rs11836060	0.44973229765892	0.0	0.0001015687559509	Group D
12:80936026:A:G	12	80936026	G	rs17713202	0.577761808037758	0.0	0.000228236298511	Group D
12:82286681:G:A	12	82286681	A	rs7487640	0.20405129045248	0.0	0.0015012243896647	Group D
12:82336468:C:T	12	82336468	Group D	rs10862399	0.749853265285492	-0.0021765926668213	0.0021765926668213	Group D
12:82400181:C:T	12	82400181	T	rs1529757	0.58274536728859	0.0	0.0008375490536106	Group D
12:82468035:T:C	12	82468035	C	rs12367496	0.339748805761337	0.0	0.0002525121460057	Group D
12:83494349:T:C	12	83494349	C	rs10506889	0.417078012228012	0.0	0.0002490763907416	Group D
12:84017043:G:A	12	84017043	A	rs2645979	0.360470059514046	-0.0014607450673677	0.0005940274510312	Group D
12:85101013:A:G	12	85101013	G	rs10862920	0.296826721727848	0.0	0.000200419006996	Group D
12:87254962:A:G	12	87254962	G	rs1489347	0.390165448188782	-0.0011237937308235	0.0005346732549202	Group D
12:89471235:G:A	12	89471235	A	rs7960664	0.56782563328743	0.0	1.16452367120205e-05	Group D
12:89686248:G:A	12	89686248	A	rs1676447	0.460690259933472	0.0012923204090713	0.0007886826671755001	Group D
12:89745477:C:A	12	89745477	A	rs2279574	0.404930743575096	-0.0015699380131432	0.0003341989169549	Group D
12:89917518:A:G	12	89917518	G	rs2230281	0.518649062514305	0.0054923568448308	0.00012150289027019947	Group D
12:90081188:T:C	12	90081188	C	rs7136259	0.721835827827454	0.0	0.0004097836716406	Group D
12:90549231:G:A	12	90549231	A	rs7134495	0.360256344079971	0.0	0.0001558792794117	Group D
12:90571042:G:A	12	90571042	A	rs934891	0.312854751944542	0.0	0.0001101841086925	Group D
12:90668725:A:C	12	90668725	C	rs2731272	0.538664576411247	0.0001574448065505	0.000372109702565	Group D
12:92419799:C:T	12	92419799	T	rs7959206	0.57744072675705	0.0	0.0001828856180566	Group D
12:92501843:G:A	12	92501843	A	rs2279577	0.776810705661774	-0.0021975147334839	0.0016581387933224001	Group D
12:92638694:C:T	12	92638694	T	rs10777385	0.347507381439209	0.002322466153874	0.0010275296103545999	Group D
12:92819139:A:C	12	92819139	C	rs1515563	0.1720194876194	0.0005910482515226	0.00031406138947039997	Group D
12:92857560:G:T	12	92857560	T	rs4760447	0.722551304101944	0.0	0.0003608444709713	Group D
12:92861213:G:A	12	92861213	Group D	rs10777399	0.735818123817444	0.0028686524381163	0.0028686524381163	Group D
12:92864368:A:G	12	92864368	G	rs7297281	0.572357398271561	0.0011210957397743	0.001939358771788	Group D
12:93721801:A:G	12	93721801	G	rs7976742	0.477330785989761	0.0	0.0002759352436777	Group D
12:93944131:C:T	12	93944131	T	rs10859520	0.516129776835442	-0.0001477996164167	0.0008460793409125999	Group D
12:94503883:T:C	12	94503883	C	rs4761574	0.635982555150986	0.0	3.41353133360855e-05	Group D
12:94563918:C:T	12	94563918	Group D	rs2365736	0.840632724761963	0.0017272621685723	0.0017272621685723	Group D
12:94654986:G:A	12	94654986	A	rs10507035	0.681997209787369	0.0006445081406189	0.0012023995682247	Group D
12:95097788:T:C	12	95097788	C	rs4131535	0.414204728603363	-0.0013909950606402	0.0007843110374091001	Group D
12:95381702:A:G	12	95381702	Group D	rs7133992	0.855408316850662	-0.0002878245971453	0.0002878245971453	Group D
12:95397552:T:C	12	95397552	Group D	rs835044	0.764336931705475	0.0001463422114924	0.0001463422114924	Group D
12:95525893:C:T	12	95525893	T	rs7970810	0.443563666939735	-0.0025527253817336	0.0009958960103087998	Group D
12:95927762:T:C	12	95927762	C	rs3812813	0.465726515650749	0.0017817516636514	0.0001308768590308001	Group D
12:95948366:C:T	12	95948366	Group D	rs11609603	0.783687901496887	-0.0002568735500625	0.0002568735500625	Group D
12:96027323:A:G	12	96027323	G	rs2887022	0.730368489027023	0.0007997918792315	0.0007465199876027	Group D
12:96288860:T:C	12	96288860	C	rs10859974	0.373903426527977	0.006422956340714	0.0008010444451408997	Group D
12:96614125:C:T	12	96614125	T	rs2268507	0.60110436975956	0.0014514983865499	0.0006307016063697001	Group D
12:97038054:G:A	12	97038054	A	rs12372726	0.654907917976379	0.0057945866634155	0.0010928050105125002	Group D
12:97374049:A:G	12	97374049	G	rs10860113	0.293445786833763	0.0005064555817703	0.0009152520595160001	Group D
12:97398758:T:G	12	97398758	G	rs7297966	0.324948069453239	2.0292080342671e-05	4.18361602653154e-05	Group D
12:97410012:T:C	12	97410012	C	rs7295530	0.20053800791502	2.96950582440588e-05	0.0002530709485635412	Group D
12:97907576:A:G	12	97907576	G	rs11109081	0.386979183554649	0.0	0.0003278049424266	Group D
12:99456689:G:A	12	99456689	A	rs7306078	0.319948640465736	-0.0028620526622537	0.0008135307605207	Group D
12:99599390:C:T	12	99599390	T	rs2712662	0.508432680368424	0.0	0.0001068432910665	Group D
12:100097346:A:C	12	100097346	C	rs4986686	0.567456877231598	0.0	9.24773924464004e-05	Group D
12:100401695:G:A	12	100401695	A	rs1491627	0.132825967669487	0.0	0.0002375854699484	Group D
12:100572442:T:C	12	100572442	C	rs7297238	0.124887382984161	0.0	0.0004618231740079	Group D
12:101520648:C:CTG	12	101520648	CTG	rs3832861	0.0	-0.0008207631715546	0.0006229387077227	Group D
12:101587518:C:T	12	101587518	T	rs1709189	0.377490642666817	0.0002352292254363	0.00011347903339310001	Group D
12:101671485:T:C	12	101671485	C	rs824312	0.467312058806419	-0.0013372581681164	0.0005059561045592	Group D
12:101693534:C:G	12	101693534	G	rs4764643	0.0	0.0024038039635183	0.0002164834857301002	Group D
12:101832092:G:A	12	101832092	A	rs7967809	0.432088571786881	0.0	0.0001043056608709	Group D
12:101870804:G:A	12	101870804	A	rs7979430	0.487409201264381	0.0024995249638737	0.000579913151289	Group D
12:101873956:C:T	12	101873956	Group D	rs2373459	0.356727954745293	7.21531485394612e-05	7.21531485394612e-05	Group D
12:102506802:C:T	12	102506802	T	rs2888609	0.242750628292561	-0.0004002943738208	0.0006192984917673001	Group D
12:103120526:T:C	12	103120526	C	rs12579335	0.632007825374603	0.0	0.0003572746306377	Group D
12:103658096:A:G	12	103658096	G	rs4764949	0.308135125041008	-0.0001815084009802	0.0007477369259465999	Group D
12:103777832:T:C	12	103777832	C	rs6539072	0.265711350739002	-0.0026640378499249	0.0007159172933202998	Group D
12:105063882:G:A	12	105063882	Group D	rs12422853	0.774582839012146	-0.0011109812302003	0.0011109812302003	Group D
12:105114647:A:G	12	105114647	Group D	rs10861273	0.80082899928093	-0.0002017988712171	0.0002017988712171	Group D
12:105116374:C:T	12	105116374	T	rs312148	0.627642607688904	0.0	6.08778056924448e-05	Group D
12:105546172:G:A	12	105546172	A	rs1663564	0.619783735275269	-0.0016242194997601	0.00014597534829699998	Group D
12:105689523:T:G	12	105689523	G	rs11112453	0.456664210557938	0.0	0.0002148975956356	Group D
12:105690017:A:G	12	105690017	G	rs1344780	0.24343888014555	0.0001345366822594	0.0005161502260393	Group D
12:105703041:G:A	12	105703041	A	rs10083061	0.225856082141399	0.0002001862367318	2.608192450929999e-05	Group D
12:106517318:A:C	12	106517318	C	rs1215605	0.566982966661453	0.0	0.0001447801763805	Group D
12:106590737:T:G	12	106590737	G	rs1427788	0.553256464004517	0.000690355847184	0.00046507292757589996	Group D
12:106594781:A:G	12	106594781	G	rs1896555	0.419474518299103	-0.001957046114276	0.0008271917091445999	Group D
12:107304459:C:T	12	107304459	Group D	rs10746070	0.766322141885757	-0.0012112367378663	0.0012112367378663	Group D
12:108044250:T:C	12	108044250	C	rs12307214	0.586010670661926	0.0	0.0003646761170462	Group D
12:108050348:A:G	12	108050348	G	rs17039602	0.354466363787651	0.0	2.00486783565079e-05	Group D
12:108079446:G:A	12	108079446	Group D	rs744267	0.900124305486679	0.0039387017535838	0.0039387017535838	Group B
12:108137525:C:T	12	108137525	T	rs2160591	0.561019250750542	0.0	6.7188575519411e-06	Group D
12:108150920:A:G	12	108150920	G	rs1861677	0.555580550432205	0.0	0.0017558712116865	Group D
12:108618630:C:T	12	108618630	T	rs3764002	0.785467213392258	0.0022216007759923	0.00046277084419329984	Group D
12:108874663:C:A	12	108874663	A	rs11113910	0.334018722176552	0.0021572073578997	0.0012189522793753	Group D
12:109095137:A:G	12	109095137	Group D	rs3741782	0.802374511957169	0.0033458639083018	0.0033458639083018	Group D
12:109156737:T:C	12	109156737	C	rs4964750	0.429989719390869	0.0	0.0006745808826635	Group D
12:109623516:G:A	12	109623516	A	rs2300455	0.640600037574768	0.0	0.0002901850467499	Group D
12:109721667:C:A	12	109721667	A	rs10849988	0.0	0.0002607311366892	0.0009250858186395999	Group D
12:111349849:A:G	12	111349849	G	rs11065766	0.504923778772354	0.0004362778261082	0.0008147240716847	Group D
12:111884608:T:C	12	111884608	C	rs3184504	0.724076581001282	-0.0423050431788987	0.00019285010292099947	Group D
12:112281013:A:G	12	112281013	G	rs4767068	0.622069221735001	-0.000640082126844	0.0006977789367891	Group D
12:113386779:C:G	12	113386779	G	rs2285933	0.391164955496788	-0.0010207707713235	0.0004932537964817002	Group D
12:113448288:A:G	12	113448288	G	rs15895	0.672519046068192	-0.0033415462986358	9.548985170319997e-05	Group D
12:113600940:C:T	12	113600940	T	rs11564	0.743818926811218	0.0	0.0007478795272617	Group D
12:114282496:C:T	12	114282496	T	rs2075387	0.433081790804863	-0.0006902318216219	0.00032565897125540005	Group D
12:114355073:T:C	12	114355073	C	rs4767163	0.660730254650116	-0.0007883036357339	5.355217672800008e-05	Group D
12:114395442:C:T	12	114395442	T	rs4767173	0.486779603362083	-0.0001196539522672	0.0004312787088803	Group D
12:114526489:A:C	12	114526489	C	rs768257	0.306269413232803	-0.0003646797629148	0.0005078177584551	Group D
12:114615807:T:C	12	114615807	C	rs7971457	0.230003716051579	0.0	0.0006036529398766	Group D
12:114656317:C:A	12	114656317	Group D	rs7311407	0.74691686630249	0.0040663655053885	0.0040663655053885	Group B
12:115094260:A:G	12	115094260	Group D	rs11067228	0.839421337842941	-0.0012800064067129	0.0012800064067129	Group D
12:115374162:G:A	12	115374162	A	rs2891538	0.611383235454559	0.0016113866031055	0.000729968327728	Group D
12:116368205:C:T	12	116368205	T	rs715073	0.309139584004879	-0.0009032869459506	0.0005051756435080001	Group D
12:116789953:G:A	12	116789953	A	rs3851647	0.447820833325386	-0.0024943022887147	0.0005495920306505999	Group D
12:117065309:A:C	12	117065309	C	rs4767425	0.511669689416885	-0.0008152451659045	0.0004947082100028	Group D
12:117508343:G:A	12	117508343	A	rs7953755	0.452261990308762	0.0003287484578514	0.0005010516411093	Group D
12:118327544:G:A	12	118327544	A	rs10850924	0.544179350137711	0.0033364303353371	0.0002989544123388997	Group D
12:118886322:G:A	12	118886322	A	rs6490178	0.387984025478363	0.0005688755619495	0.0007994340010469	Group D
12:118896304:G:A	12	118896304	A	rs7299095	0.39614864885807	0.0003665828845484	0.0005442248983373	Group D
12:119317196:T:G	12	119317196	G	rs2463875	0.438060262799263	0.0005697552798516	0.00043835669338659997	Group D
12:119320734:G:A	12	119320734	A	rs2698060	0.470199915766716	1.48229281137295e-06	0.00018127633622572707	Group D
12:119563288:A:AC	12	119563288	AC	rs34186549	0.0	-0.0018796986450609	0.0003303224858880998	Group D
12:119747763:G:A	12	119747763	A	rs2727735	0.553892213106155	0.0003746634328388	0.0006815373407925	Group D
12:119866533:A:G	12	119866533	G	rs1064319	0.41318696141243	-0.0043369690503243	0.0003543810705242999	Group D
12:120278241:T:C	12	120278241	C	rs4766950	0.388981091976166	0.0	0.0003356680074146	Group D
12:121077728:A:C	12	121077728	C	rs693074	0.519848883152008	-0.0014863279892008	0.0007946489787456002	Group D
12:121600253:T:C	12	121600253	C	rs208294	0.489397644996643	0.001147004065833	0.00018375770879670004	Group D
12:122186317:G:A	12	122186317	A	rs28655666	0.483732455968857	-0.0028854807235537	0.0007984381066219	Group D
12:122219910:A:G	12	122219910	G	rs9282	0.844738763570786	0.0056179924653292	0.0027249243460021003	Group D
12:122617989:A:G	12	122617989	G	rs7978353	0.77876096367836	-0.0010310558413574	0.0006862473025079998	Group D
12:122812503:G:C	12	122812503	C	rs1129167	0.741963440179825	-0.000242647825427	4.352966842629998e-05	Group D
12:123087442:A:G	12	123087442	G	rs7307735	0.242318826913834	-0.0007309646551177	0.00020645079988040004	Group D
12:123200768:T:G	12	123200768	G	rs1798192	0.644653469324112	0.0023010936267606	0.00037125077445739974	Group D
12:123638930:G:A	12	123638930	A	rs1727315	0.38764800131321	-0.0052632640106802	0.0024739888613845	Group D
12:123641200:C:T	12	123641200	Group D	rs1051434	0.776614367961884	-0.0015169129088449	0.0015169129088449	Group D
12:123757861:G:A	12	123757861	Group D	rs1109559	0.748853904008865	-0.0003806961995497	0.0003806961995497	Group D
12:124172731:G:A	12	124172731	A	rs7313032	0.208828683197498	0.0053016936043486	0.00019026963364839923	Group D
12:124265687:T:C	12	124265687	C	rs11057353	0.725130099058151	-0.002933113686431	0.0004294873479538	Group D
12:124427306:T:A	12	124427306	A	rs11057401	0.566461485624313	0.0	0.0059247226812115	Group B
12:124446728:A:G	12	124446728	Group D	rs7312404	0.757959294319153	-0.0060459912996884	0.0060459912996884	Group B
12:124504283:T:C	12	124504283	C	rs825508	0.391616547107697	0.0	0.0003674139124661	Group D
12:124750131:T:G	12	124750131	G	rs10734912	0.652592653036118	0.0	0.0002607021527533	Group D
12:125020162:G:A	12	125020162	A	rs701029	0.849875873327255	-0.0005948316503238	0.0004900107137892001	Group D
12:126207013:G:A	12	126207013	A	rs7313133	0.287022162973881	-0.001092372166617	0.000488837788766	Group D
12:127383709:T:C	12	127383709	C	rs1166250	0.540326547622681	0.0008711709587687	0.0007394835739569	Group D
12:127483623:G:T	12	127483623	Group D	rs10773345	0.891375333070755	-0.0007158233476605	0.0007158233476605	Group D
12:127514645:T:C	12	127514645	C	rs1155973	0.306435883045197	-0.0011310938940031	0.0002899049580622	Group D
12:127518866:A:G	12	127518866	G	rs6489145	0.642640525102615	-0.0002609470761985	0.0004370631622422	Group D
12:129074780:T:C	12	129074780	C	rs7316314	0.465600481629372	0.0009424054692413	0.0006566356325814	Group D
12:129248673:T:C	12	129248673	Group D	rs11059891	0.759136253595352	-0.0005169655992326	0.0005169655992326	Group D
12:129299446:A:G	12	129299446	G	rs33990080	0.765705507993698	0.0	0.0011692863370285	Group D
12:129593747:C:T	12	129593747	T	rs10847770	0.337876582145691	0.0004571256342216	0.00041993948277099997	Group D
12:130335952:T:C	12	130335952	C	rs10744435	0.522188898921013	-0.0019114185003862	0.0011829769345668001	Group D
12:130558815:A:G	12	130558815	G	rs10847989	0.655461513996124	0.0008042425116247	0.0006139879978498	Group D
12:130572485:A:G	12	130572485	G	rs10847997	0.620090752840042	0.0012823523651113	0.0004051271645443	Group D
12:130659726:G:A	12	130659726	A	rs10848027	0.411206284165382	0.0	0.0009212801506334	Group D
12:130792781:C:T	12	130792781	T	rs11060822	0.50666995048523	0.0	0.0005782528539794	Group D
12:131733433:A:G	12	131733433	G	rs7136520	0.466877335309982	0.0	0.0005466300353972	Group D
12:131734725:C:T	12	131734725	Group D	rs11061407	0.828743278980255	-0.0025141202380017	0.0025141202380017	Group D
12:131742242:A:G	12	131742242	G	rs11061416	0.409546929597855	0.0	0.0005203864048587	Group D
12:132118633:A:G	12	132118633	G	rs4964963	0.441108095645905	0.0008939300807698	0.0006427599662301	Group D
12:132316248:C:T	12	132316248	T	rs4964927	0.339967375993729	0.0001707035944092	0.0005280058277856001	Group D
12:132883395:C:G	12	132883395	Group D	rs28429676	0.736148977279663	-0.0031487437891306	0.0031487437891306	Group D
12:132891349:T:C	12	132891349	C	rs28396330	0.475254553556442	0.0	0.0003416813125043	Group D
12:132897257:C:T	12	132897257	T	rs28474681	0.330015644431114	0.0	0.0006900296231229	Group D
12:133206648:T:C	12	133206648	C	rs7963858	0.344664046168327	0.0	0.0001459185561179	Group D
12:133384864:G:A	12	133384864	A	rs3741486	0.635949778556824	0.0027826732844685	0.0003124240999587001	Group D
12:133428242:G:A	12	133428242	A	rs2306541	0.344304314255714	-0.0007921290340689	0.00014929880158530006	Group D
12:133780851:G:C	12	133780851	C	rs62644541	0.635017019510269	0.0010802235520362	0.0005563527158954	Group D
13:19459541:A:G	13	19459541	G	rs8001366	0.386789539456368	0.0	3.97918170384492e-05	Group D
13:19592831:C:T	13	19592831	T	rs9511107	0.372274398803711	-0.0026763690573657	0.0008955949027509001	Group D
13:19702018:T:C	13	19702018	C	rs2010130	0.335434892773628	-0.0008203872473741	0.0004988507235073	Group D
13:20591236:A:G	13	20591236	G	rs1323557	0.430618849396706	0.0	0.0008683435611463	Group D
13:20824043:A:G	13	20824043	G	rs9509119	0.479183897376061	0.0	6.21631918797097e-05	Group D
13:20871295:G:A	13	20871295	A	rs7327522	0.622024458646774	0.0	0.0007314804513192	Group D
13:21205192:G:A	13	21205192	A	rs9509307	0.261162401735783	0.0	0.0002217722446315	Group D
13:21280034:A:G	13	21280034	G	rs735539	0.389276337623596	0.000835755090719	0.0006110214789908	Group D
13:21526255:G:A	13	21526255	A	rs3858748	0.588583129644394	0.0030440590155718	0.0006312107343206001	Group D
13:21544585:C:T	13	21544585	T	rs12866413	0.221471785008907	0.0	0.0012560944782987	Group D
13:21554784:G:A	13	21554784	A	rs593390	0.871244943141937	0.0036477021090016	0.0035056656735349	Group D
13:21555544:C:G	13	21555544	G	rs870846	0.274017605185509	0.0	0.0014236366388092	Group D
13:21608971:A:G	13	21608971	G	rs9509492	0.444563207030296	0.0	0.0005198510716065	Group D
13:21703584:T:G	13	21703584	G	rs6490643	0.336916056275368	0.0020198737581291	0.0005091932915859999	Group D
13:21915114:A:G	13	21915114	G	rs17356983	0.483419033885002	0.0	7.70026914663616e-05	Group D
13:22827752:C:T	13	22827752	T	rs1408051	0.652643233537674	0.0	8.4836324317169e-05	Group D
13:23320655:G:T	13	23320655	T	rs9510315	0.370055663585663	0.0013479485312979	0.0007813003574324	Group D
13:24188270:T:C	13	24188270	C	rs9510784	0.412615245580673	-2.45120693649282e-05	0.0008432075656335719	Group D
13:24484476:G:A	13	24484476	Group D	rs7319946	0.778902071714401	0.001672519920178	0.001672519920178	Group D
13:24487594:G:A	13	24487594	A	rs9507193	0.414983704686165	0.0	0.0014408058657849	Group D
13:24831467:A:G	13	24831467	Group D	rs2248605	0.792084223031998	0.0003142219539656	0.0003142219539656	Group D
13:24874926:A:C	13	24874926	C	rs947230	0.615067940950394	0.0	0.000332582159049	Group D
13:25265103:A:G	13	25265103	G	rs7981616	0.506442555785179	-0.0003863892934929	0.0005499993853461	Group D
13:25831888:T:C	13	25831888	C	rs7995033	0.297469083964825	-0.0003787763682413	0.00047852884867120003	Group D
13:26619547:A:G	13	26619547	Group D	rs12100154	0.780190491676331	-0.0005624697181483	0.0005624697181483	Group D
13:27015106:G:A	13	27015106	A	rs944695	0.640906661748886	0.0	0.0003191370001983	Group D
13:27194813:C:T	13	27194813	Group D	rs4769507	0.736804193258286	-0.0012292769994534	0.0012292769994534	Group D
13:27879437:T:C	13	27879437	C	rs6491201	0.540534693002701	-0.0022282070795113	0.0007222964682639999	Group D
13:27998361:G:A	13	27998361	Group D	rs1218796	0.783324182033539	0.001711339378988	0.001711339378988	Group D
13:28009031:G:C	13	28009031	C	rs7323	0.229129825532436	-0.0002072021463526	2.4440095212200025e-05	Group D
13:28010734:G:A	13	28010734	A	rs1218824	0.369576251506805	0.0002626435807316	0.0017708246808437003	Group D
13:29150190:G:A	13	29150190	Group D	rs7328082	0.741148054599762	-0.0001782475821219	0.0001782475821219	Group D
13:29193180:A:G	13	29193180	Group D	rs11841074	0.756298977136612	0.0013738172052465	0.0013738172052465	Group D
13:29195321:C:T	13	29195321	T	rs7985907	0.529208213090897	-0.0015757960328985	0.0016089838119617	Group D
13:29441809:A:G	13	29441809	G	rs2453703	0.600672501325607	0.0	0.0004737268463627	Group D
13:29592385:T:C	13	29592385	C	rs2479758	0.309265893697739	0.0004315366246968	0.0007521170055895999	Group D
13:30125816:C:T	13	30125816	T	rs11616506	0.697749727964401	0.0002668986820885	0.0007618988389049999	Group D
13:30515553:A:G	13	30515553	G	rs646983	0.646423470973969	0.0	0.0025974870699946	Group D
13:30527862:C:T	13	30527862	Group D	rs531084	0.76071765422821	-0.003252004373094	0.003252004373094	Group D
13:31642829:G:A	13	31642829	A	rs9591453	0.471590188145638	0.0010579931515677	0.0003934100740637001	Group D
13:31642858:T:C	13	31642858	C	rs9315107	0.572215628623962	0.0	6.81165507738113e-06	Group D
13:31996394:T:C	13	31996394	C	rs4402422	0.441343766450882	-0.0015621315954255	0.0005688066776145001	Group D
13:32086120:C:T	13	32086120	Group D	rs11842055	0.738758832216263	-0.0010071963304371	0.0010071963304371	Group D
13:32088155:G:A	13	32088155	A	rs277155	0.588933151960373	0.0	0.000249702158657	Group D
13:32305370:G:A	13	32305370	A	rs4359320	0.70132572054863	-0.0002053097674538	9.177859109970002e-05	Group D
13:32307881:T:C	13	32307881	C	rs12869488	0.340532925724983	-0.0032526224844667	0.00042803700407999983	Group D
13:33553549:A:C	13	33553549	C	rs378609	0.487160429358482	0.0	4.52407186810037e-05	Group D
13:33704065:T:C	13	33704065	C	rs3742321	0.592547088861466	-0.0007066322013838	0.0005478602521675	Group D
13:33909346:C:T	13	33909346	T	rs2017328	0.547668388485909	0.0005431332073609	0.00043818663968480005	Group D
13:35061476:A:G	13	35061476	G	rs9571733	0.596266400814056	-0.000444221924367	0.00045535134887300004	Group D
13:36105745:A:G	13	36105745	G	rs12861167	0.663460654020309	0.0	0.0003461213597921	Group D
13:37832066:A:G	13	37832066	G	rs1535797	0.235679560899735	-0.0012204087596321	0.0006650830670767	Group D
13:37848890:T:C	13	37848890	Group D	rs9576233	0.733972775936127	-0.0018398679629896	0.0018398679629896	Group D
13:37850706:G:A	13	37850706	A	rs9576235	0.436271920800209	0.0	0.0003299872113575	Group D
13:38256614:C:T	13	38256614	T	rs9576338	0.495033609867096	0.0	0.0001253353774001	Group D
13:38290340:A:C	13	38290340	Group D	rs1360623	0.747146719694138	0.0018064249477744	0.0018064249477744	Group D
13:39264690:T:C	13	39264690	C	rs2496425	0.359302318096161	0.0	5.55057273275433e-05	Group D
13:39498265:C:A	13	39498265	A	rs1413102	0.341582645475864	0.0	3.18214284985714e-06	Group D
13:39515837:G:A	13	39515837	Group D	rs4426230	0.76662563085556	-0.0024852820267877	0.0024852820267877	Group D
13:39516702:G:T	13	39516702	T	rs4072678	0.0	0.0	0.0013466028885922	Group D
13:39587677:A:G	13	39587677	G	rs3751379	0.430981761217117	0.0	0.0001089923734233	Group D
13:39686625:G:A	13	39686625	A	rs9548615	0.613989931344986	0.0	0.0005266631926229	Group D
13:40350912:T:C	13	40350912	Group D	rs7993214	0.762943643331528	-0.0012242276952596	0.0012242276952596	Group D
13:40619078:C:A	13	40619078	A	rs415484	0.586130899190903	0.0	4.07180721101793e-05	Group D
13:40705706:C:T	13	40705706	Group D	rs7992347	0.737693136930466	0.0002888020939866	0.0002888020939866	Group D
13:40818284:C:T	13	40818284	T	rs7325568	0.487196138501167	0.0	0.0001463298791659	Group D
13:41063028:G:T	13	41063028	T	rs7327461	0.721534150838852	0.0	0.0001017734069557	Group D
13:41186501:G:A	13	41186501	A	rs10507486	0.460433581471443	0.0	0.0018492817640669	Group D
13:41204015:T:C	13	41204015	Group D	rs7323267	0.761842125654221	-0.0054963642145322	0.0054963642145322	Group B
13:41270080:A:G	13	41270080	G	rs4943805	0.466631123423576	0.0	0.0012450513753556	Group D
13:41533052:T:C	13	41533052	C	rs7799	0.652552103996277	-0.0005972919133525	0.0009340385551470001	Group D
13:42465713:C:T	13	42465713	T	rs9562362	0.674555909633637	-0.0028402379961771	0.0004297805336723002	Group D
13:42708451:A:G	13	42708451	G	rs994856	0.612809193134308	0.0001310700097637	0.00038348896223419995	Group D
13:42797337:G:A	13	42797337	A	rs431307	0.683934551477432	0.0	2.49661861052019e-05	Group D
13:42969646:T:C	13	42969646	C	rs10507507	0.716431099176407	0.0	0.0001041673242433	Group D
13:43032027:T:C	13	43032027	C	rs12430303	0.419268035888672	0.0	6.143146959063e-05	Group D
13:43052880:G:A	13	43052880	A	rs2062305	0.350386998057365	-0.0043470771281989	0.0007678088829883006	Group D
13:43123925:C:T	13	43123925	T	rs9533147	0.348775291442871	0.0	0.0001996408943902	Group D
13:43199755:G:T	13	43199755	T	rs4942146	0.733209079504013	0.0040797212131352	0.0018455125684247002	Group D
13:43696985:C:T	13	43696985	T	rs17459793	0.681087124347687	0.0042330487009739	0.0005585834753925999	Group D
13:43762990:C:A	13	43762990	A	rs7999017	0.364997035264969	0.0	0.0005945069687616	Group D
13:43818480:G:T	13	43818480	T	rs6561112	0.514709764719009	0.0	0.0001825900051827	Group D
13:43891149:T:C	13	43891149	C	rs745334	0.590091377496719	-0.0027654304876729	0.0006608874280704001	Group D
13:43935966:T:C	13	43935966	C	rs9533461	0.461769080162048	0.0	0.0003878122147253	Group D
13:44786098:C:T	13	44786098	Group D	rs4942296	0.778001207113266	0.0015149784876012	0.0015149784876012	Group D
13:45914957:T:C	13	45914957	C	rs2234216	0.749504965543747	0.0	0.0001111999232699	Group D
13:46270600:T:G	13	46270600	G	rs7321883	0.756638157367706	0.0	0.0008247068328982	Group D
13:46271185:A:G	13	46271185	Group D	rs2404536	0.916276878118515	0.0023842660635865	0.0023842660635865	Group D
13:46360678:G:A	13	46360678	Group D	rs7997707	0.756232035160065	-0.0013328152494598	0.0013328152494598	Group D
13:46374573:T:C	13	46374573	C	rs7986581	0.442064610123634	0.0004884455867703	0.0010458120811772	Group D
13:46706598:C:A	13	46706598	A	rs2146880	0.574756568670273	0.0016735178229653	0.0005125041032487999	Group D
13:47230194:C:T	13	47230194	Group D	rs842406	0.80796149969101	-0.000729944837671	0.000729944837671	Group D
13:47357995:G:A	13	47357995	A	rs1923890	0.438763704895973	0.0	0.0010720146984667	Group D
13:47362530:C:T	13	47362530	T	rs1216961	0.396786925196648	0.0	0.0035613884588591	Group D
13:47386780:T:C	13	47386780	Group D	rs7996430	0.752295166254044	0.0051607448644303	0.0051607448644303	Group B
13:47559804:T:C	13	47559804	Group D	rs9534545	0.755189514160156	0.0014354082410132	0.0014354082410132	Group D
13:47561529:C:T	13	47561529	T	rs9567765	0.486514586210251	0.0	0.0006970622351051	Group D
13:47597174:T:C	13	47597174	C	rs2436013	0.569840982556343	0.0014528755200095	0.00030500822286739994	Group D
13:47620956:A:G	13	47620956	Group D	rs9562700	0.770769375562668	-0.0010738041804796	0.0010738041804796	Group D
13:47643335:G:A	13	47643335	A	rs7989860	0.701599436998367	-2.66055865710856e-05	0.0011293220562170144	Group D
13:48017770:G:A	13	48017770	A	rs959866	0.569534322619438	0.0016293617919452	0.0004791757105203	Group D
13:48061888:C:T	13	48061888	T	rs4942642	0.459334141016007	0.0025333475024769	3.787621826479995e-05	Group D
13:49362609:A:G	13	49362609	Group D	rs1530747	0.742841720581055	0.0001787600144595	0.0001787600144595	Group D
13:49446638:T:C	13	49446638	C	rs9596029	0.425851315259933	0.0012003582842726	0.0008950810208096999	Group D
13:49897577:A:G	13	49897577	G	rs9535201	0.22083310931921	-0.0012077591096396	0.00089368035039	Group D
13:50057097:G:A	13	50057097	A	rs2057413	0.633010792732239	0.0	0.000269633819008	Group D
13:50260167:G:A	13	50260167	A	rs1535544	0.458455681800842	0.0023022353849243	0.0003941734198570999	Group D
13:50439592:C:T	13	50439592	T	rs11841624	0.261053931713104	0.0026952017688687	0.0002877753453513999	Group D
13:50570191:T:C	13	50570191	Group D	rs9596220	0.838142192363739	-0.0006109442639336	0.0006109442639336	Group D
13:50656582:T:A	13	50656582	A	rs2066575	0.84473580121994	0.0	0.0007235399966551	Group D
13:50751758:G:A	13	50751758	A	rs2066615	0.419225007295609	6.31306759285547e-05	0.0003310621167707453	Group D
13:50830002:G:A	13	50830002	A	rs2762060	0.643769693374634	-0.0061049955350812	0.0005129945107170001	Group D
13:51170755:A:G	13	51170755	Group D	rs3095527	0.737745052576065	0.0019377802191532	0.0019377802191532	Group D
13:51242379:G:A	13	51242379	A	rs17396905	0.685136461257935	0.000650889212429	0.0018572964052657	Group D
13:51288716:A:G	13	51288716	G	rs2706229	0.685117989778519	0.0002457583133011	0.0002911930440723	Group D
13:51291995:A:G	13	51291995	G	rs2706235	0.474982354044914	0.0011466147638113	0.0007687907347890999	Group D
13:51698639:A:C	13	51698639	C	rs4941683	0.602461117506027	0.0022792999645671	0.0005917118553887	Group D
13:52080679:G:A	13	52080679	A	rs9526773	0.578533709049225	0.0	9.17681002079988e-05	Group D
13:52416912:T:G	13	52416912	G	rs17600458	0.522232815623283	0.0014779204888676	0.0008904047935075	Group D
13:52603896:G:A	13	52603896	A	rs17402034	0.842228716611862	0.0002122694105466	0.0007094112040479	Group D
13:53596686:A:G	13	53596686	G	rs9536337	0.60881672501564	-5.46089303771741e-05	0.0006281856355139258	Group D
13:54554527:G:A	13	54554527	A	rs9536571	0.482171407341957	0.0002017790240572	0.0005551943969553	Group D
13:54664409:G:A	13	54664409	A	rs9568977	0.578913217782974	0.0	0.0004702455532255	Group D
13:58765531:G:A	13	58765531	A	rs9316977	0.312795731425285	0.0044677724996716	0.0009044843648359996	Group D
13:59315639:G:A	13	59315639	Group D	rs9597828	0.809035712480545	-0.001006436184667	0.001006436184667	Group D
13:59339281:C:T	13	59339281	T	rs1413119	0.303805780410767	-0.0005675407959363	0.0010534256853037	Group D
13:60161328:G:A	13	60161328	Group D	rs1962705	0.7549465239048	0.0014331239025481	0.0014331239025481	Group D
13:60723281:A:G	13	60723281	Group D	rs7982258	0.857564651966095	-0.0001953071570323	0.0001953071570323	Group D
13:61016078:A:G	13	61016078	Group D	rs9528139	0.778961384296417	-0.0004859195201722	0.0004859195201722	Group D
13:61968065:A:G	13	61968065	G	rs1023113	0.393171289563179	-0.0006844219054361	0.0004726408965995	Group D
13:62039882:A:G	13	62039882	G	rs3010965	0.544798567891121	0.0	0.0002389909312718	Group D
13:65117966:T:C	13	65117966	C	rs9540145	0.451673424243927	0.0026462647002903	0.0005564626924208001	Group D
13:66825973:C:T	13	66825973	T	rs2181299	0.467066669464111	-9.88011885903411e-05	0.0005806302430329589	Group D
13:66872215:C:T	13	66872215	T	rs9540707	0.435907536745071	-2.1433283691473e-05	1.607450160399398e-06	Group D
13:67483846:C:A	13	67483846	Group D	rs9529155	0.736933571100235	-0.0001484924705681	0.0001484924705681	Group D
13:67487682:T:G	13	67487682	G	rs10492592	0.750283205509186	0.0027586852167745	0.002133023336794	Group D
13:67845335:C:T	13	67845335	T	rs11148740	0.504538804292679	0.0031498057809496	0.000699935125083	Group D
13:67944116:C:T	13	67944116	Group D	rs17082433	0.7338438808918	-0.0031949718414048	0.0031949718414048	Group D
13:68065298:A:G	13	68065298	G	rs9529254	0.713264590501785	0.0	0.0016213253792495	Group D
13:68076885:G:A	13	68076885	A	rs4884738	0.595193296670914	0.0	0.0007266490023149	Group D
13:69202721:G:A	13	69202721	A	rs287402	0.322137567400932	7.58610590735426e-05	2.7877304516057394e-05	Group D
13:69205918:A:G	13	69205918	G	rs287409	0.277989266812801	0.0012588410891962	0.0006181500822480999	Group D
13:69506215:T:C	13	69506215	C	rs8000981	0.503402063250542	-0.0007268255727131	0.0005086740903477	Group D
13:69590080:T:C	13	69590080	Group D	rs7323112	0.277258934080601	-0.0001885278157904	0.0001885278157904	Group D
13:69599261:G:A	13	69599261	A	rs11617386	0.24298616796732	-3.05001212902168e-05	0.0004400200209848832	Group D
13:71168115:A:G	13	71168115	G	rs9529788	0.363056793808937	-0.0010703300112284	0.000868937874431	Group D
13:71317961:G:A	13	71317961	A	rs9529804	0.475535747408867	0.0003452489864328	0.0006453590696116	Group D
13:71536609:T:C	13	71536609	C	rs803815	0.633563280105591	0.0	0.0004388215777885	Group D
13:72455473:C:T	13	72455473	T	rs2061540	0.479717925190926	-0.0006949127448712	0.0009765930591351	Group D
13:72553692:C:T	13	72553692	Group D	rs930958	0.770951837301254	-0.00025215565415	0.00025215565415	Group D
13:72675601:T:G	13	72675601	G	rs6562694	0.559966298937798	-0.0001312520209478	0.0012197053122654	Group D
13:72975694:G:A	13	72975694	A	rs7319520	0.577041178941727	0.0	6.904627990329e-05	Group D
13:73331944:T:C	13	73331944	C	rs2165390	0.525821769237518	0.0	0.0015131016818441	Group D
13:73598576:T:C	13	73598576	Group D	rs4883921	0.742462384700775	0.0019033826434217	0.0019033826434217	Group D
13:73692738:A:G	13	73692738	Group D	rs2026482	0.758600789308548	-0.0012468919772375	0.0012468919772375	Group D
13:74039264:G:A	13	74039264	Group D	rs9564996	0.890526461601257	0.0004082953867057	0.0004082953867057	Group D
13:74055805:T:C	13	74055805	C	rs9543383	0.502899911999703	0.0	0.0005401187479261	Group D
13:74221658:G:T	13	74221658	T	rs9318203	0.493203708529472	-0.0005295073913721	0.0005428926470230001	Group D
13:74424950:T:C	13	74424950	C	rs17061580	0.618552076816559	0.0014889540839999	0.0007190056169854	Group D
13:74615925:A:C	13	74615925	C	rs9592965	0.626286959648132	-0.0024818847184123	0.0007060339720014	Group D
13:74675573:T:C	13	74675573	C	rs2104388	0.644102001190186	-0.0068306781484364	0.003490276941658099	Group D
13:74697856:T:G	13	74697856	G	rs4885151	0.610791510343552	0.0	0.0002785380802968	Group D
13:74704287:C:T	13	74704287	Group D	rs9600235	0.826087373495102	0.0037226762355089	0.0037226762355089	Group D
13:74705199:C:T	13	74705199	T	rs9600236	0.621785223484039	0.0	0.0004974420247145	Group D
13:74705251:C:T	13	74705251	T	rs9600237	0.44128725528717	0.0	0.0154683841287393	Group B
13:74707430:G:A	13	74707430	Group D	rs77919370	0.77530671954155	0.0188292809678344	0.0188292809678344	Group A
13:75214528:G:A	13	75214528	A	rs10507828	0.356971871852875	0.0	0.0003083757116028	Group D
13:75401031:G:A	13	75401031	A	rs9600396	0.620380544662476	0.0	0.0013598198998231	Group D
13:75406367:C:T	13	75406367	Group D	rs4525382	0.80879225730896	-0.00364048901854	0.00364048901854	Group D
13:75474493:A:G	13	75474493	G	rs1867938	0.430300867557526	0.0	0.0017080215763581	Group D
13:75599117:A:G	13	75599117	G	rs9600419	0.597288131713867	-0.0002055690642837	0.0006678402983278	Group D
13:75825210:T:C	13	75825210	Group D	rs1864726	0.791140973567963	-0.0003985633638117	0.0003985633638117	Group D
13:75916026:T:C	13	75916026	C	rs548191	0.631654962897301	0.0	0.0004181980535837	Group D
13:76017101:G:A	13	76017101	A	rs4597197	0.663232445716858	0.0	0.0002017862482977	Group D
13:76018807:A:G	13	76018807	Group D	rs9543928	0.757427388429642	0.0025383620307993	0.0025383620307993	Group D
13:76516803:G:A	13	76516803	A	rs1538902	0.289162042737007	0.0	0.0004098864620124	Group D
13:76877360:G:A	13	76877360	A	rs1146882	0.523298054933548	0.0004413701926311	0.0004964962870537999	Group D
13:77477340:A:C	13	77477340	C	rs582759	0.652235794067383	0.0	1.65797098203583e-05	Group D
13:78455230:T:C	13	78455230	C	rs1360371	0.507165426015854	0.0	0.0001865932777101	Group D
13:78480188:T:C	13	78480188	C	rs942612	0.471676760911942	-0.0037100180242936	0.0013862899261997	Group D
13:78609792:T:C	13	78609792	Group D	rs1330888	0.732601374387741	-0.003054437379337	0.003054437379337	Group D
13:79024308:T:C	13	79024308	Group D	rs9318551	0.739041703939438	-0.0027644204147647	0.0027644204147647	Group D
13:79025470:T:C	13	79025470	C	rs4326932	0.66942201256752	0.0006266831855382	0.0001671303610157	Group D
13:79037359:G:A	13	79037359	A	rs17069905	0.420906352996826	0.0	0.0014425772291015	Group D
13:79059419:A:C	13	79059419	C	rs4523830	0.380422063171864	-0.0004147411072877	0.0008312662364114	Group D
13:80175000:T:C	13	80175000	C	rs6563121	0.479290363192558	0.0	0.0003874441488574	Group D
13:80299722:A:G	13	80299722	Group D	rs2039553	0.736500453948975	0.0001967123868944	0.0001967123868944	Group D
13:80420039:A:G	13	80420039	G	rs4283117	0.616462564468384	-0.0025803788006314	0.0006162968807547999	Group D
13:80747701:T:C	13	80747701	C	rs679805	0.633311939239502	0.0001633801785486	0.00043283552123439995	Group D
13:80911525:G:A	13	80911525	A	rs504122	0.808108425140381	-0.0031480661908284	0.0005852464692278998	Group D
13:81034824:C:T	13	81034824	T	rs9601391	0.609249442815781	0.0	0.0031154887878231	Group D
13:81051090:G:T	13	81051090	Group D	rs7996611	0.760600519180298	-0.0037510068531507	0.0037510068531507	Group B
13:81490717:T:C	13	81490717	C	rs17071498	0.42799591422081	0.0013884687162306	0.00046806463204610016	Group D
13:81504843:A:G	13	81504843	G	rs7332642	0.342604014277458	0.0	3.93793731618859e-06	Group D
13:82032397:G:T	13	82032397	Group D	rs9531178	0.73422474861145	-0.0002465492475519	0.0002465492475519	Group D
13:82061698:C:T	13	82061698	T	rs4349043	0.613869500160217	0.0005578973365903	0.0007712004495608999	Group D
13:89006147:C:A	13	89006147	A	rs7317986	0.420742329955101	-0.0004054011937401	0.0006977550466644	Group D
13:89255834:A:G	13	89255834	Group D	rs4486733	0.734308815002441	-0.0001692683836338	0.0001692683836338	Group D
13:89457813:A:C	13	89457813	Group D	rs1415169	0.764027768373489	-0.0003095236259688	0.0003095236259688	Group D
13:92135345:G:A	13	92135345	A	rs9523342	0.429414176940918	0.0007710655923525	0.0006492919894847001	Group D
13:92140557:C:T	13	92140557	T	rs9556095	0.257981736958027	0.0	0.0006513006021337	Group D
13:93331886:G:A	13	93331886	A	rs9523762	0.604168456792831	0.0	0.0015554203026106	Group D
13:93534948:A:G	13	93534948	G	rs6492630	0.665099793672562	0.0	0.0017794886146189	Group D
13:93554207:G:A	13	93554207	Group D	rs1360820	0.743580877780914	-0.0034441218016749	0.0034441218016749	Group D
13:93969161:G:A	13	93969161	A	rs1323993	0.587524980306625	-0.0004163051836404	0.0004315022528955	Group D
13:94318186:C:T	13	94318186	T	rs9524163	0.331009343266487	0.0005458187489909	0.0004885645803615	Group D
13:94416206:A:G	13	94416206	G	rs4389020	0.645700693130493	-0.00019936800328	0.0001694916686638	Group D
13:94513790:A:G	13	94513790	G	rs9524260	0.655789256095886	-4.40357097155913e-05	0.0004466822658793087	Group D
13:94790672:C:T	13	94790672	T	rs835981	0.392837622761726	4.38263435388453e-05	0.0004779641757910547	Group D
13:95231235:T:C	13	95231235	C	rs9561636	0.470139762759209	0.0	0.0001189423110556	Group D
13:95254031:C:T	13	95254031	Group D	rs3897474	0.781129199266434	0.005496849882712	0.005496849882712	Group B
13:95259536:C:T	13	95259536	T	rs9524555	0.458374637365341	0.0	0.004017427402821	Group B
13:95727349:C:A	13	95727349	A	rs1189468	0.768087702989578	-0.00201002924447	0.0014755347971798002	Group D
13:96579462:T:C	13	96579462	C	rs9525086	0.702400016784668	0.0	0.0003735476968746	Group D
13:97050906:T:C	13	97050906	C	rs1410266	0.708369761705399	0.0	4.92819074335246e-05	Group D
13:98873820:G:A	13	98873820	A	rs7993271	0.668977153301239	2.53817211604724e-05	0.0015832272782453276	Group D
13:98896776:C:T	13	98896776	T	rs7318267	0.455986732244492	0.0029609535705421	0.0004234010502614004	Group D
13:98959552:G:T	13	98959552	Group D	rs1871705	0.757421088218689	-0.0014377607900231	0.0014377607900231	Group D
13:98994030:A:G	13	98994030	G	rs9584805	0.490220448374748	0.0032700664538536	0.0010531100201024999	Group D
13:99109319:C:A	13	99109319	A	rs2031237	0.0	0.0	0.00126103110534	Group D
13:99135314:T:C	13	99135314	Group D	rs17470961	0.882342314720154	-0.0022607082636737	0.0022607082636737	Group D
13:99316455:A:C	13	99316455	Group D	rs4771314	0.880682915449143	-0.0004973659276509	0.0004973659276509	Group D
13:99384340:T:G	13	99384340	G	rs4646214	0.719660276174545	0.0	0.000397415762146	Group D
13:99849213:C:A	13	99849213	A	rs3742131	0.661808371543884	0.0	0.0030099030297703	Group D
13:100007550:T:C	13	100007550	Group D	rs731150	0.739597272872925	-0.0044793594494748	0.0044793594494748	Group B
13:100058519:G:A	13	100058519	A	rs2390277	0.414449462294579	0.0	0.0003977202100142	Group D
13:101110241:G:A	13	101110241	A	rs16957441	0.54058053791523	0.0	0.0004002411818918	Group D
13:101135742:T:C	13	101135742	C	rs3825505	0.708629167079926	0.0	2.11383866279609e-05	Group D
13:101287340:C:T	13	101287340	T	rs946837	0.109327947348356	-0.0008626266946033	0.0004857747239108	Group D
13:102183928:C:A	13	102183928	A	rs9300677	0.364222306013107	0.0	0.000232133475964	Group D
13:102226219:C:T	13	102226219	T	rs9557703	0.410023373365402	-0.0001483893924935	0.00046808826040469994	Group D
13:102741766:C:T	13	102741766	Group D	rs2445943	0.756141626834869	2.37446913714496e-05	2.37446913714496e-05	Group D
13:103339364:AATTCCTCGGCAT:A	13	103339364	A	rs1331779992	0.0	0.0015214065029082	0.00031158017866929994	Group D
13:103377565:A:C	13	103377565	Group D	rs9554894	0.772137647867203	-0.0007370824917439	0.0007370824917439	Group D
13:103507111:T:C	13	103507111	Group D	rs4150274	0.812392443418503	-0.0017224448916263	0.0017224448916263	Group D
13:103517130:A:G	13	103517130	G	rs4150330	0.347700926661491	0.0	0.0005295425492526	Group D
13:103556301:G:A	13	103556301	A	rs9518869	0.664572554826737	0.0	0.0012525518786616	Group D
13:103898953:A:G	13	103898953	G	rs1569272	0.372632616758347	0.000782531880591	0.0005613589416209	Group D
13:106725535:T:G	13	106725535	G	rs4772748	0.50016096830368	-0.0028414661674397	0.0007024804034069998	Group D
13:107062167:C:T	13	107062167	T	rs4772782	0.64134509563446	0.0001793018260141	0.0007042544222273	Group D
13:107111570:A:G	13	107111570	Group D	rs884371	0.776501780748367	0.0018075292611601	0.0018075292611601	Group D
13:107112998:T:C	13	107112998	C	rs7337910	0.387237051129341	-0.0015663820679282	0.00024500843182820005	Group D
13:107126216:C:A	13	107126216	A	rs7981935	0.476209115982056	0.0059871232462348	0.0004244932815423994	Group D
13:107140910:C:T	13	107140910	T	rs7322914	0.443054750561714	-0.0003332487546778	0.0009954195367582	Group D
13:107778491:G:A	13	107778491	A	rs9301192	0.661423629522324	0.0	0.0001822203683748	Group D
13:107788538:G:A	13	107788538	A	rs2769884	0.375156277418137	0.000180478319269	0.00044405956402130005	Group D
13:107820389:G:A	13	107820389	A	rs2769916	0.567783907055855	0.0	0.0006239523041794	Group D
13:107822150:C:T	13	107822150	T	rs2182957	0.669785135984421	0.0	3.16738605368307e-05	Group D
13:108470487:A:G	13	108470487	G	rs9520592	0.44445575773716	0.0	0.0002477999769591	Group D
13:108872521:T:C	13	108872521	Group D	rs7322498	0.835620528459549	-4.15183960188389e-05	4.15183960188389e-05	Group D
13:110254838:G:A	13	110254838	Group D	rs7997116	0.759125030040741	0.001098054980917	0.001098054980917	Group D
13:110258243:G:A	13	110258243	A	rs2391777	0.49287600517273	0.0	1.7921224299409e-06	Group D
13:110258782:T:G	13	110258782	G	rs9515085	0.468573814630508	0.0	0.0002008817738326	Group D
13:110259068:A:G	13	110259068	G	rs1411765	0.637333744764328	0.0008203192084366	0.0011621381934991	Group D
13:110435231:C:T	13	110435231	T	rs1805097	0.537308159470558	0.0	0.0002960150165042	Group D
13:110524704:G:A	13	110524704	A	rs11617606	0.469972318410873	-0.0042377167075351	0.0005085098515327001	Group D
13:110708368:G:A	13	110708368	A	rs872484	0.350673678517342	0.0	4.24901374835132e-05	Group D
13:110717517:G:A	13	110717517	Group D	rs7334921	0.734545296430588	0.001254817190898	0.001254817190898	Group D
13:110900793:G:A	13	110900793	Group D	rs7333277	0.761478853225708	-0.0016850370190271	0.0016850370190271	Group D
13:110907856:G:A	13	110907856	A	rs66656189	0.6573302090168	0.0	0.0016975189230706	Group D
13:110908504:C:T	13	110908504	Group D	rs12583583	0.761527121067047	0.0026000735883809	0.0026000735883809	Group D
13:111060369:A:G	13	111060369	Group D	rs7318742	0.757570910453796	0.0011824754822869	0.0011824754822869	Group D
13:111121620:C:T	13	111121620	T	rs9583500	0.667431950569153	-0.0044143987085106	0.0005430856577739998	Group D
13:111349127:T:C	13	111349127	Group D	rs6650307	0.763073140382767	-0.0002171440747999	0.0002171440747999	Group D
13:111445728:T:C	13	111445728	C	rs9515288	0.52364809513092	-0.0012798290134632	0.0006283549032114	Group D
13:111626255:G:A	13	111626255	A	rs9522032	0.57011441886425	0.0	0.0005856924047768	Group D
13:112249913:T:C	13	112249913	C	rs12873710	0.678668522834778	0.0	0.0016070310990585	Group D
13:112250110:T:G	13	112250110	G	rs8001653	0.614524811506271	0.0	0.0001164764982554	Group D
13:112250239:C:T	13	112250239	Group D	rs4773400	0.788584750890732	-0.0034120397514354	0.0034120397514354	Group D
13:112535690:G:A	13	112535690	A	rs4372592	0.583625435829163	0.0009677219564947	0.00048135480365010005	Group D
13:112652291:G:A	13	112652291	A	rs9549384	0.637783223390579	-0.0001020262202711	0.00045594543376129996	Group D
13:113425965:T:C	13	113425965	Group D	rs748364	0.754269111156464	0.0001803822499481	0.0001803822499481	Group D
13:113496002:T:C	13	113496002	C	rs2013434	0.574957340955734	0.0	0.0005331541232099	Group D
13:113589254:C:G	13	113589254	G	rs7985183	0.246687702834606	-0.0008390292216369	0.0011537399554041997	Group D
13:114023401:G:A	13	114023401	A	rs4907623	0.576935377717018	-0.0009843064599152	0.0007169718467093999	Group D
13:114205883:A:T	13	114205883	Group D	rs9549811	0.740487658977509	-0.0028906528198546	0.0028906528198546	Group D
13:114300692:C:T	13	114300692	T	rs6577059	0.364197504520416	0.0008122026594422	0.0016637391665736002	Group D
13:114471450:T:C	13	114471450	C	rs12323210	0.386118102073669	0.0	0.0011125711200271	Group D
13:114495335:C:A	13	114495335	A	rs7491764	0.528733393549919	-0.00065344038882	0.0004309640340212999	Group D
13:114549015:T:C	13	114549015	C	rs6602910	0.741740047931671	0.0044977400947893	0.0017635004125827998	Group D
13:114625329:G:A	13	114625329	Group D	rs72670616	0.749475765228272	-0.0015186142980413	0.0015186142980413	Group D
13:114625473:C:T	13	114625473	T	rs7996853	0.146030682325363	0.0	0.000354957646815	Group D
13:114830132:C:T	13	114830132	T	rs7986001	0.700036561489105	-0.0126573893477403	0.0005795200490408998	Group D
13:114946692:C:T	13	114946692	T	rs9525293	0.544350948929787	0.0037692479380808	0.0006406269549383997	Group D
13:114960232:A:G	13	114960232	G	rs9525300	0.434486773610115	0.0012913937105145	0.0003978290620792	Group D
14:20512772:G:T	14	20512772	T	rs2775220	0.347059717774391	-0.0027508073262129	0.001003771679592	Group D
14:20528207:G:A	14	20528207	A	rs1958715	0.404155784845352	0.0005690815606331	0.00020496371495449996	Group D
14:20528528:G:A	14	20528528	A	rs2775254	0.306476724147797	0.0008887263824368	4.415696118629999e-05	Group D
14:20666175:C:CA	14	20666175	CA	rs55781225	0.0	-0.0012709358149178	0.00023346708163479984	Group D
14:20770036:T:C	14	20770036	C	rs3742945	0.512756115198135	-7.69710677525845e-05	0.0003583559424111155	Group D
14:20874411:T:C	14	20874411	C	rs61734876	0.628535276651382	0.0102953233528315	0.0029754284852556	Group D
14:20898308:C:T	14	20898308	T	rs17242648	0.462234169244766	-0.0012390587972211	0.0006615215443747	Group D
14:21114194:G:T	14	21114194	T	rs17277543	0.343615701794624	0.0	0.000677468702654	Group D
14:21469151:T:C	14	21469151	C	rs2234636	0.443712574243546	-0.0006007647501606	0.0003002254713916	Group D
14:21526079:C:T	14	21526079	T	rs12437266	0.869340246915817	-0.0023830500258381	0.00033573715012339984	Group D
14:21733457:A:G	14	21733457	Group D	rs12589290	0.913317239284515	-0.0005635152443655	0.0005635152443655	Group D
14:21750308:C:T	14	21750308	T	rs10130023	0.419082596898079	0.0021700439518598	0.0005528253322806998	Group D
14:21790040:G:T	14	21790040	T	rs10151259	0.484877169132233	0.0005584137170975	0.00027337874539800006	Group D
14:21946535:A:G	14	21946535	Group D	rs12435421	0.828900516033173	0.0012954730914412	0.0012954730914412	Group D
14:22102374:T:C	14	22102374	C	rs12894405	0.0	-0.0002211847196475	0.00011032194756880004	Group D
14:22102439:C:G	14	22102439	G	rs35963889	0.645901471376419	-3.75840257205058e-06	0.0005469070852560494	Group D
14:22134018:C:T	14	22134018	T	rs61732411	0.657076835632324	0.0004895654011935	0.0004160499032174	Group D
14:22704222:G:A	14	22704222	A	rs7151220	0.458450630307198	0.0003809247864409	0.0009166251089669001	Group D
14:22736661:T:C	14	22736661	C	rs2331599	0.588015526533127	0.0	0.0007406648950067	Group D
14:22963646:T:C	14	22963646	C	rs226985	0.401639494299889	0.0014908250643756	0.0006927817645615002	Group D
14:22972742:G:A	14	22972742	A	rs2170810	0.0	-0.0015707104745692	0.00016767746479460013	Group D
14:23103040:C:T	14	23103040	T	rs3829405	0.625450891256332	0.0013190801307951	0.0006401978336706999	Group D
14:23283905:C:T	14	23283905	T	rs12432242	0.382380828261375	0.0044654310434704	0.0002795959922443003	Group D
14:23299135:G:T	14	23299135	T	rs1135641	0.79991135597229	0.0005336474278195	0.0003661399193057999	Group D
14:23299286:T:C	14	23299286	C	rs4982685	0.818376129865646	0.0002767016752689	0.00037323603182870004	Group D
14:23312594:G:A	14	23312594	A	rs1042704	0.634976327419281	0.0	0.0004447501850303	Group D
14:23721880:T:G	14	23721880	Group D	rs11629105	0.803036093711853	-0.0026850881765293	0.0026850881765293	Group D
14:23724047:T:C	14	23724047	C	rs7150714	0.249136777222157	0.0	0.0008787892700876	Group D
14:23830042:T:C	14	23830042	C	rs2231798	0.557698377966881	-0.0009657376179562	0.0005872722796477	Group D
14:23840033:C:T	14	23840033	T	rs10137082	0.429679393768311	0.0	0.0016265415528575	Group D
14:23945366:A:G	14	23945366	G	rs2295706	0.278901469707489	0.0	0.0004566623259892	Group D
14:23992742:T:G	14	23992742	G	rs223124	0.613396215438843	0.0018852968051735	0.0005870959144743	Group D
14:24033070:C:T	14	24033070	T	rs2281680	0.688935565948486	0.0	0.0001797441550519	Group D
14:24170289:G:A	14	24170289	A	rs8009273	0.307931464910507	-0.0002632746332601	0.0008371398977921	Group D
14:24184204:G:T	14	24184204	Group D	rs7147842	0.231984892487526	-1.71027235285757e-05	1.71027235285757e-05	Group D
14:24707479:G:A	14	24707479	A	rs34354104	0.698494708538055	0.0	9.46267836612716e-05	Group D
14:25102160:C:T	14	25102160	T	rs8192917	0.672814905643463	0.0	0.0002057705793841	Group D
14:25396079:G:A	14	25396079	A	rs11844412	0.360396119952202	0.0	0.0004274941370362	Group D
14:25459482:T:C	14	25459482	C	rs2332462	0.53027928173542	0.0011558102975419	0.0003431692293342	Group D
14:25694707:C:T	14	25694707	T	rs4143996	0.309010449051857	0.0	4.070604595898e-05	Group D
14:26008008:G:A	14	26008008	A	rs1955890	0.389798498153687	0.0002188585679879	0.0010195653683072001	Group D
14:26320366:G:A	14	26320366	A	rs12888720	0.508580163121223	-0.0003845398260367	0.0006108550310226999	Group D
14:26538918:T:C	14	26538918	C	rs12432888	0.345795512199402	0.0021487266267646	0.0012056276992395	Group D
14:27787255:A:G	14	27787255	G	rs1245793	0.43340665102005	8.12657570994155e-05	0.0006126962958461845	Group D
14:29905068:G:A	14	29905068	A	rs10498303	0.451465865969658	0.0005552436413531	0.0005344266669616999	Group D
14:30454138:T:G	14	30454138	G	rs17096174	0.424911186099052	0.0	0.0004535427548437	Group D
14:30932217:G:A	14	30932217	A	rs1956970	0.375473558902741	0.0	0.0001825117891123	Group D
14:30965557:C:T	14	30965557	T	rs8007496	0.471510061621666	0.0	6.00983565168211e-05	Group D
14:31635342:G:T	14	31635342	T	rs6571392	0.536973342299461	0.0	0.0002991227866123	Group D
14:31858209:C:T	14	31858209	T	rs7157977	0.724391609430313	-0.0002021125944985	0.000273140419083	Group D
14:32392531:C:A	14	32392531	A	rs1278889	0.468344384431839	-0.0013943088826193	0.0007882272726493999	Group D
14:32414145:C:A	14	32414145	A	rs1278926	0.834723126888275	-0.0026965668224824	3.052377736660009e-05	Group D
14:33015014:G:A	14	33015014	Group D	rs7150894	0.749531304836273	-0.0016376874440361	0.0016376874440361	Group D
14:33372759:C:T	14	33372759	T	rs35289879	0.414469134807587	0.0	5.94860324569357e-05	Group D
14:33410749:A:C	14	33410749	C	rs1956002	0.427126076817513	0.0030217342246047	0.0006030967040908997	Group D
14:33530195:A:G	14	33530195	G	rs8007613	0.520639401674271	0.0	0.0002130316773288	Group D
14:33627353:G:A	14	33627353	A	rs11628634	0.401237663626671	-0.0004522673568901	0.0006995901871675	Group D
14:34539781:T:C	14	34539781	C	rs712296	0.249116177856922	3.34295473637429e-05	0.000682415866570157	Group D
14:34712318:T:C	14	34712318	C	rs1952627	0.421608221530914	0.0006243128707093	0.0007273091131282	Group D
14:35061728:A:G	14	35061728	G	rs10130504	0.355732604861259	0.0	0.0009760512280687	Group D
14:35074380:C:T	14	35074380	T	rs7146042	0.896362781524658	-0.0049948650275918	0.0023819672486572	Group D
14:35334555:C:T	14	35334555	T	rs10136352	0.19761922955513	0.0006902812383034	0.0006286341529111	Group D
14:35342238:T:C	14	35342238	Group D	rs8011755	0.834088879823685	0.0008181053262824	0.0008181053262824	Group D
14:35345352:G:A	14	35345352	A	rs1950770	0.459284022450447	0.0017849384441092	0.0005783236075515002	Group D
14:35509571:T:C	14	35509571	C	rs4594164	0.152502091228962	0.0	0.0011382572173063	Group D
14:35703839:T:C	14	35703839	Group D	rs17103120	0.865978461503983	-0.0082620414446322	0.0082620414446322	Group B
14:35834558:C:T	14	35834558	T	rs11621391	0.573629015684128	-0.0054280371484053	0.006167543585107399	Group B
14:35838389:C:T	14	35838389	T	rs12435366	0.0	0.0002630480480695	0.00027401760303450004	Group D
14:35871217:G:A	14	35871217	A	rs8904	0.641381204128265	0.0009016313289385	0.000491795789787	Group D
14:36586785:T:C	14	36586785	C	rs1537428	0.138384924829006	0.0007266958423342	5.44021198212e-05	Group D
14:36673948:T:C	14	36673948	C	rs1958613	0.66697296500206	0.0	0.0004079784170531	Group D
14:36724607:T:C	14	36724607	C	rs2553578	0.402634105086327	-0.0003563907886487	0.00035739770447479997	Group D
14:37149039:A:G	14	37149039	G	rs4605059	0.804005646705627	-0.0014019718194617	0.0012774544266461	Group D
14:37176342:C:T	14	37176342	T	rs2064546	0.431339478492737	0.0002729555518619	0.0001236704579374	Group D
14:37278322:G:A	14	37278322	A	rs7144852	0.578760993480682	0.0015119190764552	0.000245308201262	Group D
14:38277999:C:T	14	38277999	T	rs4901284	0.454099407792091	-0.0032904564292712	0.0002665928751998002	Group D
14:39317894:A:G	14	39317894	Group D	rs1957054	0.822521901130676	-0.0015926527066446	0.0015926527066446	Group D
14:39372231:G:A	14	39372231	A	rs1951228	0.215757644176483	0.0	0.0004915868949906	Group D
14:39413793:C:A	14	39413793	A	rs7155906	0.451246783137322	-0.001515336426689	0.0010182067381237	Group D
14:39556185:G:C	14	39556185	C	rs8018720	0.301833692193031	0.0003043155806325	0.0009761640332728	Group D
14:39644498:G:A	14	39644498	Group D	rs1061583	0.786678433418274	0.0014681971433405	0.0014681971433405	Group D
14:39722023:G:C	14	39722023	C	rs10134365	0.592889273166657	0.0	7.6662616894222e-05	Group D
14:39739324:G:A	14	39739324	Group D	rs1594842	0.7695083796978	-5.3766754155907e-06	5.3766754155907e-06	Group D
14:39886381:T:C	14	39886381	Group D	rs8006321	0.855651623010635	-0.0006755098143262	0.0006755098143262	Group D
14:40888092:G:A	14	40888092	A	rs7147443	0.450152486562729	-0.0009505274751929	0.00043378661204359996	Group D
14:41339819:T:G	14	41339819	G	rs12897166	0.362427833676338	0.0027236109659779	0.0005752407496123	Group D
14:43744480:A:G	14	43744480	G	rs2119331	0.615138763189316	-0.0015553708627631	0.0008412943443348001	Group D
14:44445910:C:T	14	44445910	T	rs10141817	0.361656415462494	0.0	0.000574049301464	Group D
14:45181337:C:T	14	45181337	T	rs811722	0.502225649356842	0.0	0.0006025877302045	Group D
14:50428861:G:A	14	50428861	A	rs17121911	0.715035098791122	0.0	0.0005169545540951	Group D
14:50429179:C:T	14	50429179	T	rs17121913	0.461139386892319	0.0	1.17458233578958e-05	Group D
14:51319812:C:G	14	51319812	G	rs7143937	0.414095216989517	-0.0007145794171188	0.0006148035554964	Group D
14:51328222:C:T	14	51328222	T	rs7143869	0.360134813189507	-0.0005342353174877	0.0007491972748981001	Group D
14:52272061:G:A	14	52272061	Group D	rs4898713	0.755577105283737	0.0004998866146185	0.0004998866146185	Group D
14:52480597:C:T	14	52480597	T	rs1151581	0.565608933568001	0.0	0.0002785909575981	Group D
14:52507429:A:G	14	52507429	G	rs3742536	0.400573426485062	0.0	0.0003595794150184	Group D
14:52707570:T:C	14	52707570	C	rs7161551	0.583160725235939	-0.0012190395167283	0.0006901705014349	Group D
14:55197464:G:A	14	55197464	Group D	rs7143180	0.734430181980133	-5.31472913282751e-05	5.31472913282751e-05	Group D
14:55324848:A:G	14	55324848	Group D	rs8007201	0.751926779747009	0.0006581957988257	0.0006581957988257	Group D
14:55350696:A:G	14	55350696	Group D	rs8004018	0.797291564941406	0.0001143076394246	0.0001143076394246	Group D
14:55411744:T:C	14	55411744	Group D	rs17253619	0.800349271297455	0.0036505200422094	0.0036505200422094	Group D
14:55439318:G:A	14	55439318	A	rs4325453	0.220195434987545	0.0009505793987299	0.0025747956990751003	Group D
14:55818706:T:C	14	55818706	C	rs3742569	0.464943492412567	0.0011165365575124	7.280091233299998e-05	Group D
14:56874865:C:G	14	56874865	G	rs72722099	0.274499283730984	4.52988112557495e-05	0.0008697456494051505	Group D
14:57099859:G:A	14	57099859	A	rs1041316	0.251070328056812	0.0012105881623713	0.0006068001213291	Group D
14:58831142:A:G	14	58831142	G	rs1051858	0.359995141625404	0.0024328360330501	0.00043460232314130025	Group D
14:60034964:C:T	14	60034964	T	rs17834244	0.714763391017914	0.010069343242894	0.0044028157384944	Group B
14:60932752:G:A	14	60932752	A	rs12586711	0.502274692058563	-0.0013578969583049	0.0003772570645607001	Group D
14:60976537:C:A	14	60976537	A	rs33912345	0.775739145278931	0.0001820604686436	7.006454301580002e-05	Group D
14:62435628:C:T	14	62435628	T	rs2784506	0.29369637966156	-0.0007342402921797	0.0007069592532269001	Group D
14:62463129:G:T	14	62463129	T	rs17099370	0.734287798404694	0.0018390338675344	4.7844840221500026e-05	Group D
14:62505654:G:A	14	62505654	A	rs1254916	0.361550703644753	-0.0020504255035634	0.00033087042119879983	Group D
14:62564467:T:C	14	62564467	C	rs2353779	0.537891837954521	-0.0010149246247079	0.0005748424826894001	Group D
14:62705137:C:T	14	62705137	T	rs4902116	0.322548952698708	0.0009995612742688	0.00036846315861459983	Group D
14:62710865:T:C	14	62710865	C	rs4902119	0.348885971307755	0.0012655724971386	3.51063132833999e-05	Group D
14:63279047:T:C	14	63279047	C	rs12882869	0.306900262832642	0.0016451225566757	0.0006189307389475999	Group D
14:64971159:T:C	14	64971159	C	rs10133696	0.765285933017731	0.011066230972716	0.0048201575506575	Group B
14:64977739:A:C	14	64977739	C	rs926803	0.563044676184654	0.0	0.0044188276325592	Group B
14:64995694:G:A	14	64995694	A	rs1453009	0.562128525972366	0.0	0.0012719307301708	Group D
14:64996955:T:C	14	64996955	Group D	rs1453004	0.733099472522736	0.0026893619021633	0.0026893619021633	Group D
14:65246181:T:C	14	65246181	C	rs2357727	0.347239549458027	0.0	0.0006198673357234	Group D
14:65267469:T:C	14	65267469	C	rs230703	0.548152425885201	0.0005424306837451	0.00031822632894939996	Group D
14:65929132:T:C	14	65929132	Group D	rs7140695	0.733517527580261	-0.0001637193751666	0.0001637193751666	Group D
14:66136163:C:A	14	66136163	A	rs35949016	0.678050863742828	0.0009368261627093	0.00037366679615259994	Group D
14:66254578:A:C	14	66254578	C	rs4400971	0.540290856361389	0.0	0.000131347557401	Group D
14:66953534:G:A	14	66953534	A	rs7147360	0.230397069454193	0.0090679774854169	0.0006066716223649994	Group D
14:67958372:A:C	14	67958372	C	rs1980615	0.592846471071243	0.0	0.0001723285322057	Group D
14:67975822:A:C	14	67975822	Group D	rs1077989	0.831159675121307	0.0024128005954552	0.0024128005954552	Group D
14:67979557:G:A	14	67979557	A	rs7155830	0.412189987301827	0.0006012550438506	0.0020698646034508	Group D
14:68053149:A:G	14	68053149	G	rs749271	0.368662843108177	-0.0003346650673914	8.680843785089997e-05	Group D
14:68723484:C:G	14	68723484	Group D	rs3784095	0.744982600212097	0.0013085969390043	0.0013085969390043	Group D
14:69005887:G:A	14	69005887	Group D	rs71423318	0.796335369348526	-0.0004528920364956	0.0004528920364956	Group D
14:69133268:C:T	14	69133268	Group D	rs4902628	0.805460715293884	-0.0006394029760382	0.0006394029760382	Group D
14:69149280:T:C	14	69149280	Group D	rs76615693	0.804347062110901	0.0004972307233335	0.0004972307233335	Group D
14:69180411:T:G	14	69180411	G	rs9323519	0.616907447576523	-0.0020791651697466	0.00030091759083959984	Group D
14:69233836:G:A	14	69233836	A	rs747854	0.523641666769981	-6.14228468409344e-05	0.0005358653810701656	Group D
14:69259502:T:C	14	69259502	Group D	rs11851414	0.830026626586914	0.0001576660792565	0.0001576660792565	Group D
14:69261472:A:G	14	69261472	Group D	rs2236262	0.749428403377533	-6.36138314935874e-05	6.36138314935874e-05	Group D
14:69795199:G:A	14	69795199	A	rs12879377	0.673426651954651	-0.0008031490602428	0.00038226643421140005	Group D
14:70167639:G:A	14	70167639	A	rs7146578	0.563001590967178	0.0	0.0004875002196325	Group D
14:71249230:C:T	14	71249230	Group D	rs10141804	0.925749170780182	-0.0014533722994793	0.0014533722994793	Group D
14:71260091:C:T	14	71260091	T	rs10143031	0.28233687877655	0.0	0.0009702923693633	Group D
14:72176935:G:A	14	72176935	A	rs6574017	0.690858000516892	5.27198847762001e-05	0.0007981652765993998	Group D
14:72461281:C:T	14	72461281	T	rs2283424	0.41347354054451	0.0	0.0002245232021449	Group D
14:72464141:G:A	14	72464141	A	rs4243640	0.318839710950851	0.0	0.0003532396945212	Group D
14:72855939:C:T	14	72855939	T	rs2238192	0.412986880540848	0.0	0.0006680300196214	Group D
14:73422259:C:G	14	73422259	G	rs3815460	0.430049932003021	0.0025028996259893	0.0005480473840846997	Group D
14:73469354:G:A	14	73469354	A	rs12891315	0.402642858028412	0.0	0.0004661690313455	Group D
14:74219367:A:G	14	74219367	Group D	rs887506	0.753704583644867	-0.0007874203454662	0.0007874203454662	Group D
14:74388908:T:C	14	74388908	C	rs1127392	0.375212332606316	0.0	8.54460878701284e-05	Group D
14:74552589:A:G	14	74552589	Group D	rs12232167	0.782486116886139	-0.0020827118397183	0.0020827118397183	Group D
14:74687417:C:T	14	74687417	T	rs4291856	0.455440774559975	0.0	0.0002805284126466	Group D
14:74815239:C:T	14	74815239	T	rs2286425	0.855639165639877	0.0030653272477618	0.0013565538911149999	Group D
14:75038689:T:C	14	75038689	Group D	rs10140101	0.875425428152084	0.0010065237145561	0.0010065237145561	Group D
14:75159007:G:A	14	75159007	A	rs2270424	0.255648130178452	0.0	0.0008407709938074	Group D
14:75699566:C:G	14	75699566	Group D	rs60699541	0.803451675176621	0.0001678564434847	0.0001678564434847	Group D
14:75735859:G:A	14	75735859	Group D	rs4903300	0.764568549394608	-9.79827561827726e-05	9.79827561827726e-05	Group D
14:75884983:C:T	14	75884983	T	rs4899563	0.45836309492588	0.0	0.0006220776642981	Group D
14:75904660:A:G	14	75904660	G	rs3625	0.604044377803803	0.0	7.46395062352776e-06	Group D
14:75971133:A:C	14	75971133	C	rs175702	0.43134591281414	0.0063954168560397	0.0005350875639878998	Group D
14:76543004:G:A	14	76543004	A	rs17783366	0.315505284070969	0.0023720320158806	0.0004456101067626	Group D
14:76584459:C:G	14	76584459	G	rs35205405	0.556568992137909	0.0	5.08324990779164e-05	Group D
14:76939920:G:A	14	76939920	A	rs2921451	0.564719319343567	0.0030916845583952	0.0005003639978458001	Group D
14:77788838:G:A	14	77788838	Group D	rs3759733	0.748080861568451	0.0001100640419117	0.0001100640419117	Group D
14:77844265:G:A	14	77844265	A	rs45527334	0.413603454828262	0.0009325362467387	0.0005527612105311999	Group D
14:77987958:C:A	14	77987958	A	rs2072672	0.384640699625015	-0.0048284198036613	0.00016098857955479991	Group D
14:79863333:T:C	14	79863333	C	rs2167151	0.249760788679123	-0.0011513124207106	0.0002673132586186	Group D
14:79864472:C:T	14	79864472	T	rs2370977	0.271337713301182	-4.93737791093834e-05	0.00039879837736091656	Group D
14:80192862:C:T	14	80192862	T	rs12589656	0.532794630527496	-0.0016531146032713	0.0010404468361629002	Group D
14:80923468:T:C	14	80923468	C	rs6574576	0.287031964957714	0.0013494689209307	0.0003793891989426002	Group D
14:82542483:T:C	14	82542483	C	rs1430477	0.594387799501419	-0.0008110649389047	0.000495955377082	Group D
14:84454874:T:C	14	84454874	Group D	rs8022878	0.811615782976151	0.000842149804703	0.000842149804703	Group D
14:85477753:T:C	14	85477753	C	rs10484113	0.615970700979233	0.0011381285577789	0.0005946932731038998	Group D
14:85736868:G:A	14	85736868	A	rs10498581	0.622574424743652	0.0012094191648093	0.0010776768218904	Group D
14:85747008:A:G	14	85747008	G	rs17796723	0.528044176101685	-0.0026591358484059	6.715805709879997e-05	Group D
14:86012725:T:C	14	86012725	C	rs12889429	0.800370872020721	0.0026994287306261	0.0017718849409074997	Group D
14:86528168:C:A	14	86528168	A	rs17202185	0.525228077173233	-0.0007062305004817	0.0005130533848416999	Group D
14:86636646:A:G	14	86636646	G	rs8016687	0.349572476744652	0.0003359008671776	0.0003640739316151	Group D
14:86645107:C:T	14	86645107	T	rs4899888	0.324416947364807	0.0	7.04935948341438e-05	Group D
14:86825607:T:C	14	86825607	C	rs17122227	0.625481283664703	0.0	0.0011837014794793	Group D
14:86993557:C:T	14	86993557	T	rs1959794	0.616031467914581	0.0004476525306389	0.00044417401451609084	Group D
14:86995594:G:T	14	86995594	T	rs10149036	0.554216888546944	8.21668320261788e-07	0.0006921936826582382	Group D
14:87992800:T:C	14	87992800	C	rs12897521	0.643516200780869	0.0	0.0005587936730315	Group D
14:89388881:G:A	14	89388881	A	rs7159503	0.26813153475523	0.0	0.0002256272475992	Group D
14:89428948:G:A	14	89428948	A	rs17125093	0.620346593856812	0.0005743278221608	0.0006761065156896	Group D
14:89915624:A:C	14	89915624	C	rs7151817	0.324300584197044	-0.0003156823100256	0.0005666437649370001	Group D
14:89989405:G:A	14	89989405	A	rs388603	0.410688164830208	0.0008241027180596	0.0005670094815965999	Group D
14:90041604:C:T	14	90041604	Group D	rs243195	0.77519046664238	0.000175795806671	0.000175795806671	Group D
14:90066451:A:C	14	90066451	C	rs17776811	0.422372424602509	0.0	0.00067540704933	Group D
14:90193167:T:C	14	90193167	C	rs7154488	0.349062407016754	0.0003512618228319	0.0006749133314246999	Group D
14:90918919:C:T	14	90918919	Group D	rs1294522	0.806898260116577	0.0008759297731299	0.0008759297731299	Group D
14:91636532:C:T	14	91636532	T	rs4900072	0.50225290954113	0.0023728552434255	0.00031208709906980006	Group D
14:91695138:A:G	14	91695138	Group D	rs8017969	0.755278307199478	-0.000489987842985	0.000489987842985	Group D
14:92365790:G:A	14	92365790	Group D	rs8013684	0.743129289150238	-0.0016889025298677	0.0016889025298677	Group D
14:92393026:C:T	14	92393026	Group D	rs8012648	0.752709412574768	0.0002709978746135	0.0002709978746135	Group D
14:92441066:C:T	14	92441066	T	rs1051340	0.55306743979454	0.0030276697877262	0.0009923823150624002	Group D
14:93014672:A:G	14	93014672	G	rs737522	0.610584050416946	0.0	0.0002089053079081	Group D
14:93016441:T:C	14	93016441	Group D	rs57851052	0.74710608124733	-0.0015268595942633	0.0015268595942633	Group D
14:93369407:G:A	14	93369407	A	rs10148060	0.533923271298409	0.0	0.0001996161387792	Group D
14:93516465:T:C	14	93516465	C	rs2180369	0.762774848937988	0.0076922079708701	0.0063151902546507	Group B
14:93679624:G:A	14	93679624	A	rs1270631	0.244892500340939	0.0	0.0008304624439894	Group D
14:94088587:G:A	14	94088587	A	rs4905081	0.529409363865852	0.0037123771743387	0.0001221368955184	Group D
14:94258643:A:G	14	94258643	G	rs4905089	0.327797627449036	0.0005889157880958	1.736053081119991e-05	Group D
14:94286525:C:T	14	94286525	T	rs12588988	0.477189981937408	0.0007141732616804	0.0006877905753076999	Group D
14:94427062:G:A	14	94427062	A	rs1950347	0.683271795511246	-0.004813725895388	0.0006103282901253997	Group D
14:94881465:T:C	14	94881465	C	rs17090790	0.177424463629723	0.0	0.0001226649752905	Group D
14:94912896:T:G	14	94912896	G	rs1885137	0.282249768078327	0.0012580213691229	0.0005849820803115	Group D
14:94947318:G:A	14	94947318	Group D	rs12434141	0.766265767812729	0.0020054618868784	0.0020054618868784	Group D
14:94973644:T:C	14	94973644	C	rs7158068	0.374470362067223	-0.0019898462396411	0.0008842716780640999	Group D
14:95027678:G:A	14	95027678	A	rs910349	0.685429829359055	0.0017019232663537	0.0006110942496246998	Group D
14:95473405:T:C	14	95473405	C	rs7146324	0.32266674041748	-0.0023595480715451	0.0006233801704865001	Group D
14:96009307:C:T	14	96009307	T	rs716315	0.223358365893364	0.0029302882173509	1.404461620999227e-07	Group D
14:96026450:G:A	14	96026450	A	rs11624680	0.220939058065414	0.0016921663947635	0.0006175872306508998	Group D
14:96737730:T:C	14	96737730	C	rs12895877	0.674517488479614	-0.0007386281775799	0.0007713399574487001	Group D
14:97180674:A:G	14	97180674	G	rs17280464	0.315110927820206	0.0	0.0004519797298878	Group D
14:97348184:G:A	14	97348184	Group D	rs17191485	0.770706480741501	-0.0021774609726684	0.0021774609726684	Group D
14:97603527:A:G	14	97603527	G	rs7494256	0.368089377880096	-8.5814378378567e-05	0.000595096527771033	Group D
14:98215641:A:G	14	98215641	G	rs765034	0.47434900701046	0.0	0.0002553410364098	Group D
14:98292879:A:G	14	98292879	G	rs7151216	0.413288968801498	0.0	0.000101770564156	Group D
14:98581072:C:T	14	98581072	T	rs1461574	0.587180519104004	0.0011844273965856	0.0005409961821293001	Group D
14:98645610:G:A	14	98645610	A	rs17701958	0.513100001215935	0.0	1.69122017723788e-06	Group D
14:98887510:G:A	14	98887510	A	rs10141191	0.415971949696541	0.0009462479395855	0.0006639490276221999	Group D
14:98924026:A:C	14	98924026	C	rs1380212	0.376632431149483	0.0	0.000165401534373	Group D
14:98924136:C:T	14	98924136	T	rs10146034	0.587906563282013	0.0014060828862539	0.0004525356325471	Group D
14:98987472:G:A	14	98987472	A	rs8022320	0.326719337701798	9.18737056303951e-05	0.0004149187198125049	Group D
14:99149723:C:T	14	99149723	T	rs7147549	0.463299590349197	-0.0008019116178635	0.0006498079890402	Group D
14:99401383:A:C	14	99401383	C	rs200306	0.0	-0.0005284074279283	0.0005092183281871	Group D
14:99480956:C:G	14	99480956	G	rs2026115	0.420144191384316	0.0002246552116983	0.0006888925171037	Group D
14:99497912:G:A	14	99497912	A	rs1257676	0.475155952572823	0.0	0.0003832967125197	Group D
14:99600987:T:C	14	99600987	C	rs1257494	0.328993111848831	0.0	0.0002205647705431	Group D
14:99726000:G:C	14	99726000	C	rs2614462	0.451082566380501	0.0007383896569624	0.0007226700204141	Group D
14:99793689:A:G	14	99793689	G	rs11160510	0.552447494864464	-0.0012750261383668	0.00011079905549789986	Group D
14:99807792:C:T	14	99807792	T	rs1257316	0.426213815808296	-0.0004875276630641	0.00034261286320709993	Group D
14:99860811:C:T	14	99860811	T	rs1257266	0.55021485388279	-0.0014541382450715	0.0008884573515296	Group D
14:99861619:G:A	14	99861619	Group D	rs12100924	0.237933257222176	-0.0002643275326118	0.0002643275326118	Group D
14:100625902:C:T	14	100625902	T	rs7157599	0.412684124708176	0.0003624402516349	0.0006036339145359	Group D
14:100781877:A:C	14	100781877	C	rs9324018	0.370298796892166	0.0	0.0002711023281235	Group D
14:101234716:C:T	14	101234716	T	rs1190821	0.374326521158218	0.0	0.000241045580863	Group D
14:101545096:T:C	14	101545096	C	rs2400968	0.484292659163475	0.0017483064666518	0.0005434184134223002	Group D
14:101919731:C:T	14	101919731	Group D	rs4906117	0.740708965063095	-0.0033225279314012	0.0033225279314012	Group D
14:101936521:G:A	14	101936521	A	rs4906120	0.530463427305222	0.0	3.11245380530979e-05	Group D
14:101963386:A:G	14	101963386	G	rs1889364	0.339949834346771	0.0	0.0005071458707971	Group D
14:102076403:T:C	14	102076403	C	rs1190693	0.419795662164688	-0.0011128901418172	0.0008121996513057001	Group D
14:102094630:T:C	14	102094630	C	rs1190708	0.728191202878952	0.0	0.0008629276414305	Group D
14:102316394:G:A	14	102316394	A	rs1678009	0.373957002162933	0.0	0.0004279619409941	Group D
14:102415595:A:G	14	102415595	Group D	rs1044839	0.794831442832947	-0.0030036666393474	0.0030036666393474	Group D
14:102815042:C:T	14	102815042	T	rs7011	0.711552572250366	0.0027929122614258	0.0007807483728031997	Group D
14:103255461:T:C	14	103255461	C	rs7145882	0.368577668070793	0.0	0.0016114476126097	Group D
14:103265366:T:C	14	103265366	C	rs12436181	0.30542566627264	0.0	0.0004879799026408	Group D
14:103266382:G:A	14	103266382	Group D	rs11624345	0.734354549646378	-0.0045349074484834	0.0045349074484834	Group B
14:103289637:T:C	14	103289637	C	rs12878111	0.320205196738243	-8.89799322308902e-05	0.0013090658920128099	Group D
14:103342049:T:C	14	103342049	C	rs1131877	0.338426750898361	0.0097962457561297	0.002030908590661299	Group D
14:103545602:T:C	14	103545602	C	rs11623646	0.560045352578163	-0.0015209565268517	0.0013326695558042	Group D
14:103566785:C:T	14	103566785	T	rs2297067	0.756023180484772	0.0027126579701448	0.0007819865201501002	Group D
14:103792152:G:A	14	103792152	A	rs11160745	0.648601919412613	0.0	0.000359330767148	Group D
14:103850906:G:C	14	103850906	Group D	rs12147655	0.785657900571823	0.0018595929076305	0.0018595929076305	Group D
14:103901424:G:A	14	103901424	A	rs12894275	0.436216163635254	0.0	0.0006356155199413	Group D
14:104027995:C:T	14	104027995	Group D	rs34896432	0.855927509069443	0.0022457514431255	0.0022457514431255	Group D
14:104095320:G:A	14	104095320	Group D	rs12884809	0.915455448627472	0.0024463290640289	0.0024463290640289	Group D
14:104165927:T:C	14	104165927	C	rs1799796	0.41465428173542	0.0002769917153351	0.0067913031527443	Group B
14:104286210:C:T	14	104286210	Group D	rs17791722	0.811857002973557	0.0023299019016203	0.0023299019016203	Group D
14:104334932:C:T	14	104334932	T	rs61995846	0.667390978336334	0.0	0.0015634715210099	Group D
14:104399640:G:A	14	104399640	Group D	rs17792891	0.844897377490997	-0.0032813544058874	0.0032813544058874	Group D
14:104849583:C:T	14	104849583	T	rs35507185	0.0	0.0	0.0008795381539656	Group D
14:105233095:C:A	14	105233095	A	rs2498804	0.274483634531498	0.0	4.32692366607393e-05	Group D
14:105615648:C:T	14	105615648	T	rs9972231	0.748049461841583	0.0014597965795891	0.00048613402635109995	Group D
14:105690092:C:T	14	105690092	T	rs2010787	0.405016109347343	-9.74967954434043e-05	0.0004791993979423957	Group D
14:106483423:C:T	14	106483423	T	rs67186203	0.0	0.0	8.42662950876632e-05	Group D
14:107094123:C:A	14	107094123	Group D	rs11621753	0.780248016119003	-0.0001580195766572	0.0001580195766572	Group D
15:22784095:G:T	15	22784095	T	rs12900257	0.400767451524735	0.0	0.0002595950342821	Group D
15:22969232:G:A	15	22969232	A	rs7170637	0.576001614332199	0.0	0.0002119862163551	Group D
15:23795542:G:A	15	23795542	A	rs7496565	0.4562529951334	0.0	0.0002501053668164	Group D
15:23948571:G:A	15	23948571	A	rs7497973	0.302050450444222	0.0	0.0002409870142185	Group D
15:23973973:T:C	15	23973973	C	rs1717839	0.409686094522476	0.0	0.0003213594394193	Group D
15:24148457:T:C	15	24148457	C	rs6576648	0.565539848804474	0.0001652072141326	0.00017995582846000002	Group D
15:24152094:G:A	15	24152094	A	rs12148769	0.486066091060638	0.0037484102340319	0.0013794098847011	Group D
15:24922230:C:G	15	24922230	G	rs3742950	0.66420139670372	-0.0003524135498359	0.0004679545685292	Group D
15:25324141:C:T	15	25324141	T	rs4344720	0.257235704362392	-0.0002941631143189	0.00040803712218270003	Group D
15:25926179:C:T	15	25926179	T	rs2076744	0.571471247076988	0.0	0.0049690280850097	Group B
15:25936551:C:T	15	25936551	Group D	rs2291353	0.744991737604141	-0.0049886890515613	0.0049886890515613	Group B
15:26098160:G:A	15	26098160	A	rs11630247	0.68824662566185	0.0016389645654249	0.0007079070261661001	Group D
15:26487465:G:A	15	26487465	A	rs2715573	0.605375736951828	0.0017620080450806	0.0005762848350936997	Group D
15:26833213:G:A	15	26833213	A	rs8024564	0.596111482381821	0.0014796231250426	0.0007197937824542	Group D
15:26887879:T:C	15	26887879	C	rs754185	0.445093601942062	-0.0027698037650956	0.0005485955737320001	Group D
15:27232072:A:G	15	27232072	G	rs11638563	0.486428520083427	-0.0005820914534672	0.0001837385707406001	Group D
15:27276619:C:T	15	27276619	T	rs891802	0.426677295565605	-0.0005451691068153	0.00027302419857120003	Group D
15:27281550:C:T	15	27281550	T	rs6606862	0.635315573215485	-0.0026712999172363	0.0003665615768199998	Group D
15:29347019:T:C	15	29347019	C	rs8040932	0.599021461606026	-0.0002851026709519	0.00032849172987229995	Group D
15:29416901:A:G	15	29416901	G	rs2279482	0.613805496692658	0.0	0.0001097055132021	Group D
15:29893544:T:C	15	29893544	C	rs13329436	0.348552709817886	0.0026082471914884	0.0009049340333525	Group D
15:30018627:T:C	15	30018627	C	rs2229515	0.325030496716499	-0.0009804942228049	0.0013478201282235002	Group D
15:30158508:T:G	15	30158508	Group D	rs9302328	0.737493681907654	-0.0004509894921813	0.0004509894921813	Group D
15:32324277:C:T	15	32324277	T	rs868437	0.458440566062927	0.0	0.0006681971253821	Group D
15:32927476:C:T	15	32927476	T	rs8037818	0.208957323431969	-0.0008543065459002	0.0012182727904941999	Group D
15:32934093:G:A	15	32934093	Group D	rs11635997	0.820688802003861	-1.14655866854465e-05	1.14655866854465e-05	Group D
15:33091400:T:C	15	33091400	C	rs2339156	0.533495050668716	0.0	0.0004164475480248	Group D
15:33277809:A:G	15	33277809	G	rs2597094	0.515260940790176	0.0	0.0006009772103174	Group D
15:33428787:C:T	15	33428787	T	rs17235722	0.78466083407402	-0.0054348660973217	0.0014761856975263003	Group D
15:33872177:C:T	15	33872177	T	rs674155	0.394350150227547	0.0003071077916458	0.0002698732476179	Group D
15:33873751:G:A	15	33873751	A	rs2077268	0.379020446538925	-0.001508297496824	0.00026905110907190014	Group D
15:33925820:A:C	15	33925820	C	rs11072570	0.412736332416534	0.0	0.0016320867651393	Group D
15:34009966:G:A	15	34009966	A	rs12906709	0.472950378060341	0.0010302956477424	0.0006934585894465	Group D
15:34233460:A:G	15	34233460	G	rs4780194	0.490893855690956	0.0	0.0004142823524815	Group D
15:34658419:G:T	15	34658419	T	rs1390425	0.452174764871597	-0.0005138569654322	0.0008364705205723999	Group D
15:34985414:T:C	15	34985414	C	rs6495708	0.657663547992706	0.0	0.0006953503132666	Group D
15:35014639:G:A	15	35014639	Group D	rs11633784	0.799447882175446	0.0012914264170284	0.0012914264170284	Group D
15:35097932:T:C	15	35097932	C	rs7168187	0.509784653782845	-0.0004593769636258	0.0005435236433456999	Group D
15:35119748:C:T	15	35119748	T	rs2015461	0.201269146800041	0.0	0.0003988252261955	Group D
15:35524078:G:A	15	35524078	A	rs7162217	0.339852496981621	-0.0007309670781289	0.0003280332952231	Group D
15:35544380:A:G	15	35544380	G	rs318330	0.448947930335999	0.0002095966146669	0.00044951648557930003	Group D
15:35554272:C:T	15	35554272	T	rs2589536	0.289065971970558	0.000748469778774	0.00028194412305050003	Group D
15:36043491:A:G	15	36043491	G	rs17520774	0.71676903963089	0.0004615527719498	0.0008841508437929001	Group D
15:36049492:G:A	15	36049492	A	rs2947253	0.458102461695671	0.0	0.0001939859547945	Group D
15:36061506:A:G	15	36061506	G	rs1497824	0.504749175906181	0.0023711221237599	0.0007978318633944	Group D
15:36243245:G:A	15	36243245	A	rs10851984	0.339926305413246	0.0009930451422292	0.0018951241391360002	Group D
15:36251454:C:T	15	36251454	Group D	rs6495809	0.746474725008011	0.0015750804017462	0.0015750804017462	Group D
15:36458885:C:T	15	36458885	T	rs1898037	0.381763994693756	0.0015401036625546	0.0007383769793409998	Group D
15:36818225:A:G	15	36818225	G	rs12899716	0.450707241892815	0.0	0.000307878892475	Group D
15:36946303:C:G	15	36946303	G	rs3784678	0.554028618335724	0.0001652879912693	0.00010303354571569999	Group D
15:37178525:G:A	15	37178525	A	rs7173770	0.471539929509163	-0.0007351170193139	0.0007013759727503001	Group D
15:38972177:A:G	15	38972177	G	rs4924287	0.575374937057495	0.0	0.0005327453997989	Group D
15:38975293:G:A	15	38975293	Group D	rs7177672	0.766163104772568	-0.0050535438338513	0.0050535438338513	Group B
15:38975479:C:T	15	38975479	T	rs7183545	0.693312013149262	0.0	0.001320636502806	Group D
15:38988815:C:G	15	38988815	G	rs7165988	0.703738677501679	-0.0036887597186933	0.0006265655098797	Group D
15:39166735:G:A	15	39166735	A	rs7177787	0.672440832853317	0.0012437001396407	0.0005060636686188	Group D
15:39288601:A:C	15	39288601	Group D	rs11070167	0.85575630068779	2.2658738741947e-05	2.2658738741947e-05	Group D
15:39347192:T:C	15	39347192	C	rs4924328	0.36453283727169	0.0	0.0001327578555636	Group D
15:39531313:T:C	15	39531313	C	rs276855	0.435550191998482	-0.0006572175393528	0.0005266141203465999	Group D
15:40340291:T:C	15	40340291	Group D	rs12440899	0.833013021945953	0.0006787531255823	0.0006787531255823	Group D
15:40365851:A:G	15	40365851	G	rs9972424	0.598430007696152	0.0	0.0003223814182884	Group D
15:40655873:G:C	15	40655873	C	rs1898882	0.460841852426529	-0.0018513105338895	0.0004434826120864998	Group D
15:40855210:T:A	15	40855210	A	rs10152546	0.342772561311722	0.004601053918151	0.0005443783079821006	Group D
15:40914177:T:C	15	40914177	C	rs11858113	0.178413216769695	-0.0077279494572388	0.0001792755089154996	Group D
15:42115747:G:C	15	42115747	C	rs3959569	0.690667569637299	0.0	5.50448921018798e-05	Group D
15:42187492:T:C	15	42187492	Group D	rs1197701	0.795964968204498	-0.0009153504299363	0.0009153504299363	Group D
15:42224824:T:C	15	42224824	Group D	rs6493013	0.734831011295319	0.0006650025195604	0.0006650025195604	Group D
15:42301497:T:C	15	42301497	C	rs4924600	0.287751893699169	-5.30827614049937e-05	0.00022507069330170629	Group D
15:42336250:A:G	15	42336250	G	rs1668596	0.480782550573349	0.0014574720892331	0.0007074394699447999	Group D
15:42983923:A:G	15	42983923	G	rs3742993	0.315922652184963	-0.0004530274228955	6.797593260600003e-05	Group D
15:43170793:A:G	15	43170793	G	rs6493068	0.826093989610672	-0.0042196561864065	2.0267812338099593e-05	Group D
15:44943757:A:G	15	44943757	G	rs3759871	0.237746591866016	0.0002735513386657	5.191146707779999e-05	Group D
15:45048651:C:T	15	45048651	T	rs3759880	0.480250373482704	-0.0002988235654223	0.0006552931681832999	Group D
15:45446156:C:T	15	45446156	T	rs2458236	0.263103392720222	0.0001537386642825	0.00021871481818810001	Group D
15:45684508:C:A	15	45684508	Group D	rs1145076	0.784739774465561	0.0013500131575085	0.0013500131575085	Group D
15:45945513:C:T	15	45945513	T	rs682805	0.474667310714722	0.0007457177637295	0.0012617070327298999	Group D
15:48058071:G:A	15	48058071	A	rs532598	0.285058353841305	0.0021968057469405	0.0004375666699605002	Group D
15:48675227:G:A	15	48675227	A	rs919129	0.439149144291878	0.000280318334132	0.0010009092098731001	Group D
15:49285001:G:C	15	49285001	C	rs34895054	0.737023776769638	-0.0012822106564645	0.0005321121731641	Group D
15:50369375:A:G	15	50369375	G	rs41362650	0.616994535923004	0.0008986437609772	0.0008680740673528	Group D
15:50555011:C:T	15	50555011	Group D	rs860526	0.86777840256691	-2.25860823746672e-05	2.25860823746672e-05	Group D
15:51217361:T:C	15	51217361	C	rs2306331	0.375825715065002	0.0	0.0005741622333593	Group D
15:51352249:A:G	15	51352249	G	rs1124769	0.754664462804794	-0.0048707797380255	0.003726721872641	Group D
15:51491854:T:C	15	51491854	C	rs9972359	0.49106630384922	0.0	0.0018272773309968	Group D
15:52184681:G:A	15	52184681	A	rs2303443	0.427113762497902	-4.19382213011399e-05	0.0003885976799796601	Group D
15:52724832:C:T	15	52724832	T	rs1724625	0.209527073800564	0.0001923208490979	0.0005278453464699	Group D
15:54003091:G:A	15	54003091	A	rs551225	0.451002645492554	-0.0016219155998935	0.0002436592074149999	Group D
15:54006275:C:T	15	54006275	T	rs11853157	0.45654328763485	0.0001792214497466	0.0005814082494909	Group D
15:54057672:C:A	15	54057672	A	rs12591101	0.669374066591263	-0.0003350072407531	0.0003200109795748	Group D
15:54059564:G:A	15	54059564	A	rs11635018	0.57064021229744	0.0	3.51830722572803e-05	Group D
15:54169638:G:A	15	54169638	A	rs11853454	0.697212308645248	-0.0013066503114039	0.0006270415326821001	Group D
15:54244477:A:G	15	54244477	G	rs750503	0.480861395597458	0.0	0.0002027374533585	Group D
15:55141265:T:G	15	55141265	G	rs1879332	0.590182840824127	-0.0002108224390877	0.000247836959644	Group D
15:55161542:A:G	15	55161542	G	rs6493722	0.274924114346504	0.0008796504318027	0.00039498863786000004	Group D
15:56328244:A:G	15	56328244	G	rs2414458	0.327513313293457	0.0011566475940684	0.0002254498985758001	Group D
15:56756285:T:G	15	56756285	G	rs1715919	0.729639095067978	0.0119726910481489	0.0007680436924561995	Group D
15:57255775:A:G	15	57255775	Group D	rs11630965	0.780600392818451	-0.000335430010916	0.000335430010916	Group D
15:57824330:A:G	15	57824330	G	rs2279605	0.435997152328491	-2.00781063809592e-05	1.227837521999182e-05	Group D
15:57824472:T:C	15	57824472	C	rs2279607	0.518809929490089	-0.0028010234453511	0.0004321112933503	Group D
15:57854707:C:G	15	57854707	G	rs4774963	0.425977423787117	0.0	0.0005234662069433	Group D
15:57878006:C:T	15	57878006	T	rs2442075	0.510338121652603	0.0006238444189315	0.000583271415934	Group D
15:58613045:G:A	15	58613045	A	rs1037041	0.288056480884552	-0.000107855452424	0.0003760988865199	Group D
15:58812199:C:T	15	58812199	T	rs8028759	0.658261352777481	-0.0018520512172216	0.0006051851192059999	Group D
15:58866156:T:C	15	58866156	C	rs4774308	0.492355889081955	0.0	0.000154730142827	Group D
15:59494673:C:T	15	59494673	T	rs2306787	0.649449014663696	-0.0021721180035634	0.00045985737937430035	Group D
15:59529575:C:T	15	59529575	T	rs8038705	0.856266605854034	-0.0035073987847263	0.0022698025102687	Group D
15:59698848:G:A	15	59698848	A	rs1001839	0.89345366358757	-0.0018014419093702	0.0014332207686618	Group D
15:59892322:C:A	15	59892322	A	rs12912193	0.515599378943443	0.0	0.0003202787750257	Group D
15:59950476:G:A	15	59950476	A	rs4270113	0.366817358136177	-0.0001860345975615	0.0007141296031615	Group D
15:59981515:A:G	15	59981515	G	rs3087328	0.427657923102379	0.0023901550601413	3.263793271959976e-05	Group D
15:60960399:G:A	15	60960399	A	rs12437754	0.543887305259705	0.0	0.0003444163814018	Group D
15:61431996:C:T	15	61431996	T	rs1159814	0.453343659639359	0.0	0.0003227801574583	Group D
15:61951110:T:C	15	61951110	C	rs4775426	0.526911014318466	-0.0002056060535172	0.0006168815908071	Group D
15:62094844:G:A	15	62094844	A	rs11631621	0.505568197369576	0.0008958839350097	0.0005174304840654001	Group D
15:62550257:A:G	15	62550257	G	rs2678430	0.471938675642014	0.0004973176453573	0.00026328249897720004	Group D
15:62617232:G:A	15	62617232	A	rs456084	0.575874543190002	0.0	0.0004375572988832	Group D
15:62817230:A:G	15	62817230	Group D	rs12708474	0.795409244298935	0.0005370543148578	0.0005370543148578	Group D
15:63067538:T:C	15	63067538	C	rs11635027	0.6033471763134	0.0	0.0002280544155217	Group D
15:63111739:T:C	15	63111739	C	rs3816988	0.447824335098267	-0.0012482905074814	0.0004460703754402	Group D
15:63699704:G:T	15	63699704	T	rs290558	0.319339826703072	0.0	0.0003442787294071	Group D
15:64367745:T:C	15	64367745	C	rs332233	0.229473416507244	0.0	0.0004636337616744	Group D
15:64389087:T:G	15	64389087	Group D	rs7181268	0.829921692609787	0.001076192850789	0.001076192850789	Group D
15:64634884:C:A	15	64634884	A	rs6494475	0.485026314854622	0.0001546242189046	0.0012576268053253999	Group D
15:64648186:C:T	15	64648186	T	rs35755513	0.897918182611466	0.003154898985991	0.0009607478414911	Group D
15:64962630:A:C	15	64962630	C	rs11633399	0.234553653001785	0.0021785010803984	0.00020724945164450007	Group D
15:65176648:C:T	15	65176648	Group D	rs1916138	0.755667454004288	9.28617403325273e-05	9.28617403325273e-05	Group D
15:65489128:C:T	15	65489128	T	rs938952	0.530336320400238	0.0	0.0003577983164618	Group D
15:66339400:G:A	15	66339400	A	rs333603	0.455661416053772	-0.0002390806345215	0.0010451722703038	Group D
15:66389156:G:T	15	66389156	T	rs11071858	0.487180542945862	-0.0004389479317873	0.00037920762435819996	Group D
15:66910085:G:A	15	66910085	Group D	rs62013399	0.765792137384415	-0.0001718550528077	0.0001718550528077	Group D
15:66936908:C:T	15	66936908	Group D	rs7163909	0.752045321464539	0.0002254097120912	0.0002254097120912	Group D
15:66958812:A:G	15	66958812	G	rs4325502	0.48478533923626	0.0002508822422156	0.0007035894602315	Group D
15:66966548:A:G	15	66966548	G	rs8040591	0.716129916906357	-0.0021126390080671	0.00014408640262980003	Group D
15:66970760:G:A	15	66970760	A	rs8037955	0.471567958593369	-0.0003755051785559	0.0005980146855747001	Group D
15:67094767:T:C	15	67094767	C	rs34100135	0.519863736629486	0.0	0.0001055345471026	Group D
15:67219949:A:G	15	67219949	G	rs11632271	0.640318727493286	-0.001351615137186	0.0006583013410681	Group D
15:68204357:G:T	15	68204357	Group D	rs7172137	0.808717000484467	-0.0002571186876688	0.0002571186876688	Group D
15:68633773:T:C	15	68633773	Group D	rs8035990	0.784905731678009	-0.0004522062509343	0.0004522062509343	Group D
15:68636798:C:T	15	68636798	T	rs3784344	0.54902808368206	0.0	6.0017312098171e-05	Group D
15:68638492:A:G	15	68638492	G	rs3784346	0.48003380894661	-0.0001863539671606	0.0009997592026038998	Group D
15:68732632:G:T	15	68732632	T	rs11855956	0.344046595692635	0.0018762122912488	0.0007474555396614002	Group D
15:68735104:C:T	15	68735104	T	rs12324867	0.466818174719811	-6.59503253346907e-05	6.278596320189357e-05	Group D
15:68735399:A:G	15	68735399	Group D	rs11858690	0.468529152870178	-8.92880768103726e-05	8.92880768103726e-05	Group D
15:69587410:A:G	15	69587410	G	rs74860015	0.474058651924133	0.0	0.0008806253521213	Group D
15:69597931:G:A	15	69597931	Group D	rs76311754	0.820591980218887	0.0015028557546754	0.0015028557546754	Group D
15:69650898:G:A	15	69650898	Group D	rs1504629	0.771186017990112	7.503546924014e-05	7.503546924014e-05	Group D
15:69957033:A:G	15	69957033	Group D	rs11637542	0.75297424197197	1.29944255562795e-05	1.29944255562795e-05	Group D
15:69998612:G:A	15	69998612	A	rs4777182	0.68341897726059	0.0	0.0004409676059313	Group D
15:70034088:A:C	15	70034088	C	rs16953685	0.53964558839798	-0.0004627317128249	0.0015289890161728002	Group D
15:70186752:A:G	15	70186752	G	rs881053	0.547981578111649	-0.0002293007828478	0.00047753903682659995	Group D
15:70288607:T:C	15	70288607	C	rs939042	0.597356334328651	0.0	0.0004831473488038	Group D
15:70380487:T:C	15	70380487	C	rs2651499	0.6725157558918	0.0	2.43347793596584e-06	Group D
15:70387560:A:C	15	70387560	Group D	rs12441129	0.765763235092163	0.0028579676606658	0.0028579676606658	Group D
15:71209922:A:C	15	71209922	C	rs11634458	0.552517345547676	-4.38958071479938e-05	0.00045014582019300617	Group D
15:71650112:C:T	15	71650112	Group D	rs16955491	0.747985380887985	0.0010543450419028	0.0010543450419028	Group D
15:71666166:G:A	15	71666166	A	rs1561711	0.549474522471428	0.0	0.0004916493319914	Group D
15:71823768:G:A	15	71823768	A	rs4482234	0.518170562386513	-0.0002153955783951	0.0008283263012571001	Group D
15:71925114:T:G	15	71925114	G	rs1542879	0.499107745289803	0.0	1.16466643929841e-05	Group D
15:72509138:C:T	15	72509138	T	rs4506844	0.284554462134838	0.0	0.000481866242904	Group D
15:73027478:T:C	15	73027478	C	rs2277598	0.20757198035717	0.0055653574826196	0.0001736215388201002	Group D
15:73586267:T:C	15	73586267	C	rs2252725	0.495680913329125	-0.0008111288696923	0.0005289283356145999	Group D
15:74328116:A:G	15	74328116	G	rs743580	0.190226465463638	0.0007673466231261	0.00013088677493879996	Group D
15:74336633:T:C	15	74336633	C	rs5742915	0.649980109930039	-0.0008391785066933	0.00046968633311949984	Group D
15:74622678:G:A	15	74622678	A	rs1564782	0.289634197950363	-0.0003806621965463	0.00023792710935529996	Group D
15:74715205:T:C	15	74715205	C	rs11852686	0.520552763342857	-0.0003727532947403	0.0002464346895867	Group D
15:74716609:A:G	15	74716609	G	rs8036030	0.683626669645309	-0.0005438111467709	0.00024728449716360007	Group D
15:75130093:T:C	15	75130093	C	rs12898397	0.276068583130837	-0.0011426392652043	0.00014056863765150016	Group D
15:75499995:T:G	15	75499995	G	rs28509789	0.672903650999069	-0.000426689955552	8.32226822388e-05	Group D
15:75755467:C:T	15	75755467	T	rs4886707	0.245714665949345	-0.0031570485728836	0.0008078717942024	Group D
15:75890612:G:A	15	75890612	A	rs3210683	0.696502393484116	0.0015228709135688	0.0002462356836617	Group D
15:77814544:G:A	15	77814544	Group D	rs7181283	0.781902968883514	0.0008275182965752	0.0008275182965752	Group D
15:77833625:G:A	15	77833625	A	rs11630540	0.486423426866531	0.0	0.0003405089942256	Group D
15:78311343:G:A	15	78311343	Group D	rs8030999	0.79493533372879	0.0004759736037081	0.0004759736037081	Group D
15:78383065:A:C	15	78383065	C	rs8039850	0.644224381446838	0.0	0.0008654888765176	Group D
15:78385810:G:A	15	78385810	Group D	rs11635115	0.734924298524857	0.0028178103463346	0.0028178103463346	Group D
15:78448456:G:A	15	78448456	A	rs11631100	0.656382584571838	0.0	0.0007678621131715	Group D
15:78463890:G:T	15	78463890	Group D	rs11638547	0.872078573703766	0.0022479813239205	0.0022479813239205	Group D
15:78504289:T:C	15	78504289	C	rs12902247	0.52124699652195	0.000663022613325	6.42490150220003e-06	Group D
15:78507316:G:A	15	78507316	A	rs11629576	0.312692482769489	6.83243688614062e-06	0.0009906188792233594	Group D
15:78598931:A:G	15	78598931	Group D	rs12593776	0.872727698087692	0.0001481278835079	0.0001481278835079	Group D
15:79007950:C:T	15	79007950	Group D	rs11638490	0.750163042545319	-0.0001143648181758	0.0001143648181758	Group D
15:79237247:C:G	15	79237247	G	rs1036938	0.535127061605454	0.0064470225466215	0.0002029975501260002	Group D
15:79504879:G:A	15	79504879	A	rs1001460	0.470368674397469	0.002656188414786	0.0006653055589367	Group D
15:80310489:C:T	15	80310489	Group D	rs67355538	0.793963396549225	0.0012989691358853	0.0012989691358853	Group D
15:81040330:C:T	15	81040330	Group D	rs2627319	0.80400282740593	-0.001194148859989	0.001194148859989	Group D
15:81115535:G:T	15	81115535	Group D	rs12592465	0.761404955387116	0.0005099919477042	0.0005099919477042	Group D
15:81315631:A:G	15	81315631	Group D	rs17329068	0.796009111404419	-0.0004235866868409	0.0004235866868409	Group D
15:81598269:T:G	15	81598269	G	rs11556218	0.564721995592117	0.0035627643223084	0.0007072748442105	Group D
15:82241947:A:C	15	82241947	Group D	rs17259163	0.737418037652969	-0.0007052321751022	0.0007052321751022	Group D
15:83240293:A:C	15	83240293	C	rs783544	0.825926542282105	-0.0005781243765562	0.00024583978262890003	Group D
15:83428192:C:T	15	83428192	T	rs1108134	0.167472855746746	0.0081214931582064	0.0004975342989324005	Group D
15:83680329:G:A	15	83680329	A	rs17361375	0.701381176710129	0.0019006382087102	0.0006359501444651	Group D
15:84582124:G:T	15	84582124	T	rs4842838	0.673800003528595	0.0	0.0001400839872284	Group D
15:85260268:A:G	15	85260268	Group D	rs11073663	0.846379595994949	0.0004515340031224	0.0004515340031224	Group D
15:85447431:G:A	15	85447431	A	rs2290272	0.549947768449783	0.0012591986133599	9.740529018279994e-05	Group D
15:88080934:A:G	15	88080934	G	rs4477668	0.402322882413864	0.0001296754014204	0.00040847883156150004	Group D
15:88305189:A:C	15	88305189	C	rs7162769	0.590521019697189	0.0	9.7400513802261e-05	Group D
15:89146534:C:A	15	89146534	A	rs11637762	0.585802245140076	-0.0034068763178208	0.0006493581125751996	Group D
15:89402051:A:G	15	89402051	G	rs1042630	0.479938054084778	0.0	0.0001385549011207	Group D
15:89859994:C:A	15	89859994	A	rs3087374	0.648541533946991	0.0	0.0008216476345422	Group D
15:89945579:G:T	15	89945579	Group D	rs150354	0.803849506378174	0.0001885934190636	0.0001885934190636	Group D
15:89955161:T:C	15	89955161	C	rs7184034	0.452710247039795	-0.001437836877658	0.0005636922708337	Group D
15:89989514:C:T	15	89989514	T	rs11073864	0.277162037789822	-0.0005346420067663	0.0005023648604198001	Group D
15:90015033:A:G	15	90015033	G	rs2072692	0.558178985118866	-0.0005494984799052	0.00016561558724109996	Group D
15:90048428:T:C	15	90048428	C	rs8031036	0.422803282737732	-0.0006253505930523	0.0002856494356623	Group D
15:90196008:C:T	15	90196008	T	rs8179065	0.434963551163673	0.0039530355360846	0.0004515773872548999	Group D
15:90245174:T:A	15	90245174	A	rs4287542	0.17078602835536	-0.002456795016751	0.0003341433548344	Group D
15:90764219:G:A	15	90764219	A	rs4932305	0.67159098982811	0.0024135912103918	0.0002193371717433999	Group D
15:90982756:C:T	15	90982756	T	rs6496675	0.25594562292099	0.0	1.15594715683279e-05	Group D
15:91009484:G:A	15	91009484	A	rs2074585	0.750609213113785	0.0085302618980913	3.194231936560002e-05	Group D
15:91011262:A:G	15	91011262	G	rs2238325	0.251330649852753	0.0108757561998932	0.0004959045254861998	Group D
15:91150111:A:G	15	91150111	G	rs7176303	0.264617337286472	-0.0014538464689484	0.00023382312823409996	Group D
15:91365477:C:T	15	91365477	T	rs8041787	0.489224162697792	-0.0013197390348219	0.00048033297080470006	Group D
15:91452595:A:G	15	91452595	G	rs2106673	0.479532423615456	-0.0011800996732946	0.0002846865090684	Group D
15:91511260:A:G	15	91511260	G	rs12910825	0.473451462388039	0.0	0.0003372802797908	Group D
15:91659842:G:A	15	91659842	Group D	rs8031636	0.747589164972305	-0.0006194608730645	0.0006194608730645	Group D
15:91817813:G:T	15	91817813	T	rs11854719	0.584247094392777	0.0	0.0001422168494416	Group D
15:92552029:T:C	15	92552029	C	rs7495052	0.712754589319229	-0.0009090023942725	0.0006601785107495	Group D
15:92870903:G:A	15	92870903	A	rs936929	0.388870039582253	-0.0015876408343282	0.0006629703171163999	Group D
15:93310575:G:A	15	93310575	A	rs8038332	0.370400822162628	-0.0015160058868142	0.0005605951150689	Group D
15:93388388:T:C	15	93388388	Group D	rs12592319	0.756510448455811	-0.0002933301933894	0.0002933301933894	Group D
15:93530415:G:A	15	93530415	A	rs11634566	0.400526288151741	0.0	0.0001700819498089	Group D
15:93875955:C:G	15	93875955	G	rs12915437	0.41850913465023	0.0	0.0001628554544594	Group D
15:94540121:C:T	15	94540121	T	rs12898390	0.500326019525528	-3.8989913905328e-05	0.00047707689695787196	Group D
15:94561153:C:T	15	94561153	T	rs7183056	0.322163882851601	-0.0004765250263225	0.00021529424356560002	Group D
15:94748728:A:G	15	94748728	Group D	rs1031563	0.826835137605667	-0.0014488637000278	0.0014488637000278	Group D
15:94802762:T:C	15	94802762	Group D	rs8040967	0.863402026891708	0.000618131058939	0.000618131058939	Group D
15:95259881:C:A	15	95259881	A	rs2199722	0.711157357692719	0.0	0.0002099061650363	Group D
15:95511837:A:G	15	95511837	G	rs6496074	0.380292668938637	0.0013269049031729	0.00047359298235469987	Group D
15:96032676:T:C	15	96032676	Group D	rs1424740	0.73322788476944	-0.0006793783589968	0.0006793783589968	Group D
15:96040452:T:C	15	96040452	C	rs17577014	0.365015774965286	0.0010936875334503	0.0012255221933007998	Group D
15:96089577:A:G	15	96089577	G	rs12438417	0.478394114971161	0.0	0.0001881646280139	Group D
15:96091767:A:G	15	96091767	G	rs7182098	0.34461042881012	0.0	0.0001557573477895	Group D
15:96184927:A:G	15	96184927	G	rs11073443	0.434156548976898	0.0001777786574235	0.0005743438497868001	Group D
15:97476082:T:C	15	97476082	C	rs12442455	0.633173590898514	-0.0002301158709024	0.0006357881234491	Group D
15:97922234:C:A	15	97922234	A	rs12148607	0.362502524256706	-0.0022755336208353	0.00045317019540969984	Group D
15:98041445:G:A	15	98041445	A	rs12591344	0.353923538327217	0.0	0.0014356055668394	Group D
15:98047533:G:A	15	98047533	Group D	rs1500639	0.831636291742325	-0.0025020237014365	0.0025020237014365	Group D
15:98221467:G:A	15	98221467	A	rs11854459	0.271488398313522	0.0	0.0001513323752501	Group D
15:98224195:G:A	15	98224195	Group D	rs4479208	0.79083668589592	0.0017890455398531	0.0017890455398531	Group D
15:98235802:C:T	15	98235802	T	rs176459	0.703361970186234	0.0004716145615189	0.0018020746200616	Group D
15:98833418:G:A	15	98833418	A	rs1023781	0.407412758469582	0.0	0.0003139201768135	Group D
15:99130113:T:G	15	99130113	G	rs6598531	0.631495159864426	-0.0013091714857435	0.0005603226557095	Group D
15:99175000:A:G	15	99175000	G	rs11856426	0.535244965553284	0.0	0.000384820742938	Group D
15:99430076:A:G	15	99430076	G	rs11247379	0.5609316021204	0.0	0.000505805077718	Group D
15:99796089:C:T	15	99796089	T	rs2292313	0.609057474136353	-0.0002440937422138	0.0004253692275017	Group D
15:100023034:G:A	15	100023034	Group D	rs1020256	0.735794025659561	-0.0001538070193851	0.0001538070193851	Group D
15:100041291:T:C	15	100041291	C	rs7168482	0.485011637210846	0.0005788534932968	0.0009867995042819	Group D
15:100075170:T:C	15	100075170	C	rs4483828	0.436909031867981	0.0	0.0006589187414792	Group D
15:100078661:T:C	15	100078661	Group D	rs2863279	0.788692033290863	0.0014069299089994	0.0014069299089994	Group D
15:101070929:G:A	15	101070929	A	rs12907869	0.438088828325272	0.0009741961774599	0.0006203272593889001	Group D
15:101250030:G:C	15	101250030	C	rs1157430	0.241935534775257	0.0011516214316167	0.0006156851380483999	Group D
15:101910550:G:A	15	101910550	A	rs20543	0.412201550602913	0.0	0.0001821623687528	Group D
16:115041:C:T	16	115041	T	rs2288490	0.360038232803345	0.0005492292058552	0.0005211019462981	Group D
16:336396:G:A	16	336396	A	rs400037	0.352700541913509	0.0059580685987634	0.0003033955688672993	Group D
16:420140:G:A	16	420140	A	rs3194151	0.720706260204315	-0.0003987801128709	0.0004872543163131	Group D
16:570454:T:C	16	570454	C	rs11863276	0.237949770689011	-0.0015123259761722	0.0002682240661222	Group D
16:604554:T:C	16	604554	C	rs7763	0.677461344003677	0.0	0.0001839399599283	Group D
16:701656:C:T	16	701656	T	rs11642546	0.232589164376259	-0.0018815363588502	1.7456830175000037e-05	Group D
16:716273:T:C	16	716273	C	rs11866949	0.35295344889164	0.0016808248566845	0.0011674298567946999	Group D
16:878161:A:G	16	878161	G	rs2968439	0.557366871833801	0.0014296522270032	0.0008463107648353997	Group D
16:1371154:C:T	16	1371154	T	rs2268049	0.417485320568085	0.0	0.0009031212243602	Group D
16:1530650:A:G	16	1530650	Group D	rs12933998	0.848651087284088	0.0002370159495999	0.0002370159495999	Group D
16:1532463:G:A	16	1532463	Group D	rs13336428	0.908195817470551	0.0007410129612662	0.0007410129612662	Group D
16:2308204:G:A	16	2308204	Group D	rs4787270	0.78788024187088	0.0025932941858966	0.0025932941858966	Group D
16:2323394:G:A	16	2323394	A	rs12599229	0.672727388143539	0.0	0.0013496950215628	Group D
16:2324069:T:G	16	2324069	G	rs150925	0.336658462882042	0.0	0.0003001131429227	Group D
16:2418179:C:G	16	2418179	G	rs61204087	0.414818155765533	0.0	0.0002138246096364	Group D
16:2812939:C:A	16	2812939	A	rs2240140	0.657131165266037	0.0	0.0001926741712824	Group D
16:2821573:C:T	16	2821573	T	rs8017	0.388907667994499	-0.0021224683137334	9.734128708429983e-05	Group D
16:2986323:T:C	16	2986323	C	rs9928222	0.405017334222794	-0.0008794113949671	0.0003242278562825999	Group D
16:3073240:G:T	16	3073240	T	rs10508	0.42713286280632	0.0018099632777575	0.0003254493619514998	Group D
16:3254470:T:C	16	3254470	C	rs1834026	0.7155069231987	-0.0009973465365161	0.0002216308343167999	Group D
16:3405986:G:A	16	3405986	A	rs1218762	0.324064037203789	-0.0082032666162567	0.00030577069218370133	Group D
16:4103871:T:C	16	4103871	C	rs2601828	0.734082025289536	0.0036561595134276	0.0017487404384508999	Group D
16:4414987:G:A	16	4414987	A	rs2277851	0.509900280833244	0.0	0.0002614272687379	Group D
16:4432029:A:C	16	4432029	C	rs3810818	0.45216004550457	-0.0039342680386847	6.584519959120048e-05	Group D
16:4625274:A:G	16	4625274	G	rs1256768	0.476395863294601	0.0031386864015651	0.0006678933194026	Group D
16:4751045:C:T	16	4751045	T	rs863980	0.202870555222034	0.0004724148849287	0.00026116084739150004	Group D
16:4816102:T:C	16	4816102	C	rs58729822	0.432733711600304	0.0	0.0006483954472251	Group D
16:4942099:C:T	16	4942099	T	rs1049205	0.370097941160202	0.0013537420583963	0.0003784598680141001	Group D
16:5097947:A:G	16	5097947	G	rs1127920	0.637623852491379	-0.0019076483029983	0.00046779559869210004	Group D
16:5176121:G:A	16	5176121	A	rs4785993	0.631679075956345	-0.0016904065131631	0.0006523883139192999	Group D
16:5894782:T:C	16	5894782	Group D	rs10500329	0.793562287092209	-0.0002292146535635	0.0002292146535635	Group D
16:6548389:G:A	16	6548389	A	rs809702	0.375921869277954	-0.0003186986420346	0.0006462727409354001	Group D
16:6749871:A:C	16	6749871	C	rs7199760	0.426017361879349	-0.0005622937961556	0.00048427930514600005	Group D
16:7242578:A:G	16	7242578	G	rs11860984	0.484710693359375	0.0	0.0002457205643288	Group D
16:8070661:T:G	16	8070661	G	rs8063301	0.361886021494865	0.0	9.47302321150851e-05	Group D
16:8103157:A:G	16	8103157	G	rs10500360	0.652662461996079	0.0002177264447969	0.0002475951034959	Group D
16:8235618:G:A	16	8235618	Group D	rs4786216	0.784671062231064	-0.0018212862304278	0.0018212862304278	Group D
16:8950273:T:C	16	8950273	C	rs2437704	0.382163751125336	0.0	0.0005305714416585	Group D
16:9049110:C:T	16	9049110	T	rs10500366	0.457020923495293	0.0036942101658878	0.0003796520869450001	Group D
16:9068302:C:T	16	9068302	T	rs12923049	0.41522810459137	0.0008712467413136	0.00048632655457960005	Group D
16:10646843:C:T	16	10646843	T	rs2354418	0.708851873874664	0.0	0.000236070568196	Group D
16:10665509:G:A	16	10665509	A	rs4780948	0.460981926321983	0.0005351195407845	0.0008286148897912	Group D
16:11296285:G:A	16	11296285	A	rs59785529	0.79023123383522	-0.0060833014584058	0.0045125434114022	Group B
16:11305825:T:C	16	11305825	C	rs193769	0.595456510782242	0.0	0.0008942628144102	Group D
16:11308304:G:A	16	11308304	A	rs808004	0.626300555467606	0.0	0.0003925895788184	Group D
16:11406803:C:T	16	11406803	T	rs7191700	0.632004278898239	0.0	0.0001436403607527	Group D
16:11444572:A:C	16	11444572	Group D	rs7204628	0.777340763807297	0.0010157621295383	0.0010157621295383	Group D
16:11497549:A:G	16	11497549	G	rs4078469	0.385012274980545	0.0	0.0002495716729857	Group D
16:11505265:G:T	16	11505265	T	rs67856156	0.666582590341568	0.0	0.0002820989579333	Group D
16:11535576:C:T	16	11535576	T	rs11074989	0.309317606687546	0.0	0.0006459193393633	Group D
16:11544673:G:A	16	11544673	A	rs12932948	0.279213538765907	-0.0020467343496955	3.0178629825499976e-05	Group D
16:11621220:T:C	16	11621220	Group D	rs4131548	0.798439759016037	5.8435379404248e-05	5.8435379404248e-05	Group D
16:11681698:A:G	16	11681698	G	rs12923640	0.71446014046669	0.0	0.0006308474702391	Group D
16:11723276:G:A	16	11723276	Group D	rs72781059	0.77501814365387	-0.0006083532706014	0.0006083532706014	Group D
16:11871262:C:T	16	11871262	T	rs10492854	0.398760479688644	0.0	0.0002399142407187	Group D
16:11889059:T:C	16	11889059	Group D	rs8053548	0.918898677825928	-0.0020807090739382	0.0020807090739382	Group D
16:11945778:C:A	16	11945778	A	rs7198817	0.828737115859985	0.0028666049086383	0.0012887330026098	Group D
16:12213850:T:C	16	12213850	Group D	rs12596703	0.744993209838867	0.000197963977644	0.000197963977644	Group D
16:12243329:G:T	16	12243329	T	rs11643720	0.610822212696075	0.0	0.000442641463031	Group D
16:12544425:G:T	16	12544425	T	rs889814	0.535567545890808	-0.0010319398176951	0.0007159215884058	Group D
16:12613477:T:C	16	12613477	C	rs1034391	0.590940624475479	-0.0005924185216076	0.0007931845005072999	Group D
16:12742340:C:T	16	12742340	T	rs1612572	0.405954477190971	0.0010477894038731	0.0004936304342977999	Group D
16:12848389:G:A	16	12848389	A	rs7184792	0.378080534934998	0.0003056797253913	0.0004840138425749	Group D
16:12871639:T:C	16	12871639	C	rs4536458	0.582699114084244	-0.0009086739790736	0.0006182463631143999	Group D
16:13532687:T:C	16	13532687	Group D	rs1858994	0.754989522695541	-0.0017423756608427	0.0017423756608427	Group D
16:13597626:C:T	16	13597626	T	rs13330029	0.513269805908203	0.0	0.0004806165495657	Group D
16:13879696:A:G	16	13879696	G	rs8052883	0.379114693403244	0.0006423576815739	0.0006221654515022	Group D
16:15820863:C:T	16	15820863	T	rs16967494	0.359011059999466	0.0	4.24452695007888e-05	Group D
16:15945029:C:T	16	15945029	T	rs215570	0.280801111459732	-0.0017905591766759	0.00041976934439190016	Group D
16:16278863:G:T	16	16278863	T	rs8058694	0.360876047611237	-0.0008272028287216	0.00010558030935699995	Group D
16:16910133:G:A	16	16910133	A	rs11646528	0.504637616872788	0.0008756353671619	0.000871051616725	Group D
16:19191331:C:T	16	19191331	Group D	rs7202905	0.761900109052658	-0.0010401357122258	0.0010401357122258	Group D
16:19356005:G:A	16	19356005	A	rs1467897	0.586651653051376	0.0	0.0003105771955117	Group D
16:19373057:T:C	16	19373057	C	rs11510264	0.288340157270432	0.0	0.0001897778644165	Group D
16:20055884:C:T	16	20055884	T	rs2608174	0.444734188914299	0.0	0.0004614708595102	Group D
16:20231496:A:G	16	20231496	G	rs8059941	0.256337861716747	0.0	0.000348846582004	Group D
16:20361087:T:TTCTGCCAGA	16	20361087	TTCTGCCAGA	rs66507639	0.0	0.0	0.0002124947191542	Group D
16:20410547:C:T	16	20410547	T	rs9926580	0.515801993012428	0.001150023645636	4.863058393159993e-05	Group D
16:20441053:C:G	16	20441053	G	rs8062344	0.601274681091309	0.002337027858627	0.0003781348323788	Group D
16:20982891:A:G	16	20982891	G	rs3115435	0.536993250250816	0.0	0.0001053221999689	Group D
16:21740274:C:T	16	21740274	T	rs8050407	0.193492574989796	0.0018287067798433	0.0006463150272321	Group D
16:22178256:G:A	16	22178256	A	rs6497575	0.525926002860069	0.000380784258729	0.0003692426652289	Group D
16:22718938:G:A	16	22718938	A	rs154533	0.263963386416435	0.0	0.000238730333481	Group D
16:22892965:T:C	16	22892965	C	rs208610	0.350773274898529	-0.0007184998725815	0.00040187004240659996	Group D
16:23014125:T:C	16	23014125	C	rs12708646	0.445946818590164	0.0006259085181793	0.000694556332438	Group D
16:23375921:A:G	16	23375921	G	rs238551	0.370353466272354	0.0	4.41062205961713e-05	Group D
16:23903950:A:C	16	23903950	C	rs732798	0.615242975950241	0.0	0.0003760621874695	Group D
16:24019212:C:A	16	24019212	A	rs8055243	0.496423116326332	0.0	4.67762395831914e-05	Group D
16:24837880:A:G	16	24837880	G	rs8058453	0.343807375431061	-0.0024883909301283	0.0005766314054765002	Group D
16:24918048:C:T	16	24918048	T	rs17772929	0.464784419536591	0.0017804177870004	0.00043680284999119984	Group D
16:25097500:T:G	16	25097500	G	rs4787690	0.498992216587067	0.0	1.49928491531645e-05	Group D
16:26471584:A:G	16	26471584	G	rs2106372	0.213192336261272	-0.0011158933057524	0.00030011532206960004	Group D
16:26496167:T:G	16	26496167	G	rs8048015	0.270887546241283	-0.0006938209326225	0.0004181610942167	Group D
16:26542095:G:A	16	26542095	Group D	rs982448	0.735691517591476	-0.0001138105549513	0.0001138105549513	Group D
16:26709540:C:T	16	26709540	T	rs321452	0.31774226129055	-0.0001851297769933	0.00023581842471729998	Group D
16:26713080:G:A	16	26713080	A	rs321448	0.588779744505882	-0.0006533562505778	0.0005777603361118001	Group D
16:26849862:A:G	16	26849862	G	rs161181	0.346768173575401	0.0	0.0001880888457662	Group D
16:27183151:G:A	16	27183151	A	rs10048070	0.474920856952667	-0.0003337536286432	0.00028109324158990005	Group D
16:27374400:A:G	16	27374400	G	rs1801275	0.589878469705582	0.0	0.0002543051926661	Group D
16:27861762:C:T	16	27861762	T	rs9923711	0.604813295602799	0.0019108907284438	0.000542732028747	Group D
16:28072840:G:A	16	28072840	A	rs739591	0.483191460371018	0.002828067224083	0.0005826860497078999	Group D
16:28084349:T:C	16	28084349	C	rs4788036	0.347078582644463	5.90062881820691e-05	0.0006974294757965308	Group D
16:28137248:C:A	16	28137248	A	rs39631	0.534551748633385	0.0	0.0004387511715251	Group D
16:28264210:G:A	16	28264210	Group D	rs11861891	0.788508540391922	0.0005813394005312	0.0005813394005312	Group D
16:28288551:T:C	16	28288551	Group D	rs34952347	0.864242124557495	0.0022202345550699	0.0022202345550699	Group D
16:28883241:A:G	16	28883241	G	rs7498665	0.226646855473518	0.0021692858777422	0.0006417324799999	Group D
16:29674823:A:G	16	29674823	Group D	rs2071420	0.910891914367676	0.0032382388094667	0.0032382388094667	Group D
16:29908433:C:G	16	29908433	G	rs11649499	0.626929181814194	0.0	0.0001359466572125	Group D
16:30466741:A:G	16	30466741	G	rs12599614	0.317481911182404	0.0	0.0006456073055222	Group D
16:30493881:T:C	16	30493881	C	rs11150590	0.465516418218613	0.0132810432965645	0.00015220324784769902	Group D
16:30500761:G:A	16	30500761	A	rs3087438	0.413520836830139	4.85543942489769e-05	0.0004132510029942231	Group D
16:30514723:C:T	16	30514723	T	rs4243232	0.504275727272034	0.0048632283032191	0.0007044728520490002	Group D
16:31088625:A:G	16	31088625	G	rs749670	0.622700327634811	0.0009418889374237	0.00013295651745199991	Group D
16:31298939:T:G	16	31298939	G	rs9937837	0.569848966598511	-0.0014695271980313	0.0006987078250563002	Group D
16:31523113:A:G	16	31523113	G	rs7187900	0.453684785962105	0.0	0.0002506591081079	Group D
16:31540631:A:G	16	31540631	Group D	rs8048218	0.807443594932556	-0.0012154768561069	0.0012154768561069	Group D
16:31717354:T:C	16	31717354	C	rs1406178	0.371984374523163	-0.001006704143033	0.0008143262627309002	Group D
16:47146718:A:G	16	47146718	G	rs10518838	0.502810764312744	0.0021191850373729	0.0006580186794610003	Group D
16:47742695:A:G	16	47742695	G	rs1551300	0.564064621925354	0.0	0.0003454634536359	Group D
16:49517891:T:C	16	49517891	Group D	rs543659	0.745946830511093	-0.0004464743153393	0.0004464743153393	Group D
16:49596029:T:C	16	49596029	C	rs4785323	0.433826240897179	0.0	0.0006163420174346	Group D
16:49685963:C:T	16	49685963	T	rs12933976	0.573690581321716	0.0007069397867503	0.0010116392665016002	Group D
16:49913220:C:T	16	49913220	T	rs1814272	0.30976814776659	0.0	8.96485965083718e-05	Group D
16:50120122:C:T	16	50120122	T	rs2287196	0.40541370511055	0.0023608301799889	0.0006357353237060998	Group D
16:50285394:G:A	16	50285394	Group D	rs3915617	0.870238065719605	0.0010019046237196	0.0010019046237196	Group D
16:50291984:A:C	16	50291984	C	rs11076529	0.570996367931366	-0.0029481168568852	0.00022394988574029988	Group D
16:50292343:T:C	16	50292343	C	rs1540620	0.565346074104309	-0.0008551022022455	0.0011961803302774	Group D
16:50772117:G:A	16	50772117	A	rs11646242	0.559574556350708	0.0	0.0002257628236662	Group D
16:50915814:G:A	16	50915814	A	rs16944836	0.573443633317947	0.0001675747108033	0.0007108351777746	Group D
16:53119733:G:T	16	53119733	Group D	rs12708901	0.77380473613739	0.0015335134881554	0.0015335134881554	Group D
16:53126338:C:T	16	53126338	T	rs8050947	0.592243126034737	0.0	0.0004492762814315	Group D
16:53250926:G:A	16	53250926	Group D	rs1984470	0.870104748010635	0.0023451048816505	0.0023451048816505	Group D
16:53358439:A:G	16	53358439	G	rs3743771	0.538833251595497	0.0	0.0014522060545038	Group D
16:53377003:A:G	16	53377003	G	rs3095573	0.383596462011337	0.0023537207911657	0.0006789294412575001	Group D
16:53513055:T:C	16	53513055	C	rs8049033	0.15704844519496	0.0016471417065133	0.0004557025407582998	Group D
16:53633061:T:G	16	53633061	Group D	rs6499631	0.77024502158165	0.0006340742802389	0.0006340742802389	Group D
16:53800754:G:A	16	53800754	Group D	rs9940128	0.774212670326233	0.0008700866965878	0.0008700866965878	Group D
16:53804965:T:C	16	53804965	C	rs10852521	0.536590823531151	0.0	0.0005981027746989	Group D
16:53808258:A:G	16	53808258	G	rs1477196	0.569829052686691	0.0	0.0003546327268023	Group D
16:54542855:G:T	16	54542855	T	rs8063474	0.554233595728874	0.0009885477371882	0.0008690765442322	Group D
16:54600392:C:A	16	54600392	A	rs11645174	0.451859441399574	-9.988354971141e-05	0.00060680083740579	Group D
16:54655334:G:A	16	54655334	A	rs11863639	0.248078392446041	0.0007586812297866	0.0006571052286712	Group D
16:55178799:T:C	16	55178799	C	rs4784498	0.748677808046341	-0.0018480093656574	0.0016184579332525	Group D
16:55291750:C:T	16	55291750	T	rs8049521	0.612052482366562	-0.0017239235964371	0.0004889629364396	Group D
16:55478526:G:A	16	55478526	A	rs2576545	0.521384966373444	-0.0011209862863459	0.00019041276621760005	Group D
16:55730124:A:C	16	55730124	C	rs5568	0.68676141500473	0.0027045241735836	0.0005963287816553001	Group D
16:56951276:A:G	16	56951276	Group D	rs28168	0.866544580459595	0.0014052649234478	0.0014052649234478	Group D
16:56952098:A:G	16	56952098	G	rs9921780	0.512831923365593	0.0	0.0010285590694087	Group D
16:56985139:A:G	16	56985139	G	rs9989419	0.445676285028458	0.0	0.0001897420448659	Group D
16:56990716:C:A	16	56990716	A	rs247617	0.359399470686913	0.0	3.42716939771156e-05	Group D
16:56993324:C:A	16	56993324	A	rs3764261	0.372140794992447	-0.0009687565784746	0.0006066816969372001	Group D
16:57047164:C:T	16	57047164	T	rs16965037	0.772931843996048	0.004364453135533	0.0020234835454150998	Group D
16:57058582:A:G	16	57058582	G	rs821470	0.656685650348663	0.0016576877769193	0.0014766231841652	Group D
16:57076976:T:C	16	57076976	C	rs289728	0.537500500679016	0.0041471538420887	0.0008159189202147001	Group D
16:57080528:C:A	16	57080528	A	rs289723	0.703993219137192	-0.0030884545976433	0.0009205600238652001	Group D
16:57314934:T:C	16	57314934	C	rs7189707	0.468221336603165	0.0	0.0003462176676175	Group D
16:57331451:T:C	16	57331451	C	rs4566154	0.495352610945702	0.0014650609472814	0.0006312037317748001	Group D
16:58186588:T:C	16	58186588	Group D	rs193867	0.774853563308716	-0.0005462421547296	0.0005462421547296	Group D
16:58319092:C:T	16	58319092	T	rs9923981	0.538562014698982	-0.001214444137102	0.00048401591763740006	Group D
16:58467853:G:A	16	58467853	A	rs4784938	0.637841868400574	0.0	0.0002989732740347	Group D
16:58566304:G:A	16	58566304	A	rs37060	0.382392624020577	0.0019683230947154	0.0006324108910990001	Group D
16:58610637:G:A	16	58610637	A	rs2139580	0.629599004983902	-0.0015388834552126	0.0016234148220106	Group D
16:58713798:G:A	16	58713798	A	rs7191331	0.491071626543999	0.0	6.40240193227983e-05	Group D
16:58715616:T:C	16	58715616	C	rs11640977	0.414954718947411	0.0002749047253542	0.0006106687848242	Group D
16:58855672:C:T	16	58855672	T	rs10083735	0.242378062009811	-0.0030774646520316	0.0005693090263987999	Group D
16:58855816:C:T	16	58855816	T	rs10083736	0.194998082518578	-0.0002914729954587	2.8170719526999935e-06	Group D
16:59739473:T:C	16	59739473	C	rs11076334	0.268569840490818	0.0004513301274516	0.0008725558105546999	Group D
16:60362435:A:G	16	60362435	G	rs12918885	0.276524566113949	-0.0029742033967818	0.0010362972808906	Group D
16:60405936:G:A	16	60405936	A	rs4548847	0.661138409376144	0.0017517909820726	0.0009535473447098001	Group D
16:60432793:G:A	16	60432793	A	rs1423897	0.203340118378401	-0.0002348528374696	0.0006021803596989	Group D
16:61073193:A:G	16	61073193	G	rs1392535	0.321951273083687	0.0	0.0002297488668904	Group D
16:61130372:T:C	16	61130372	C	rs13334680	0.250036798417568	0.0027051465987552	0.0006543329424903003	Group D
16:62719312:T:C	16	62719312	C	rs12925969	0.334525993466377	0.0	4.83976932076623e-05	Group D
16:62776003:A:G	16	62776003	G	rs7500302	0.47615759074688	0.0	0.0007818577005731	Group D
16:63119549:T:C	16	63119549	C	rs1510213	0.429984486103058	0.0	6.81450635987001e-05	Group D
16:65801276:A:C	16	65801276	C	rs12919176	0.613511788845062	-0.0007194863261499	0.0007496833601134	Group D
16:66091892:C:T	16	66091892	T	rs12931030	0.607960170507431	0.0	0.0002131111186575	Group D
16:66101399:A:G	16	66101399	G	rs4785890	0.284437887370586	-0.0001106126525916	0.00014011043120159996	Group D
16:66285286:G:A	16	66285286	A	rs233525	0.66941402554512	0.0	0.0002064980797602	Group D
16:66452616:A:G	16	66452616	G	rs11647799	0.680790960788727	0.0	8.47848449839297e-05	Group D
16:66614008:T:C	16	66614008	C	rs2290182	0.431538882851601	0.002104635787836	0.0012759392583902998	Group D
16:66688103:C:T	16	66688103	Group D	rs355959	0.827627152204514	0.0008033581984408	0.0008033581984408	Group D
16:67381383:G:C	16	67381383	C	rs79636320	0.693428075313568	0.0042172496275799	0.0007771974147556	Group D
16:68665255:C:T	16	68665255	T	rs11075691	0.183070506155491	-0.0007368125935749	0.0007782070029387	Group D
16:68721533:G:C	16	68721533	C	rs1126933	0.762549537420273	0.0011117248962385	0.00030760375513609996	Group D
16:69490554:C:A	16	69490554	A	rs12443696	0.351624739170074	0.0	0.0006185678676078	Group D
16:69581912:T:C	16	69581912	C	rs4783722	0.381298488378525	-0.0005464787378894	0.0009484164458584	Group D
16:69782855:C:T	16	69782855	T	rs3811348	0.447152644395828	-0.0018085909506016	0.00019915353319079998	Group D
16:70323126:C:T	16	70323126	T	rs34087264	0.402531683444977	0.0	0.0033937128179605	Group D
16:70516109:G:A	16	70516109	A	rs12447090	0.750592172145844	-0.00534515034856	0.0047314656582514	Group B
16:70584258:C:A	16	70584258	A	rs11075770	0.447774109244347	0.0	0.0004337901207707	Group D
16:70690989:G:C	16	70690989	C	rs8046424	0.559742343425751	0.0	6.4569147791016e-05	Group D
16:70694000:C:A	16	70694000	A	rs4985556	0.678905594348908	0.0	0.000495247613162	Group D
16:72007399:C:T	16	72007399	T	rs9925415	0.568191999197006	0.0	0.0002168794279826	Group D
16:72984595:C:A	16	72984595	A	rs2213978	0.685371124744415	0.0009287987292776	0.0037891681231865997	Group B
16:73016768:A:C	16	73016768	C	rs17681554	0.465983492136002	-0.0022126824846133	0.0015082112144485997	Group D
16:73019560:T:C	16	73019560	Group D	rs1858801	0.774287390708923	-0.0016025015873009	0.0016025015873009	Group D
16:73773503:G:T	16	73773503	Group D	rs4888688	0.743783682584763	-0.000548955857059	0.000548955857059	Group D
16:74179928:C:T	16	74179928	T	rs2550461	0.435829541087151	-0.0011414823218508	0.0007011631634618999	Group D
16:74186767:A:G	16	74186767	G	rs2550465	0.324007847905159	1.7278995858901e-05	0.000696101480175299	Group D
16:74280573:T:C	16	74280573	C	rs12102785	0.107664686441422	0.0002203514574529	0.0003170727974823	Group D
16:74360929:G:A	16	74360929	A	rs4888213	0.200035212934017	0.0050946544183962	0.00021694170011399977	Group D
16:74469121:G:T	16	74469121	T	rs8063458	0.21503724604845	0.0019297307246257	0.0003172643845592998	Group D
16:75204443:T:C	16	75204443	C	rs12935567	0.416051140427589	0.0	0.0002362965707611	Group D
16:75646685:G:T	16	75646685	T	rs3743598	0.221847072243691	-0.002611550878924	0.000281080851299	Group D
16:76055857:G:A	16	76055857	A	rs3899695	0.374075567722321	0.0	1.75672076313317e-05	Group D
16:76515641:C:A	16	76515641	A	rs12918695	0.59648924767971	0.0	0.0001788413578126	Group D
16:77295830:A:G	16	77295830	G	rs9927552	0.70402929186821	0.0	1.34625026350943e-05	Group D
16:77325325:G:T	16	77325325	T	rs35478105	0.827013313770294	-0.0004365013841636	0.00041333243702009994	Group D
16:77618188:C:T	16	77618188	T	rs409408	0.679480993747711	0.0	0.0019044628576844	Group D
16:77619533:A:G	16	77619533	Group D	rs1110689	0.75733288526535	0.0030931709775958	0.0030931709775958	Group D
16:78309432:T:C	16	78309432	C	rs76826012	0.659520375728607	-0.0002967658765169	0.0017213439705756	Group D
16:78556642:A:G	16	78556642	G	rs2941954	0.272103092074394	0.0	0.0001983574889179	Group D
16:78812564:C:G	16	78812564	G	rs10514444	0.884160631895065	0.0065970885398313	0.0037494882958976003	Group B
16:78813720:A:G	16	78813720	G	rs1477411	0.397125619649887	0.0	0.0008645769000424	Group D
16:79004483:A:C	16	79004483	C	rs1467067	0.494090163707733	-0.0011464356846907	0.0007811542190008999	Group D
16:79040870:T:C	16	79040870	Group D	rs34982954	0.745135372877121	-0.0011797874083144	0.0011797874083144	Group D
16:79185393:C:T	16	79185393	T	rs7201082	0.274479329586029	-0.0001507295609849	0.0006271672178237	Group D
16:79346682:C:T	16	79346682	Group D	rs17710897	0.837343561649323	0.0027523517340898	0.0027523517340898	Group D
16:79353419:C:T	16	79353419	T	rs6564659	0.328104534745216	0.0	0.0001048602392203	Group D
16:79354550:G:A	16	79354550	A	rs4888016	0.30298118442297	0.0	0.0007771148988079	Group D
16:80318894:A:C	16	80318894	C	rs875081	0.63304123878479	-0.0002611648198687	0.0006468404018736	Group D
16:80519879:G:A	16	80519879	A	rs10871386	0.455410522222519	-0.0002099814973221	0.0004724104464854	Group D
16:80759224:C:T	16	80759224	T	rs11648230	0.595386737585068	0.0	0.0029483079615181	Group D
16:80769567:C:T	16	80769567	Group D	rs7498627	0.738364201784134	0.0040994440991019	0.0040994440991019	Group B
16:80865237:T:G	16	80865237	G	rs2549722	0.306261436641216	0.0004695662031311	0.0023435449535563002	Group D
16:81161608:T:C	16	81161608	C	rs16954722	0.487040346860886	-0.0016737531486361	0.0003936791776412	Group D
16:81295902:T:C	16	81295902	C	rs7500996	0.587706306576729	0.0003480072624518	0.0003210209946513	Group D
16:81512821:C:T	16	81512821	Group D	rs2927324	0.84140282869339	-0.0003816284707505	0.0003816284707505	Group D
16:81534790:T:C	16	81534790	C	rs2925979	0.594585710763931	-0.0034553026898411	0.0007329669471740001	Group D
16:81589148:A:G	16	81589148	G	rs34405634	0.380300745368004	0.0	0.0002899633993607	Group D
16:81632769:A:G	16	81632769	G	rs6564894	0.467487037181854	0.0009030513269373	0.0010408729547436999	Group D
16:81665389:A:G	16	81665389	G	rs6564904	0.347629845142365	-0.0027510427494418	0.0004224309154001	Group D
16:81719115:G:A	16	81719115	Group D	rs4889364	0.732636433839798	0.000243793950072	0.000243793950072	Group D
16:81870564:C:T	16	81870564	Group D	rs6564924	0.789604324102402	-0.0009488511484734	0.0009488511484734	Group D
16:81876279:G:T	16	81876279	T	rs8043593	0.629418435692787	0.0	0.0002442807898627	Group D
16:81903800:T:C	16	81903800	C	rs7342694	0.403943619132042	0.0036259990170605	0.00041121125759870005	Group D
16:81917099:G:T	16	81917099	T	rs6564928	0.610829561948776	-0.0006586586724248	0.0009535993584727999	Group D
16:82616636:A:G	16	82616636	G	rs3852718	0.425682842731476	0.0	0.0008030828491209	Group D
16:82812773:T:C	16	82812773	C	rs17276586	0.412462538480759	-0.003063126619297	0.0008698113820952	Group D
16:82874512:T:C	16	82874512	C	rs7202042	0.351807051897049	0.0002312353736421	0.00025846301816689996	Group D
16:82926244:G:A	16	82926244	A	rs2216739	0.6878209233284	0.0026990303815095	0.0008583816528684	Group D
16:83059913:A:C	16	83059913	C	rs8057717	0.399336835741997	-1.31337559377884e-05	0.0004887409739253116	Group D
16:83117017:C:T	16	83117017	T	rs6565115	0.237912817299366	0.0	0.0002204656992298	Group D
16:84072947:T:C	16	84072947	C	rs12716745	0.577681171894074	0.0	0.0003193576708977	Group D
16:84270476:G:A	16	84270476	A	rs11646443	0.500459623336792	4.00412638029483e-05	0.00048736710381465175	Group D
16:84464456:C:T	16	84464456	Group D	rs8044994	0.337522956728935	-2.11200541805419e-05	2.11200541805419e-05	Group D
16:84473004:C:CTT	16	84473004	CTT	Affx-13351636	0.0	-0.0009853509646675	0.0005420684370508	Group D
16:84483348:G:A	16	84483348	A	rs247888	0.544572541117668	0.0004121371439331	0.0006577878214873	Group D
16:84522897:G:C	16	84522897	C	rs436278	0.452776420116425	0.0027099770867097	0.0004052063992814	Group D
16:84581768:C:T	16	84581768	T	rs247832	0.669000786542893	0.0148533608978946	0.000921525332016301	Group D
16:84693879:G:A	16	84693879	A	rs9319452	0.342707926034927	-0.0014651338582516	0.0007006440350359002	Group D
16:84808824:C:G	16	84808824	G	rs774298	0.0	0.0	0.0001963248682833	Group D
16:85141292:T:C	16	85141292	C	rs17200798	0.596819466352463	0.0012897119439324	0.0004935117269436	Group D
16:85219593:T:C	16	85219593	C	rs12596985	0.540464723110199	-0.0008975545194998	0.0005989730992119	Group D
16:85432505:T:C	16	85432505	C	rs12925541	0.63624729514122	0.0002388885567404	0.0005566318309195	Group D
16:85704584:A:G	16	85704584	G	rs2303202	0.509712412953377	0.0004228382966	0.0007062739060501001	Group D
16:85927814:C:T	16	85927814	T	rs391023	0.585950517654419	-0.0022681324890571	0.00022906929509200003	Group D
16:85959165:A:G	16	85959165	G	rs880364	0.508296382427216	-0.0001826967083268	0.0010358874704456	Group D
16:85966801:G:A	16	85966801	A	rs419030	0.684752178192139	0.0	0.0011709470398112	Group D
16:85967920:A:G	16	85967920	Group D	rs56239618	0.779783302545548	0.004685411389652	0.004685411389652	Group B
16:85975659:C:T	16	85975659	T	rs305061	0.57863655090332	0.0	3.73268706806412e-06	Group D
16:85978105:C:T	16	85978105	T	rs305094	0.482023188471794	0.0	0.0008372580680172	Group D
16:86098410:A:G	16	86098410	G	rs7203149	0.362455442547798	0.0	2.61246959274363e-05	Group D
16:86302072:G:A	16	86302072	A	rs9926742	0.485198161005974	0.0	5.64469276426337e-05	Group D
16:86306184:C:T	16	86306184	T	rs4843926	0.451321077346802	0.0	0.0008751397141814	Group D
16:86334618:G:A	16	86334618	A	rs7188112	0.737343221902847	0.0031146394756489	0.0028630605460377	Group D
16:86369306:C:A	16	86369306	Group D	rs3828516	0.783231747150421	0.0007325790354019	0.0007325790354019	Group D
16:87807195:C:T	16	87807195	T	rs11863005	0.585231330990791	-0.0018629785079949	0.0003908669782596002	Group D
16:88016763:G:A	16	88016763	Group D	rs12918162	0.74496927857399	0.0004576966178997	0.0004576966178997	Group D
16:88254979:G:A	16	88254979	A	rs71372753	0.590050500631332	-0.0041517553589065	0.0006452572346173999	Group D
16:88497446:A:G	16	88497446	G	rs7197071	0.378228467702866	-0.0006809508665796	0.0003924906115073	Group D
16:88501034:G:C	16	88501034	C	rs12598474	0.252908581495285	-0.0008828593170003	0.00021252026984239995	Group D
16:88504850:G:C	16	88504850	C	rs1105066	0.325870758295059	-0.0029795892270187	0.0003683058526773998	Group D
16:88531316:T:C	16	88531316	C	rs12595858	0.720731806755066	0.0010777323681072	0.0009472113222927	Group D
16:88552370:A:G	16	88552370	G	rs3751673	0.682616537809372	0.0012301033301588	0.0005736334325014	Group D
16:88849421:A:G	16	88849421	G	rs2608604	0.618181377649307	-0.0088783762366232	0.0005710414748761987	Group D
16:88995512:G:A	16	88995512	A	rs538778	0.415075451135635	1.36246230422984e-05	0.0006717302660933016	Group D
16:89265101:C:T	16	89265101	T	rs74640353	0.0	0.0	0.0001727908536635	Group D
16:89350038:G:A	16	89350038	A	rs2279348	0.460696944594383	-0.0008780480919427	0.0007680559801174001	Group D
16:89573689:A:G	16	89573689	Group D	rs62070320	0.732757890224457	0.002600050651325	0.002600050651325	Group D
16:89628073:G:A	16	89628073	A	rs9930567	0.541328573226929	0.0006760196556032	0.0023301528313219	Group D
16:89656631:A:G	16	89656631	G	rs464274	0.322216910123825	0.0	0.0008631876482734	Group D
16:89672582:A:G	16	89672582	G	rs391773	0.578122341632843	0.0	0.0001794325768937	Group D
16:89730827:T:C	16	89730827	Group D	rs459920	0.802138555049896	0.0010757385822028	0.0010757385822028	Group D
16:90037828:G:A	16	90037828	A	rs4785755	0.581554085016251	-0.0002160931244162	0.00023187779649	Group D
17:13546:T:C	17	13546	C	rs6565704	0.630753493309021	0.0022171871861818	0.0004773176988221001	Group D
17:49864:C:T	17	49864	Group D	rs56209223	0.755881375074387	-0.0007291840630766	0.0007291840630766	Group D
17:123731:T:C	17	123731	C	rs9891976	0.438650691509247	0.0	3.04200997753921e-05	Group D
17:738853:C:T	17	738853	Group D	rs8066620	0.773479282855988	-0.0008254334628994	0.0008254334628994	Group D
17:936300:T:C	17	936300	C	rs8069477	0.543625804781914	0.0	0.0002925617235444	Group D
17:978653:T:C	17	978653	C	rs920750	0.573260349035263	0.0	0.0004561433560097	Group D
17:990890:A:G	17	990890	Group D	rs4510082	0.750823312997818	-0.0023683818750952	0.0023683818750952	Group D
17:990939:A:G	17	990939	G	rs35339359	0.631801211833954	0.0	0.0009061725252487	Group D
17:1168676:C:T	17	1168676	T	rs6502542	0.485807394981384	0.0	0.0006080419987547	Group D
17:1235727:G:A	17	1235727	Group D	rs11650217	0.739165371656418	-0.0003521503178064	0.0003521503178064	Group D
17:1542190:G:A	17	1542190	A	rs2272011	0.600139099359512	0.0	0.0001839078939635	Group D
17:1587639:T:C	17	1587639	Group D	rs7223663	0.813626027107239	-0.0003810663117658	0.0003810663117658	Group D
17:1657653:G:A	17	1657653	A	rs1057335	0.362036150693893	0.0024087705205416	0.0005217850504676998	Group D
17:1690752:G:A	17	1690752	A	rs11549830	0.44679442346096	-0.0054524522633694	0.0005129379966380002	Group D
17:1943880:C:G	17	1943880	G	rs35394823	0.639317655563355	0.0	0.0002177771508713	Group D
17:1965542:G:A	17	1965542	A	rs12451211	0.552769777178764	-0.0016292595770745	0.0014209340111081	Group D
17:1966252:A:G	17	1966252	Group D	rs3803809	0.755122220516205	-0.0015433791925428	0.0015433791925428	Group D
17:2001825:T:C	17	2001825	C	rs7225843	0.343413943052292	-0.0112062037419411	7.068342695109968e-05	Group D
17:2091765:C:T	17	2091765	T	rs903160	0.602553007006645	-0.0032838271092688	4.7519072000033746e-07	Group D
17:2262997:A:C	17	2262997	Group D	rs2447103	0.762424552440643	1.28899291627249e-05	1.28899291627249e-05	Group D
17:2450624:T:C	17	2450624	C	rs7215526	0.388514167070389	-0.0019302346726342	0.0003468253497527999	Group D
17:2600186:G:A	17	2600186	A	rs11078312	0.3555558770895	-0.0007132933648742	0.0006057882267159999	Group D
17:2696336:C:T	17	2696336	T	rs7209248	0.581283617019653	0.0	0.0005242785193597	Group D
17:2715814:C:T	17	2715814	T	rs11652853	0.586774837970734	-0.0042499984957816	0.00035211552886669963	Group D
17:2730682:C:T	17	2730682	T	rs79513044	0.436659049987793	0.0007892437413961	0.0010398420612321001	Group D
17:2883588:C:A	17	2883588	A	rs17762452	0.349104166030884	-0.0105072077714312	0.00024548267031419997	Group D
17:3037477:T:C	17	3037477	C	rs8077339	0.302323022484779	0.0	1.31882350473627e-06	Group D
17:3101578:G:T	17	3101578	T	rs2241091	0.295795279741287	0.0001266312284653	0.0003263652718593	Group D
17:3162280:T:C	17	3162280	C	rs2469798	0.369234308600426	-0.0042932355653426	0.00041278291721239934	Group D
17:3422366:C:A	17	3422366	A	rs925102	0.410455903410912	0.0	4.63856676354654e-05	Group D
17:3486702:G:A	17	3486702	A	rs224534	0.496172565221787	0.0	6.57014536925554e-05	Group D
17:3497570:G:A	17	3497570	Group D	rs7217945	0.756208086013794	2.40289187087662e-05	2.40289187087662e-05	Group D
17:3868738:T:C	17	3868738	Group D	rs9915261	0.807516193389893	-0.0003188959888253	0.0003188959888253	Group D
17:3871323:T:C	17	3871323	Group D	rs11871473	0.736668574810028	-1.77745058959438e-05	1.77745058959438e-05	Group D
17:3947533:G:A	17	3947533	A	rs1006954	0.529610019922257	0.0	0.000237114110684	Group D
17:4310639:C:T	17	4310639	T	rs7207359	0.543276914954186	0.0020943951188282	0.00039653700286539995	Group D
17:4356375:G:T	17	4356375	T	rs11655342	0.500209218263626	-0.0031442849430954	0.00014394957415790003	Group D
17:4433600:G:T	17	4433600	T	rs1351231	0.207610064744949	0.0017711991252284	8.506226593399998e-05	Group D
17:4444164:G:A	17	4444164	Group D	rs35043376	0.739594203233719	0.0024714959172514	0.0024714959172514	Group D
17:4458598:G:C	17	4458598	C	rs3809849	0.747337836027145	0.0034072876830166	0.0005157958480611	Group D
17:4461748:G:A	17	4461748	A	rs7215121	0.41256111562252	0.0016775441891329	0.0003236469185327001	Group D
17:4539392:C:T	17	4539392	Group D	rs7217186	0.762102538347244	-0.0007130940561857	0.0007130940561857	Group D
17:4608052:A:G	17	4608052	Group D	rs7225717	0.7391641497612	-0.0126425912903191	0.0126425912903191	Group A
17:4608622:T:C	17	4608622	C	rs7215300	0.645730400085449	0.0	0.0109551602045577	Group B
17:4638563:G:A	17	4638563	A	rs2277680	0.358989384770393	-0.0084332408596123	0.0004968695920315996	Group D
17:4693054:G:A	17	4693054	A	rs12951761	0.800356829166412	0.0003388657947024	0.0005411656578678001	Group D
17:4699552:G:A	17	4699552	Group D	rs3169950	0.748183292150497	-0.005203014925864	0.005203014925864	Group B
17:4720469:C:T	17	4720469	T	rs1052748	0.378876116871834	0.0	0.0050598978997113	Group B
17:4752260:G:A	17	4752260	A	rs8072531	0.524563550949097	0.0	0.0006771809010362	Group D
17:4807098:T:C	17	4807098	Group D	rs3966782	0.818355011940002	0.0027327550109998	0.0027327550109998	Group D
17:4875628:A:G	17	4875628	G	rs16942615	0.537825131416321	0.000416304540105	0.0024549261438601	Group D
17:4971655:A:G	17	4971655	G	rs4790246	0.685098111629486	0.0	0.0007222510466792	Group D
17:5087040:A:G	17	5087040	G	rs9908414	0.26157224625349	-0.0073460650955974	1.8111985473300528e-05	Group D
17:5237336:T:C	17	5237336	C	rs9901024	0.198239544034004	0.0009346025864885	7.779325271339995e-05	Group D
17:5485367:A:T	17	5485367	T	rs12150220	0.616291254758835	-0.0004694373239625	6.984076728230003e-05	Group D
17:5616579:T:C	17	5616579	C	rs4985651	0.620094203948975	0.0005192621796689	0.0008171107631184999	Group D
17:5740537:G:A	17	5740537	A	rs4985639	0.732502794265747	0.0	7.01452153016225e-05	Group D
17:5758520:G:T	17	5758520	T	rs888321	0.513200461864471	-0.000195417456808	0.0004584568710127	Group D
17:6176186:T:G	17	6176186	G	rs8065083	0.0	0.0	0.0002410439153201	Group D
17:6919093:T:C	17	6919093	C	rs14309	0.732214206457138	-0.0002023324660258	0.001034365983705	Group D
17:7134129:A:G	17	7134129	G	rs222835	0.246456599235535	-0.0035474130869292	0.0003698029651046002	Group D
17:7366619:T:C	17	7366619	C	rs34914463	0.673081254959106	0.0025677384111781	0.0012729196416985996	Group D
17:7485852:A:G	17	7485852	G	rs8066665	0.491184172034264	-0.0050382284986964	0.00027688053224580057	Group D
17:7722365:C:T	17	7722365	T	rs7213894	0.388072913885117	0.0009695307219241	0.00040095355130609996	Group D
17:8022065:G:A	17	8022065	A	rs3027232	0.834791952371597	0.0	0.0005578375655927	Group D
17:8079029:G:C	17	8079029	C	rs8064449	0.727009779214859	0.0031577126624743	0.0002609187281850003	Group D
17:8161149:C:T	17	8161149	T	rs4791641	0.312780472636223	0.0031872765517063	0.0005999497887305	Group D
17:8224276:T:C	17	8224276	C	rs3744647	0.311663918197155	-0.000460377595218	0.00022923841758679998	Group D
17:8241891:A:G	17	8241891	Group D	rs12952489	0.805477213859558	-0.0011837742320391	0.0011837742320391	Group D
17:8243661:G:A	17	8243661	A	rs12601097	0.600082987546921	-0.0012904772852299	0.0017651703490711	Group D
17:8288381:C:T	17	8288381	Group D	rs9911562	0.885943382978439	0.0007767673133	0.0007767673133	Group D
17:8332598:G:A	17	8332598	A	rs937479	0.354744219779968	0.0010609144174729	0.0008686850074629	Group D
17:10324980:C:T	17	10324980	T	rs2277648	0.552310785651207	0.0027092314271582	0.00043795399965069993	Group D
17:10614442:A:G	17	10614442	G	rs406446	0.247349801659584	0.0	0.0001128712394755	Group D
17:11178368:T:G	17	11178368	G	rs11655516	0.431544908881187	0.0	9.95282480088389e-05	Group D
17:11380107:T:C	17	11380107	C	rs2969222	0.367548644542694	0.0	0.0002645204106741	Group D
17:11717399:G:T	17	11717399	T	rs11078033	0.621577835083008	-0.0006149236494114	0.0005509098430752	Group D
17:13395720:G:A	17	13395720	A	rs6502266	0.753690564632416	-0.0020225590237861	0.0018485018885507	Group D
17:14005439:G:A	17	14005439	A	rs2159132	0.647554051876068	-0.0032099739957857	0.00021628795056569984	Group D
17:14294009:G:A	17	14294009	A	rs9303104	0.353086742758751	0.0028042985942802	0.0005714631007283002	Group D
17:14471693:A:G	17	14471693	G	rs9890008	0.475889647006989	0.0	0.0002027741944041	Group D
17:14720326:A:G	17	14720326	G	rs4791601	0.608918327093124	0.0009511650443495	0.0039447293721362	Group B
17:14720878:A:G	17	14720878	Group D	rs8065169	0.450738176703453	0.003208576069881	0.003208576069881	Group D
17:15059276:G:T	17	15059276	T	rs9303126	0.716237223148346	-0.0004643723427961	0.0005934974174789	Group D
17:15345029:G:A	17	15345029	A	rs12941020	0.763501644134522	0.0038127642625135	0.0033275464196099998	Group D
17:15611495:T:C	17	15611495	C	rs3760299	0.447793385386467	0.0	0.000373813210835	Group D
17:15786573:C:T	17	15786573	T	rs9903817	0.464982038736343	0.0	0.0001330942027974	Group D
17:16037626:C:A	17	16037626	A	rs9897388	0.364468228816986	0.0046348629892701	0.00018658249411080026	Group D
17:16233217:C:T	17	16233217	T	rs1476810	0.231252616643906	0.0067295763549365	0.0003087311462624002	Group D
17:17045733:G:T	17	17045733	T	rs3744139	0.52177018225193	-0.0014939550043093	6.666669005699999e-05	Group D
17:17075180:GT:G	17	17075180	G	rs3215213	0.0	0.0029408877862267	0.0010853886294562996	Group D
17:17105682:G:A	17	17105682	A	rs4985749	0.441533249616623	-0.0010879271578113	0.0003118187769292999	Group D
17:17693891:C:G	17	17693891	Group D	rs941444	0.799964171648026	-0.0006076160237465	0.0006076160237465	Group D
17:17696755:C:A	17	17696755	A	rs11649804	0.382946881651878	0.0026351039204649	0.0006844087923542001	Group D
17:17897739:T:C	17	17897739	C	rs4924832	0.691115200519562	0.0078953606360081	0.00024261232788290107	Group D
17:18682505:T:C	17	18682505	C	rs1024657	0.0	0.0	0.0003232712298983	Group D
17:18775900:A:G	17	18775900	G	rs4393623	0.315440779924393	-0.0017618950241513	0.0005759778461791999	Group D
17:19440538:G:A	17	19440538	A	rs894680	0.456605783104897	0.0055767289316251	0.0004589659216345998	Group D
17:19642952:G:C	17	19642952	C	rs2228100	0.464107140898705	0.001393505095914	0.0003705770747988999	Group D
17:19645938:A:C	17	19645938	C	rs887241	0.700944143533707	0.0031957471923488	5.447266986619969e-05	Group D
17:21156860:C:T	17	21156860	Group D	rs8067342	0.863722044229507	-0.0014309112475953	0.0014309112475953	Group D
17:21273837:C:T	17	21273837	T	rs11654455	0.58921335041523	-0.0010831990714518	0.0014578044288085003	Group D
17:21730703:G:A	17	21730703	A	rs72842072	0.752726173400879	0.0033314257149106	0.00047010131781979967	Group D
17:25785742:C:T	17	25785742	Group D	rs883127	0.737727475166321	9.35798347749625e-05	9.35798347749625e-05	Group D
17:26566358:C:A	17	26566358	A	rs171361	0.0	0.0	0.0004085171394706	Group D
17:27438469:G:A	17	27438469	A	rs8076604	0.430505427718163	-0.0006882216540961	0.00015475052562470006	Group D
17:27474974:G:T	17	27474974	T	rs7216760	0.622474485635757	-1.69196713637713e-06	0.0006432406129533229	Group D
17:28059970:T:C	17	28059970	Group D	rs880749	0.898798316717148	-0.0056321832063674	0.0056321832063674	Group B
17:28489670:A:G	17	28489670	G	rs4356528	0.450826478004456	0.0001177448525387	0.0058769739272693	Group B
17:28495672:T:G	17	28495672	G	rs4533341	0.447498285770416	0.0	0.0001903132988525	Group D
17:28672885:A:G	17	28672885	Group D	rs8071110	0.834002327919006	-1.97091179595463e-05	1.97091179595463e-05	Group D
17:30099125:G:A	17	30099125	A	rs7215931	0.363448488712311	0.0	0.0007695343803619	Group D
17:30858399:G:A	17	30858399	A	rs17806429	0.648570597171783	0.0	0.0028095452561519	Group D
17:32198801:A:G	17	32198801	Group D	rs370082	0.881974840164185	0.0005901428553467	0.0005901428553467	Group D
17:32256159:C:T	17	32256159	T	rs7219096	0.743345248699188	-0.0021261539805132	0.0013450246836267002	Group D
17:32342235:G:T	17	32342235	T	rs9892726	0.672205394506455	0.0	0.0004739512609847	Group D
17:32424019:A:C	17	32424019	C	rs2023867	0.392319536209106	0.0	0.000377819617522	Group D
17:32904586:C:T	17	32904586	T	rs887230	0.340982779860497	0.0	0.0001147326519404	Group D
17:34420079:G:A	17	34420079	A	rs9972960	0.643728303909302	-0.0001716546309623	0.0006400027007913999	Group D
17:35851177:A:C	17	35851177	Group D	rs865483	0.857969588041306	-8.6622611698785e-05	8.6622611698785e-05	Group D
17:35956391:G:C	17	35956391	C	rs12944821	0.246415331959724	-0.0005837540645707	0.0005820203472921999	Group D
17:36068728:C:T	17	36068728	T	rs2285740	0.463276287913322	-0.0025025345757315	0.0008689355141658999	Group D
17:36160101:G:A	17	36160101	Group D	rs1960169	0.752692711353302	-0.0010187590051984	0.0010187590051984	Group D
17:36753832:A:G	17	36753832	G	rs3892952	0.855712002515793	0.0018949529925279	0.0016895761364694	Group D
17:37074932:C:T	17	37074932	Group D	rs3744075	0.75159222483635	0.0007512309263304	0.0007512309263304	Group D
17:37082081:A:C	17	37082081	Group D	rs573556	0.782952874898911	-0.000861979378224	0.000861979378224	Group D
17:37187388:T:C	17	37187388	C	rs17603780	0.466098946332932	0.0	9.65475384257463e-05	Group D
17:37908867:C:A	17	37908867	A	rs11078921	0.700564253330231	-0.0015975185438496	0.0008740837871893999	Group D
17:38028633:AG:A	17	38028633	A	rs1484577410	0.0	-0.0064715947512369	0.0008441210828959997	Group D
17:38064469:T:C	17	38064469	C	rs11078928	0.514703163504601	-0.0023566387524532	0.0003057489237952003	Group D
17:38121993:G:A	17	38121993	A	rs3894194	0.326062740385532	0.0022923498890598	0.0002637245738681998	Group D
17:38218804:G:A	17	38218804	A	rs7502233	0.731730562448502	0.0	4.32011282656372e-05	Group D
17:38504241:A:G	17	38504241	G	rs482284	0.529947298765183	-0.0009218265508209	0.0008126566222283999	Group D
17:38645125:A:G	17	38645125	G	rs3764424	0.273284509778023	0.0	7.03797429030833e-05	Group D
17:38755665:C:T	17	38755665	T	rs11656173	0.561467814445496	-0.0017084841063158	0.0010238767252422	Group D
17:38955961:G:A	17	38955961	A	rs4624233	0.210821525752544	-0.0049344840369585	0.00019547039565389994	Group D
17:39041052:C:T	17	39041052	T	rs7212483	0.45058808028698	0.0	0.0007802037731035	Group D
17:39137104:A:G	17	39137104	G	rs9908389	0.832209074497223	0.0	0.0006751038927105	Group D
17:39580660:T:C	17	39580660	C	rs9916724	0.370598381757736	0.0011001390897648	0.00012127610373850002	Group D
17:39620565:C:T	17	39620565	T	rs72830046	0.449126785993576	7.50194858111121e-05	0.0001628542750001879	Group D
17:39883350:G:A	17	39883350	A	rs4523977	0.676739192008972	0.0	0.00028721976141	Group D
17:39967442:T:C	17	39967442	C	rs13412	0.513108015060425	0.0049642598643564	0.00040342611380810023	Group D
17:39983820:G:A	17	39983820	A	rs1046403	0.132669753581285	-0.002553857548395	0.00034223677839819973	Group D
17:40065774:T:G	17	40065774	G	rs2304497	0.565772372484207	0.0004892506247558	2.6504576837400005e-05	Group D
17:40274873:A:C	17	40274873	C	rs1122326	0.68065043091774	0.0035420050184565	0.0005010789936928002	Group D
17:40475650:G:GA	17	40475650	GA	rs3830585	0.0	-0.0004789657783411	0.00037818700207109995	Group D
17:40574281:A:G	17	40574281	Group D	rs7224135	0.76731036901474	-0.0004375861807569	0.0004375861807569	Group D
17:40714804:C:A	17	40714804	A	rs615942	0.761175012588501	0.0022580086682794	0.00016426995978530015	Group D
17:41768051:A:C	17	41768051	C	rs9912855	0.608782923221588	-0.0008389903408887	0.0009422838041113	Group D
17:41824694:C:T	17	41824694	T	rs7342930	0.552489078044891	0.0014555258470273	0.0007320022072621001	Group D
17:41988992:C:T	17	41988992	T	rs3760360	0.439894935488701	-0.0004586869376951	0.0008701340128580001	Group D
17:42259463:G:A	17	42259463	A	rs3180912	0.632039427757263	0.0	0.0001741984034129	Group D
17:42299300:A:G	17	42299300	Group D	rs79539199	0.792248684167862	0.0024098183499156	0.0024098183499156	Group D
17:42300278:C:T	17	42300278	T	rs10208	0.637346708774567	-0.0001366925478915	0.0011333214822674999	Group D
17:42339303:G:T	17	42339303	T	rs2074106	0.284081973135471	0.0073641229042364	0.0002957254706596	Group D
17:42398052:A:G	17	42398052	G	rs2011951	0.636541384458542	0.0037750248409719	0.00020798869714490006	Group D
17:43007951:T:C	17	43007951	C	rs9908100	0.281856754422188	0.0039154714813088	0.0009294267081535997	Group D
17:43333125:C:T	17	43333125	T	rs11651968	0.694911289215088	0.0061245696690565	0.00043981193433320024	Group D
17:44915265:G:A	17	44915265	A	rs1373089	0.664467912912369	0.0	0.0005958231646904	Group D
17:44950122:T:C	17	44950122	C	rs4968281	0.700226444005966	0.0	6.01415916872336e-05	Group D
17:45013271:T:C	17	45013271	Group D	rs17608766	0.762964272499085	-0.0025164013049986	0.0025164013049986	Group D
17:45073737:A:G	17	45073737	G	rs2316759	0.702519524097443	0.0	0.0012183342891547	Group D
17:45198400:G:A	17	45198400	A	rs938904	0.604416304826737	-0.0022355944364241	0.00030694702669090005	Group D
17:45281257:T:G	17	45281257	G	rs17668126	0.683281981945038	0.0	0.0006267090791812	Group D
17:45308047:A:G	17	45308047	G	rs7225575	0.429068127274513	0.0	0.0002197238342473	Group D
17:45451894:G:A	17	45451894	A	rs4968318	0.564666169881821	0.0	0.0002831344233911	Group D
17:46051911:G:A	17	46051911	A	rs886444	0.428328102827072	-0.000120106669894	0.0012346265199548	Group D
17:46561452:T:C	17	46561452	Group D	rs78601515	0.765240544080734	-0.0025020344161256	0.0025020344161256	Group D
17:46629593:G:T	17	46629593	T	rs2229304	0.738284540176392	-0.0020135657032755	0.0006322516682729998	Group D
17:46855837:T:C	17	46855837	C	rs4793987	0.390476641058922	-0.0020362789956275	0.0008574130258783	Group D
17:47241642:G:A	17	47241642	A	rs72835417	0.665024566650391	0.0049054021469767	0.0009218594998390006	Group D
17:47967675:C:A	17	47967675	A	rs365038	0.196765288710594	0.0	0.0003748637992419	Group D
17:47993097:T:C	17	47993097	Group D	rs890399	0.787022346258164	0.0007926891449292	0.0007926891449292	Group D
17:48183736:T:C	17	48183736	C	rs847695	0.661695283651352	0.0	0.0006995778792122	Group D
17:48456193:T:C	17	48456193	C	rs12450550	0.76701238155365	4.02728993265521e-06	0.0007803967047860448	Group D
17:48603503:C:T	17	48603503	T	rs9890721	0.537329366803169	0.0004159404516557	0.0005355645929876	Group D
17:48628581:T:A	17	48628581	A	rs9913677	0.219660195708275	0.0	0.0001573856036789	Group D
17:48727253:G:C	17	48727253	C	rs4793666	0.534653022885323	0.0	0.0002305620796423	Group D
17:49016524:A:G	17	49016524	G	rs7226130	0.444087678194046	0.0005909974742557	0.00076573153144	Group D
17:49886052:C:T	17	49886052	T	rs1501255	0.493481084704399	0.0006848105383753	0.0005851592146375001	Group D
17:50274170:C:T	17	50274170	T	rs17609255	0.413962298631668	0.0016232646748511	0.0004229470609223001	Group D
17:50294106:C:T	17	50294106	T	rs1531993	0.335731801390648	0.000887262645888	0.00012030644575729992	Group D
17:52863699:C:T	17	52863699	T	rs2907627	0.332159800827503	0.0	0.0003275323248201	Group D
17:53145604:G:A	17	53145604	Group D	rs17818238	0.877057617902756	0.0005131736678154	0.0005131736678154	Group D
17:53361838:T:G	17	53361838	G	rs1477141	0.804333555698395	-0.0058929285980169	0.0015216755291258006	Group D
17:54430155:C:T	17	54430155	T	rs12449568	0.269588512182236	0.0	0.0002853318956021	Group D
17:54450038:C:A	17	54450038	Group D	rs957724	0.828688234090805	0.0005122716484091	0.0005122716484091	Group D
17:54675452:C:T	17	54675452	T	rs1442828	0.43419813811779	-0.0014136837049873	0.0009675473736141999	Group D
17:54858579:C:T	17	54858579	Group D	rs11079258	0.753506374359131	-0.0019891928736482	0.0019891928736482	Group D
17:55125582:G:C	17	55125582	C	rs4793843	0.422701242566109	0.0	3.71986858964115e-05	Group D
17:55281020:A:G	17	55281020	G	rs9914199	0.361842501163483	0.0015937825165901	0.0006388944868455	Group D
17:55681549:A:G	17	55681549	G	rs868194	0.844671756029129	-0.0033855642166142	0.0014847540728232	Group D
17:55684997:G:C	17	55684997	C	rs4793556	0.348912596702576	0.0	0.0005523459764804	Group D
17:55930536:T:C	17	55930536	Group D	rs17835016	0.753557586669922	-0.0010388025131309	0.0010388025131309	Group D
17:56083934:G:A	17	56083934	Group D	rs2233911	0.805590480566025	-0.0014820143945565	0.0014820143945565	Group D
17:56271060:T:C	17	56271060	C	rs11079340	0.435718911886215	0.0025631968769795	0.00048088160188430006	Group D
17:56383744:T:C	17	56383744	C	rs11079346	0.646830141544342	0.0	0.0001035836719483	Group D
17:56620167:C:T	17	56620167	T	rs17822735	0.177725185453892	-0.0002151377415803	0.0008048534486847999	Group D
17:57963537:A:G	17	57963537	G	rs1292053	0.266133236885071	-0.0014814588053708	0.00017406009514779998	Group D
17:58024275:A:G	17	58024275	G	rs180515	0.373196831345558	0.0	0.0005443409930773	Group D
17:58121453:G:A	17	58121453	A	rs16943991	0.437808984518051	0.0	0.0012851888236157	Group D
17:59421778:T:G	17	59421778	G	rs4968431	0.60697528719902	0.0	0.000239665262435	Group D
17:59456589:C:T	17	59456589	T	rs9895661	0.612764686346054	-0.0026650231182834	0.0009173673204694002	Group D
17:59675381:C:T	17	59675381	T	rs728368	0.503094977140427	0.0	0.0001627068506687	Group D
17:59761706:A:G	17	59761706	G	rs11871785	0.481108209490776	0.0005574118644694	0.0006627310572362001	Group D
17:60814273:A:G	17	60814273	G	rs9891498	0.62105929851532	0.0	0.0004062294056624	Group D
17:61623052:C:T	17	61623052	T	rs35819807	0.31663818359375	-0.0053691483784445	0.0002005451842618999	Group D
17:62006007:C:T	17	62006007	T	rs12946669	0.474956870079041	0.0005597067779703	0.0005925290922060001	Group D
17:62079286:G:A	17	62079286	A	rs12939821	0.695276641845703	-0.0023791427489443	0.00047831890139749976	Group D
17:62157307:T:C	17	62157307	C	rs196948	0.45278939306736	0.0	0.0016511517100793	Group D
17:62159608:C:T	17	62159608	Group D	rs1971298	0.898632055521011	0.0024136918908007	0.0024136918908007	Group D
17:62404342:A:G	17	62404342	Group D	rs12947510	0.741473585367203	-0.0023625999277624	0.0023625999277624	Group D
17:63063412:T:C	17	63063412	C	rs1476171	0.566947722434998	0.0026717876337329	0.0009763980973523001	Group D
17:63554591:G:A	17	63554591	A	rs2240308	0.661441022157669	-0.0001848694644312	0.0004206344790006999	Group D
17:63748853:G:T	17	63748853	T	rs7210851	0.332351565361023	-0.0005152842865072	0.0007386664509690001	Group D
17:64211973:G:A	17	64211973	A	rs2873966	0.621913802623749	0.0002804771874005	0.0008890362997348001	Group D
17:64809835:T:G	17	64809835	G	rs4791034	0.437991467118263	-0.0029814370069952	0.0006404827965374002	Group D
17:65419210:A:G	17	65419210	G	rs4791297	0.831243270635605	0.002553402668508	0.0014579679435248	Group D
17:65713369:C:T	17	65713369	T	rs3760221	0.801389491558075	0.003554708689833	0.0025696490944138	Group D
17:65792997:G:A	17	65792997	Group D	rs12600551	0.75067885518074	0.0009539198162987	0.0009539198162987	Group D
17:65814382:C:G	17	65814382	Group D	rs3936134	0.803659957647324	0.000714422587983	0.000714422587983	Group D
17:66038556:G:A	17	66038556	A	rs62084697	0.18138263374567	0.0022187984998779	0.0015962158699453	Group D
17:66576439:G:T	17	66576439	Group D	rs2907384	0.773162335157394	0.0002204753623077	0.0002204753623077	Group D
17:67267317:T:C	17	67267317	C	rs557491	0.562100061774254	0.0	3.51157633539214e-05	Group D
17:67334019:A:G	17	67334019	G	rs520585	0.325209957361221	0.0	0.0004682884379289	Group D
17:68201359:T:C	17	68201359	C	rs1468473	0.37494370341301	-0.0001383977567006	0.0004621693983062	Group D
17:68296785:C:T	17	68296785	T	rs1606656	0.51725666821003	-0.0011490920928545	0.00010222006738400016	Group D
17:68324335:C:T	17	68324335	T	rs312688	0.346403673291206	0.0002838000336274	0.0004320902081213	Group D
17:68517997:T:C	17	68517997	C	rs9915486	0.693114411830902	-0.0045081951619415	0.0005791415642044002	Group D
17:69887006:A:G	17	69887006	G	rs8080992	0.277604447305203	-0.0011804966136066	0.000323030110395	Group D
17:69888533:C:T	17	69888533	T	rs9302942	0.328484198451042	-0.001187841149189	0.0002274585561672	Group D
17:70315292:A:G	17	70315292	G	rs9907106	0.566775968670845	0.0	0.0001062842078592	Group D
17:70346617:G:A	17	70346617	Group D	rs9789073	0.800244683027268	0.0010197608679824	0.0010197608679824	Group D
17:71188283:C:T	17	71188283	Group D	rs9902795	0.802911520004273	0.0004853010155073	0.0004853010155073	Group D
17:71488139:A:G	17	71488139	G	rs1872076	0.445336657762527	0.0	0.002429070929485	Group D
17:71490104:C:T	17	71490104	Group D	rs1872077	0.785673344135284	-0.002349321759695	0.002349321759695	Group D
17:71848922:C:A	17	71848922	A	rs2586822	0.245938858389854	0.0012854844427299	0.0005387996732031	Group D
17:72083181:C:T	17	72083181	T	rs6501692	0.66258157491684	0.0	0.0008882171199718	Group D
17:72249229:C:A	17	72249229	A	rs9899862	0.620392590761185	-0.0029492632641755	0.0006976073018743999	Group D
17:72584764:C:T	17	72584764	T	rs783239	0.502977234125137	0.0011127612434745	0.0007136083686236001	Group D
17:72700943:A:G	17	72700943	G	rs35489971	0.583612996339798	0.0124009789928576	0.00039179319113340043	Group D
17:72743120:C:T	17	72743120	Group D	rs3178300	0.761431336402893	0.0005407976793024	0.0005407976793024	Group D
17:73064951:G:A	17	73064951	A	rs72844534	0.487138351798058	-0.0030537064690981	0.0007375298385546999	Group D
17:73519413:C:T	17	73519413	T	rs8064529	0.380522963404655	0.0002341007730644	0.0005218749700908999	Group D
17:73552185:G:A	17	73552185	A	rs1671036	0.3325120896101	0.0010937758196179	6.288512565209999e-05	Group D
17:73627539:T:C	17	73627539	C	rs820196	0.514248958230019	0.0025629522275706	0.0025852063117302003	Group D
17:73681326:C:T	17	73681326	Group D	rs820225	0.747221839427948	0.0027257325271625	0.0027257325271625	Group D
17:73779198:A:C	17	73779198	Group D	rs8076052	0.794630020856857	-0.0014714481525438	0.0014714481525438	Group D
17:73827205:T:C	17	73827205	C	rs1135688	0.358391162753105	0.0	0.0014780457269448	Group D
17:74076415:G:A	17	74076415	A	rs2257020	0.762952077388763	0.0037836641839121	0.0002965201542733005	Group D
17:74195151:C:T	17	74195151	T	rs8067947	0.486170446872711	0.0036260594666924	0.0007033555520365997	Group D
17:74442942:A:G	17	74442942	G	rs16968960	0.477610138058662	0.0011766389672156	0.0007164713554412001	Group D
17:74941670:T:C	17	74941670	C	rs11077878	0.446682944893837	0.0	0.0002285512444318	Group D
17:75279309:A:G	17	75279309	Group D	rs1715489	0.789793574810028	-0.0021570209490772	0.0021570209490772	Group D
17:75352173:A:G	17	75352173	G	rs7359497	0.535842502117157	0.0004336204576639	0.0025774118627747	Group D
17:75373362:C:A	17	75373362	Group D	rs35971812	0.779047417640686	-0.0026808455115883	0.0026808455115883	Group D
17:75663276:T:C	17	75663276	Group D	rs8075784	0.810355585813522	-0.001285032480693	0.001285032480693	Group D
17:76157266:T:C	17	76157266	C	rs4071641	0.632157146930695	-0.0015978402370199	0.00040694601794160007	Group D
17:76221428:T:C	17	76221428	C	rs1042542	0.420519053936005	0.0	0.0003320248880533	Group D
17:76262742:A:G	17	76262742	Group D	rs1075927	0.737297165393829	0.0017138766489551	0.0017138766489551	Group D
17:76490083:G:A	17	76490083	A	rs691912	0.511633524298668	-0.0003280899527551	0.00030111552964089995	Group D
17:76497920:C:A	17	76497920	A	rs690844	0.572404742240906	-0.001609139867258	0.0002452704812223	Group D
17:76503593:T:C	17	76503593	C	rs9896398	0.621618086099625	0.0	0.000161929539397	Group D
17:76799795:G:A	17	76799795	A	rs1057040	0.594675374031067	-0.004200235190984	1.1731324646000255e-05	Group D
17:76817090:C:T	17	76817090	T	rs3744793	0.476762264966965	-0.0004897204112746	0.00041979613355869996	Group D
17:77220594:C:A	17	77220594	A	rs17674253	0.43136120736599	-0.001869670681578	0.0004722361361566001	Group D
17:77257245:A:C	17	77257245	C	rs9302890	0.471812579035759	-0.0005330419753516	0.00068831936057	Group D
17:77277490:C:A	17	77277490	A	rs11077420	0.516517791152	0.0006579706316056	0.0005599581453572	Group D
17:77888965:C:A	17	77888965	A	rs1663187	0.458696100115776	-0.0061947844686752	0.0006564714985755997	Group D
17:77924776:C:T	17	77924776	T	rs1285293	0.76642005443573	-0.0033163124134164	0.0014837042408884001	Group D
17:78293189:A:T	17	78293189	T	rs55996424	0.396825847029686	-0.0018762653859631	0.0007255478233914	Group D
17:78444948:A:C	17	78444948	C	rs11869626	0.400069683790207	0.0012004653412552	0.0008286616654457999	Group D
17:78527294:G:A	17	78527294	A	rs7209040	0.431856802105904	0.0	0.0022775956045243	Group D
17:78533811:G:A	17	78533811	Group D	rs9892100	0.776193791627884	-0.003858616406043	0.003858616406043	Group B
17:78599067:T:G	17	78599067	G	rs9319606	0.417102712392807	0.0	8.26372216755804e-05	Group D
17:78971283:A:C	17	78971283	Group D	rs8081168	0.8233831346035	0.0041637051626883	0.0041637051626883	Group B
17:78971536:C:T	17	78971536	T	rs9989483	0.731469696760178	0.0	0.0021315229604704	Group D
17:79089590:A:G	17	79089590	G	rs4969391	0.507924267649651	-0.0006470947086415	0.0005199826287779	Group D
17:79637367:C:G	17	79637367	G	rs7226091	0.226793304085732	0.0007721496778551	0.0003713423068072999	Group D
17:80071450:G:A	17	80071450	A	rs11653662	0.568676254153252	0.000379984667703	0.0003689256822089	Group D
17:80352303:G:A	17	80352303	A	rs62079523	0.407857495546341	0.0023711194463515	0.00044064410495629975	Group D
17:80526390:C:T	17	80526390	T	rs878822	0.65076699256897	0.0	0.0005566950716247	Group D
17:80545238:A:G	17	80545238	G	rs3794717	0.729065328836441	0.0030622412417136	0.00017675637180369994	Group D
17:80789628:T:C	17	80789628	C	rs8074277	0.559974896907806	-0.0002145724364252	0.0003288233790976	Group D
17:80995645:T:C	17	80995645	C	rs8065396	0.688737362623215	0.0025151619648216	0.0006757422444726002	Group D
18:280443:A:G	18	280443	G	rs4310948	0.305366283655167	0.0	8.84417398008844e-05	Group D
18:280798:T:C	18	280798	C	rs12457325	0.457045885920525	0.0	0.000529247173849	Group D
18:555760:G:A	18	555760	A	rs545956	0.772877734899521	-0.0037150684308811	0.0022447185482589	Group D
18:657352:T:C	18	657352	Group D	rs2853741	0.772502887248993	-3.8780069558274e-05	3.8780069558274e-05	Group D
18:1216989:G:A	18	1216989	A	rs12709528	0.309269353747368	-0.0015231877595818	0.0005332743868813998	Group D
18:1475827:C:T	18	1475827	T	rs2105683	0.712331265211105	-0.0005421361113062	0.0005995901942331001	Group D
18:1741935:A:G	18	1741935	G	rs9646483	0.67835493683815	-0.0002092432216057	0.0007437375992173001	Group D
18:1831299:T:G	18	1831299	G	rs1439433	0.419069218635559	0.0011312345012863	0.00046806720995409986	Group D
18:2029050:T:C	18	2029050	C	rs6505992	0.534705728292465	0.0	3.59430209585138e-06	Group D
18:2351221:A:G	18	2351221	Group D	rs6506007	0.801040971279144	0.0032741116427678	0.0032741116427678	Group D
18:2364878:A:G	18	2364878	G	rs10502300	0.325867792963982	0.0	0.0019337822493379	Group D
18:2616457:G:C	18	2616457	C	rs9051	0.252334870398045	0.0001336809794957	0.000671002138621	Group D
18:2707619:G:A	18	2707619	A	rs2276092	0.442049264907837	0.0	2.35061463922933e-05	Group D
18:2725432:G:A	18	2725432	Group D	rs11080985	0.741992044448853	0.0025931406835984	0.0025931406835984	Group D
18:2763210:A:C	18	2763210	C	rs12959881	0.329535616934299	0.0	0.00011130091433	Group D
18:2828102:G:A	18	2828102	A	rs7229384	0.507771039009094	-0.000206552139873	0.00046304546712640004	Group D
18:2828699:C:T	18	2828699	T	rs596701	0.4461684435606	0.0001930438529368	0.0021308171395292997	Group D
18:3063538:C:T	18	3063538	Group D	rs6506053	0.735914450883865	-0.0001004699187232	0.0001004699187232	Group D
18:3106441:T:C	18	3106441	C	rs4798068	0.434250444173813	0.0	9.75454704257207e-05	Group D
18:3569834:T:C	18	3569834	Group D	rs500214	0.790699481964111	-0.0006022805292203	0.0006022805292203	Group D
18:3597154:CTCTG:C	18	3597154	C	rs4065379	0.0	0.0	0.000484304503519	Group D
18:3671634:A:C	18	3671634	C	rs1116346	0.633047199249268	0.0	0.0004627023434686	Group D
18:3671652:T:C	18	3671652	C	rs1116345	0.748088043928146	0.0020776292319408	0.0020339191927572615	Group D
18:3972913:A:G	18	3972913	G	rs9959779	0.698704582452774	-0.0017730389757797	0.0006447666228153999	Group D
18:4843154:G:T	18	4843154	T	rs9962753	0.580402898788452	0.0	8.38562959914327e-05	Group D
18:4909341:A:G	18	4909341	G	rs4798261	0.548031565546989	-0.0004022763352627	0.0006081272598691999	Group D
18:5107352:G:A	18	5107352	A	rs969352	0.456020712852478	0.0009246435723981	0.0004942045178938999	Group D
18:5872442:G:T	18	5872442	T	rs3936100	0.478162145614624	0.0	0.0007288116908008	Group D
18:5946594:C:T	18	5946594	T	rs8088586	0.582269161939621	0.0006867431064263	0.00031236175609599987	Group D
18:6766273:A:G	18	6766273	G	rs1583178	0.37460897564888	0.0	5.30424598522383e-05	Group D
18:7377381:G:A	18	7377381	A	rs948348	0.702191066741943	0.0	0.0002865539614265	Group D
18:7378026:C:T	18	7378026	T	rs8090478	0.687008059024811	0.0	1.05050114713745e-06	Group D
18:8450224:T:G	18	8450224	Group D	rs2069083	0.810385245084763	-0.0002872433158793	0.0002872433158793	Group D
18:8792476:T:G	18	8792476	G	rs603368	0.672233766317368	-8.98801126370999e-05	0.0001746789237545001	Group D
18:8966144:G:T	18	8966144	T	rs10502386	0.600760120153427	0.0015551225202053	0.0012511583862523	Group D
18:9008345:A:G	18	9008345	Group D	rs35743226	0.756182128190994	0.0042346814760792	0.0042346814760792	Group B
18:9156350:G:A	18	9156350	A	rs12963114	0.393381574749947	0.0005367461609209	0.0012665802559139999	Group D
18:9255982:A:G	18	9255982	G	rs4798791	0.352791574597359	0.0022218711082468	3.129847743960036e-05	Group D
18:9594877:G:A	18	9594877	Group D	rs1275666	0.773718816041946	0.0001972591661007	0.0001972591661007	Group D
18:9693590:T:C	18	9693590	C	rs8096050	0.364687663316727	-0.0006273554409851	0.0005577172179577	Group D
18:9887936:G:C	18	9887936	C	rs17805544	0.717545568943024	0.0007020056122439	0.0007486000316098999	Group D
18:10262467:C:T	18	10262467	Group D	rs4797423	0.79623966217041	-1.78321228669877e-05	1.78321228669877e-05	Group D
18:10468129:T:C	18	10468129	C	rs579916	0.699150943756104	-0.0003768362398346	0.0006007750041212999	Group D
18:10676564:C:T	18	10676564	T	rs510529	0.278374439477921	0.0	0.0001143715409421	Group D
18:10948878:T:C	18	10948878	C	rs264155	0.227403120696545	-0.000738685707565	0.0002104712158267	Group D
18:10974487:G:A	18	10974487	A	rs264233	0.499123597145081	-0.004640503303895	0.0004853342721556995	Group D
18:11980460:T:G	18	11980460	Group D	rs971363	0.810419356822968	0.0004751961397732	0.0004751961397732	Group D
18:12741370:G:A	18	12741370	Group D	rs2542181	0.735717105865479	-8.19581514966603e-05	8.19581514966603e-05	Group D
18:12750218:C:A	18	12750218	Group D	rs888262	0.92818449139595	-0.0032404181596891	0.0032404181596891	Group D
18:12761428:C:A	18	12761428	A	rs11660242	0.302041319012642	0.0	0.0020373550564251	Group D
18:12821593:A:G	18	12821593	G	rs2847281	0.397278833389282	0.0	0.0030917327025994	Group D
18:12841176:G:A	18	12841176	Group D	rs2852151	0.858972078561783	0.0046262129759856	0.0046262129759856	Group B
18:12867969:T:C	18	12867969	C	rs11080606	0.262514196336269	0.0	4.76273074579571e-06	Group D
18:12898134:G:A	18	12898134	A	rs4616352	0.506938222050667	0.0	0.0003456449841706	Group D
18:12926278:T:C	18	12926278	C	rs6505770	0.369005638360977	0.000605924541495	0.00045032236486830003	Group D
18:13569214:C:T	18	13569214	Group D	rs1785144	0.738737696409226	0.000911803909822	0.000911803909822	Group D
18:13667707:A:C	18	13667707	Group D	rs1284194	0.752940946817398	-0.0002283992228566	0.0002283992228566	Group D
18:13895690:G:A	18	13895690	A	rs12961044	0.41021743118763	0.003115537110587	0.0006176202287633001	Group D
18:19154143:G:A	18	19154143	A	rs13381941	0.458263579010963	0.0	0.0002586335635022	Group D
18:19351344:A:C	18	19351344	C	rs1893384	0.425294116139412	-7.16993596671699e-05	0.0006847754776126301	Group D
18:19925721:C:T	18	19925721	Group D	rs6507117	0.751660025119782	-0.0014919269328113	0.0014919269328113	Group D
18:19928987:A:G	18	19928987	Group D	rs35586477	0.796920263767242	-6.00486217085525e-05	6.00486217085525e-05	Group D
18:20621714:C:T	18	20621714	T	rs6417086	0.485711619257927	-0.0055116033427614	0.0010027396771255994	Group D
18:20776866:G:A	18	20776866	A	rs2117243	0.750107192993164	0.0019556675731288	0.0016337856836209	Group D
18:21938396:T:C	18	21938396	C	rs7226922	0.371601155400276	0.0	0.0001974785847086	Group D
18:22148121:G:A	18	22148121	A	rs4800580	0.540271162986755	0.0	0.0004663082797981	Group D
18:22239690:T:G	18	22239690	G	rs12954479	0.585373815894127	0.0	0.0001717456909346	Group D
18:22672439:G:A	18	22672439	A	rs4633802	0.558705061674118	0.0	0.0003141042529927	Group D
18:22861794:C:T	18	22861794	T	rs10432210	0.869282633066177	-0.0024954956133268	0.0016690790187383	Group D
18:22940394:C:T	18	22940394	Group D	rs35391346	0.851661884784699	0.0010332135137134	0.0010332135137134	Group D
18:22970020:C:T	18	22970020	T	rs12959354	0.393582913279533	0.0	0.0004443835389799	Group D
18:23463097:A:G	18	23463097	G	rs1941236	0.42631767988205	0.0	0.0001660786874587	Group D
18:24083629:C:T	18	24083629	T	rs7226648	0.765146350860596	-0.0024474819711471	0.0019151136079823	Group D
18:24194159:G:A	18	24194159	A	rs12605047	0.556119054555893	0.0	0.0004640547463213	Group D
18:24313654:A:G	18	24313654	G	rs470268	0.477751389145851	0.0012277102782385	0.0008459076964612	Group D
18:24320326:C:T	18	24320326	T	rs535796	0.507310366630554	0.000173990872343	0.00031759474758080003	Group D
18:24371645:A:C	18	24371645	C	rs4800269	0.478010937571526	-0.0002703105967678	0.00021908650397930003	Group D
18:24405600:C:A	18	24405600	A	rs1017414	0.66685009598732	0.0	0.0003603565322737	Group D
18:25515945:T:G	18	25515945	G	rs8086799	0.30687920153141	0.0006729493816996	0.0005062544175513	Group D
18:25551961:G:A	18	25551961	A	rs11083241	0.356412950158119	0.0002233306025578	0.0003742195029345	Group D
18:26032838:A:G	18	26032838	G	rs4800875	0.254093869030476	0.0	0.0003277277937105	Group D
18:26267691:C:T	18	26267691	Group D	rs3104240	0.749919766187668	-0.0004458649522086	0.0004458649522086	Group D
18:26492729:C:T	18	26492729	T	rs1607412	0.300887924432755	0.0	0.0001152621738236	Group D
18:27368785:C:T	18	27368785	T	rs9951431	0.30057070851326	0.000231339188864	0.0003960112112039	Group D
18:27425465:T:C	18	27425465	C	rs12963165	0.435132873058319	0.0007394534820689	0.0005475813679587999	Group D
18:27969110:G:A	18	27969110	A	rs3132854	0.612059605121613	-0.00114660297702	0.0008342367591052998	Group D
18:28066601:G:T	18	28066601	T	rs1442998	0.623840987682343	-0.0009964879589828	0.0007253615755623999	Group D
18:28610988:C:T	18	28610988	T	rs276938	0.45639916062355	0.0010682632459868	0.00029361508097999994	Group D
18:28735679:A:G	18	28735679	G	rs2851999	0.630332106351852	0.0	0.0010336836221151	Group D
18:28737299:T:G	18	28737299	Group D	rs2118342	0.753255355358124	-0.0016032248754899	0.0016032248754899	Group D
18:28898294:A:G	18	28898294	G	rs1426310	0.62473109960556	0.0	0.0001981785537225	Group D
18:30113132:G:A	18	30113132	A	rs11664392	0.637174677848816	-0.0021750966532154	0.0008797970446878002	Group D
18:31439591:A:G	18	31439591	G	rs9675709	0.41303243637085	0.0	0.0010413372394199	Group D
18:32076237:G:A	18	32076237	A	rs8092794	0.678646659851074	0.0	0.0002566224197972	Group D
18:32596784:C:T	18	32596784	Group D	rs273358	0.73506298661232	0.001921001030924	0.001921001030924	Group D
18:32604956:G:A	18	32604956	A	rs273342	0.700068080425263	0.0	0.0003835822098322	Group D
18:33674808:A:G	18	33674808	G	rs7235371	0.48814745247364	0.0	0.0001460693341035	Group D
18:33718326:A:C	18	33718326	C	rs1785934	0.269773687422276	0.0012919431459128	3.714112518500004e-05	Group D
18:33783711:T:C	18	33783711	C	rs7235689	0.352275767922401	-0.000686316809174	0.0009916683035854001	Group D
18:33848581:T:C	18	33848581	C	rs1057251	0.687461143732071	-0.0040060084947944	0.0012889330836056995	Group D
18:34324091:G:A	18	34324091	A	rs2303510	0.375483569502831	-0.0019838229245838	0.00035998716997810015	Group D
18:34664093:A:G	18	34664093	G	rs323295	0.261697727441788	0.0029705683211466	0.00025847687665990016	Group D
18:35429570:C:T	18	35429570	T	rs1001683	0.30160505771637	0.0001448630631272	0.0004259410278751	Group D
18:35773277:A:G	18	35773277	G	rs12955179	0.481324675679207	0.0002118540471052	8.681370059910001e-05	Group D
18:35784771:C:A	18	35784771	A	rs4422046	0.637637269496918	0.0012790272635312	0.0007591446103322999	Group D
18:35835724:T:C	18	35835724	C	rs1849241	0.371142131090164	-0.0013917523263285	0.0001999922233879999	Group D
18:35839365:G:A	18	35839365	A	rs1567612	0.325876304507256	0.0001955922428641	0.0005302034032413	Group D
18:35877182:A:G	18	35877182	G	rs949092	0.317692691087723	0.0001459243031637	0.0004545020988655	Group D
18:36484609:T:C	18	36484609	C	rs16971087	0.287160018086433	0.0	0.000323918694921	Group D
18:36505318:G:T	18	36505318	T	rs9945284	0.52692057788372	0.0	0.0003332664719731	Group D
18:36725893:T:C	18	36725893	C	rs17662631	0.474235185980797	0.0	0.0001416302215611	Group D
18:37013771:A:G	18	37013771	G	rs1619247	0.7120969414711	-0.0007959071927143	0.0002589418551673	Group D
18:37019165:C:T	18	37019165	T	rs12455387	0.497149583697319	0.0009299246065999	0.0005497871592411001	Group D
18:37700258:G:A	18	37700258	A	rs8098374	0.251344925165176	0.0029620091209529	0.0008505815874206	Group D
18:38478813:C:T	18	38478813	T	rs323598	0.275230941176415	-0.0004307084185392	0.0004986181452973999	Group D
18:38780545:T:C	18	38780545	C	rs1970655	0.362245914340019	-0.0023860322175177	0.00045825863233399985	Group D
18:38846704:A:G	18	38846704	Group D	rs11877111	0.766711670160294	-0.0005573267542302	0.0005573267542302	Group D
18:39444514:C:T	18	39444514	T	rs1432145	0.244347587227821	-4.03329280881391e-05	0.00042571732603606093	Group D
18:39736681:G:A	18	39736681	A	rs870833	0.32698774933815	0.0	0.0002187035156634	Group D
18:39825978:T:C	18	39825978	C	rs1461712	0.342078185081482	0.0002049286512322	0.0006657132012998	Group D
18:40732001:G:A	18	40732001	A	rs28622320	0.56320595741272	-0.0001987989367863	0.0002098400980086	Group D
18:40990377:T:C	18	40990377	C	rs12232657	0.356672915816307	-0.0016248393036193	0.0006909320226562001	Group D
18:41256658:C:T	18	41256658	T	rs8094467	0.425935146212578	-0.0001075357938614	0.0007078347777615	Group D
18:41723858:C:T	18	41723858	T	rs1711476	0.443710607290268	-0.0002775424638647	0.0009107491867134	Group D
18:42532606:G:A	18	42532606	A	rs3744825	0.698368173837662	1.74153560778637e-05	0.0010446229183310365	Group D
18:42689487:G:T	18	42689487	T	rs1893484	0.475903856754303	0.0	0.0001151740864709	Group D
18:42707317:G:A	18	42707317	A	rs7230339	0.643023246526718	0.0	0.0001859013173662	Group D
18:42782202:A:G	18	42782202	G	rs269977	0.259678031504154	-0.0010086652357673	0.00016301874995970004	Group D
18:42954892:T:C	18	42954892	C	rs8091746	0.362510913610458	-0.0003496396586723	0.0003266687464679	Group D
18:43013041:T:C	18	43013041	Group D	rs3844038	0.745988720655441	-1.6519853385853e-05	1.6519853385853e-05	Group D
18:43024398:G:A	18	43024398	A	rs2362841	0.625369560718536	0.0	0.0006487992998892	Group D
18:43833701:T:TCTG	18	43833701	TCTG	rs34068795	0.0	-7.6807582292154e-05	0.000481855530385346	Group D
18:43999423:C:T	18	43999423	Group D	rs3861807	0.917466855049133	0.000984294235689	0.000984294235689	Group D
18:44063598:G:A	18	44063598	A	rs1377016	0.351197183132172	-0.0012182835331007	0.0004960774487599	Group D
18:44181648:G:A	18	44181648	A	rs675312	0.850671517848969	0.0022232346905818	0.0018243472298128999	Group D
18:46453463:T:C	18	46453463	Group D	rs4939827	0.784531444311142	0.0007316861239157	0.0007316861239157	Group D
18:46523482:G:T	18	46523482	Group D	rs1530330	0.752597117424011	0.00043598185729	0.00043598185729	Group D
18:47551167:G:A	18	47551167	A	rs11662612	0.318254137039185	0.0016786338230345	0.0007311957035342998	Group D
18:48141359:G:A	18	48141359	A	rs6508014	0.670153343677521	0.0	0.0001827443139101	Group D
18:48141498:C:A	18	48141498	A	rs9958610	0.0	8.94347038955612e-05	0.0032046455814300386	Group D
18:48141617:T:C	18	48141617	Group D	rs11660097	0.733427369594574	0.0040058870292685	0.0040058870292685	Group B
18:48321014:G:A	18	48321014	A	rs2847541	0.680377173423767	-4.11200314147241e-05	0.000562571530091376	Group D
18:48789736:A:T	18	48789736	T	rs11082866	0.706424081325531	-0.0002126878591304	0.0007368670450029	Group D
18:48946926:A:G	18	48946926	G	rs321884	0.576829719543457	0.0	0.0001858796002809	Group D
18:48952440:G:A	18	48952440	Group D	rs321877	0.740339547395706	0.0023097982229691	0.0023097982229691	Group D
18:49000596:C:A	18	49000596	A	rs7231829	0.483001452684403	0.0	0.0016035639603926	Group D
18:49167870:G:A	18	49167870	A	rs322535	0.505087840557098	0.0004124079851899	0.0017400363749688998	Group D
18:49218685:T:C	18	49218685	Group D	rs1394355	0.739083099365234	0.0018495734239378	0.0018495734239378	Group D
18:49642058:G:A	18	49642058	A	rs9963534	0.385661059617996	0.0	0.0003344457172066	Group D
18:53207207:A:G	18	53207207	G	rs1452787	0.441452771425247	0.0013298644331182	0.00039968275352770003	Group D
18:53242137:C:A	18	53242137	A	rs41396445	0.431261223554611	0.0004302301699092	0.0002774144982593	Group D
18:54199835:G:A	18	54199835	Group D	rs665037	0.798834389448166	0.0007485392928961	0.0007485392928961	Group D
18:54200266:T:C	18	54200266	C	rs663220	0.639941346645355	0.0	0.0005814994570917	Group D
18:55771653:G:A	18	55771653	Group D	rs12967469	0.771936988830566	-0.0006236898989279	0.0006236898989279	Group D
18:55794239:G:T	18	55794239	T	rs4940646	0.548280024528503	-0.001237941576187	0.0008831047440023998	Group D
18:55816791:G:A	18	55816791	A	rs4149601	0.586542451381683	-0.0017354345143271	0.0004784666651529003	Group D
18:55922789:A:G	18	55922789	Group D	rs6566955	0.794985473155975	0.0012157027985233	0.0012157027985233	Group D
18:56161396:T:C	18	56161396	Group D	rs4539687	0.743778347969055	-0.000163563619674	0.000163563619674	Group D
18:56162563:A:C	18	56162563	C	rs11152080	0.714704340696335	-0.0012814004347749	0.0013794699746322	Group D
18:56168484:T:C	18	56168484	Group D	rs1806503	0.801028484106064	0.0009073760890278	0.0009073760890278	Group D
18:56202683:T:C	18	56202683	C	rs33910491	0.889203798770905	0.0	0.0006804055601354	Group D
18:56219590:G:A	18	56219590	A	rs8083368	0.808691143989563	-0.002688314339386	0.0026410710933232424	Group D
18:56327492:T:C	18	56327492	C	rs6420554	0.696601623296738	0.0	0.0006223459178697	Group D
18:56465894:A:G	18	56465894	Group D	rs8099729	0.749487453699112	0.0022526053249295	0.0022526053249295	Group D
18:56467120:G:A	18	56467120	A	rs8086176	0.626287388801575	0.0	3.94837146260062e-06	Group D
18:56468061:A:G	18	56468061	Group D	rs8092519	0.789195191860199	8.46878734126241e-05	8.46878734126241e-05	Group D
18:56476702:G:A	18	56476702	A	rs9961816	0.472197717428207	0.0	0.0010784651850816	Group D
18:57100768:G:A	18	57100768	Group D	rs9959080	0.767191725969315	-0.0006270777348929	0.0006270777348929	Group D
18:57160387:T:C	18	57160387	Group D	rs667482	0.782102900743485	4.12543669029528e-05	4.12543669029528e-05	Group D
18:57276748:T:C	18	57276748	C	rs1944975	0.738550138473511	-0.0025310442107887	0.0012916263721587	Group D
18:57652749:C:T	18	57652749	T	rs12964393	0.689122998714447	0.0027152951338541	0.0009892908600768998	Group D
18:58851597:C:T	18	58851597	T	rs242635	0.406429108977318	0.0005049200869448	0.0006886327761817001	Group D
18:59054412:A:C	18	59054412	C	rs9954337	0.573399972915649	-0.0011299224545029	0.0008091346776122001	Group D
18:59535428:A:G	18	59535428	G	rs4940534	0.500583931803703	0.0	4.13393066004385e-05	Group D
18:59555405:G:A	18	59555405	A	rs7505697	0.423537343740463	0.0	0.0004430639469985	Group D
18:59814324:G:C	18	59814324	C	rs9320001	0.536056709289551	0.0031451299694546	0.0002560732838093999	Group D
18:60699088:C:T	18	60699088	T	rs958663	0.28671303242445	0.0	9.91364807986255e-05	Group D
18:60783729:A:G	18	60783729	G	rs17676919	0.640754276514053	-0.0006526055204834	0.0018580681075254998	Group D
18:60810452:C:T	18	60810452	T	rs4456611	0.708301484584808	-0.0010279629981027	0.0006687740254505	Group D
18:60835738:T:C	18	60835738	C	rs17070779	0.566242080926895	0.0009064046902942	0.0011264705424728	Group D
18:60845884:T:C	18	60845884	C	rs12454712	0.869656729698181	0.0019305983701695	0.0018743229831099312	Group D
18:60929780:T:C	18	60929780	C	rs8085707	0.610903310775757	0.0	0.0008145645350698	Group D
18:60947111:T:C	18	60947111	C	rs7236090	0.38370495736599	0.0024012345757974	0.00023525696090019978	Group D
18:61011930:G:A	18	61011930	Group D	rs2255302	0.758390665054321	0.0011828423546688	0.0011828423546688	Group D
18:61088581:G:A	18	61088581	Group D	rs1472948	0.735645467042923	-0.000683171190927	0.000683171190927	Group D
18:61444083:A:G	18	61444083	G	rs1720853	0.539516195654869	-0.0028291947967476	0.0005530776612025002	Group D
18:61851651:C:A	18	61851651	Group D	rs8087149	0.737971615791321	-5.62592583930427e-06	5.62592583930427e-06	Group D
18:63435260:C:T	18	63435260	T	rs7237421	0.315901571512222	0.0012272173012884	0.0005575504324325002	Group D
18:63530016:A:G	18	63530016	G	rs2291343	0.573220431804657	0.0012680735130841	0.0004548545134095	Group D
18:64892947:C:T	18	64892947	T	rs10439033	0.508626309037209	0.0	0.0016697306111711	Group D
18:64900038:T:G	18	64900038	G	rs3935256	0.467291951179504	0.0	0.0008108302012371	Group D
18:65006018:A:G	18	65006018	Group D	rs9950726	0.735975074768066	0.0029069700281161	0.0029069700281161	Group D
18:65179829:G:A	18	65179829	A	rs2279269	0.494144585728645	0.0	0.0002266241963534	Group D
18:65251624:A:C	18	65251624	C	rs1904848	0.390187799930573	0.0019852350185585	0.0006171806436623003	Group D
18:66512143:A:G	18	66512143	G	rs1539896	0.258345921337605	0.0004737113151863	0.0005697626722785001	Group D
18:67263136:C:T	18	67263136	T	rs10401068	0.384286910295486	0.0	7.90873168216716e-06	Group D
18:67485212:T:C	18	67485212	C	rs2164491	0.793079394102097	0.0014941360176157	0.0013233756508605	Group D
18:68070259:T:C	18	68070259	Group D	rs17239149	0.738268715143204	-0.0022720774791771	0.0022720774791771	Group D
18:68081085:G:A	18	68081085	A	rs10513986	0.698621493577957	0.0	0.0009745274802955	Group D
18:68108228:C:T	18	68108228	Group D	rs12454733	0.813667619228363	-0.00123065761795	0.00123065761795	Group D
18:69313851:G:A	18	69313851	A	rs2040237	0.312041154503822	-0.0012842962542367	0.0006777334462484002	Group D
18:70335003:T:C	18	70335003	C	rs4892024	0.650258821249008	0.0006958763675158	0.0002974108718774999	Group D
18:70370521:G:A	18	70370521	A	rs1564793	0.444170862436295	0.0008112302234893	4.5377061216000025e-05	Group D
18:70377099:A:G	18	70377099	G	rs4581797	0.416155785322189	-0.0012804222888655	0.0007997154227644002	Group D
18:70530711:G:A	18	70530711	A	rs9948277	0.543785154819489	0.0021861809981234	0.0006141461770994999	Group D
18:70969534:T:C	18	70969534	C	rs948900	0.371852225065231	0.0008714689194277	0.0003265490609341	Group D
18:70986060:C:T	18	70986060	Group D	rs1943821	0.790950393676758	-0.0005296980756984	0.0005296980756984	Group D
18:71001837:T:C	18	71001837	C	rs9636084	0.336894580721855	-0.0010321079380087	0.0008463016081359999	Group D
18:71055969:G:A	18	71055969	A	rs1954981	0.362321084737778	0.0	0.0002200807247446	Group D
18:71234646:CA:C	18	71234646	C	rs35199925	0.0	0.0	0.0004476816643939	Group D
18:71480220:T:G	18	71480220	G	rs9957196	0.500166016817093	0.0004303768576389	0.00040710479106659996	Group D
18:71585325:G:A	18	71585325	A	rs8089397	0.445808792114258	-0.0020808380728904	0.0003227360497013998	Group D
18:71594850:T:G	18	71594850	G	rs1560437	0.648309326171875	-0.0003859312008055	0.0006478521685263001	Group D
18:72835488:G:A	18	72835488	A	rs8083466	0.657594448328018	0.0004696228854206	0.0009903453827894001	Group D
18:72910994:C:A	18	72910994	A	rs2292233	0.305136151611805	0.0	0.0010051810770753	Group D
18:72920065:G:A	18	72920065	Group D	rs12969004	0.775645035505295	0.0013988134108972	0.0013988134108972	Group D
18:72979984:C:T	18	72979984	Group D	rs35281515	0.754643028974533	0.0024219323374798	0.0024219323374798	Group D
18:72988905:G:T	18	72988905	T	rs2581642	0.7153788626194	0.0	0.0003343510546526	Group D
18:72997677:C:T	18	72997677	Group D	rs3826609	0.739833384752274	-0.0006745215240306	0.0006745215240306	Group D
18:73023597:C:T	18	73023597	T	rs17276670	0.690784281492233	-0.0026916006499233	0.0009848010039883001	Group D
18:73142153:A:G	18	73142153	Group D	rs3826652	0.794059890508652	-0.0019027108917936	0.0019027108917936	Group D
18:73142510:T:G	18	73142510	Group D	rs3745084	0.765011638402939	-3.42171291518389e-05	3.42171291518389e-05	Group D
18:73181924:G:A	18	73181924	A	rs17057094	0.379118874669075	-0.0004932433681158	0.000530580643855	Group D
18:73186974:T:C	18	73186974	C	rs11659761	0.417404592037201	0.0	0.0017421366521042	Group D
18:73518619:A:G	18	73518619	G	rs1460273	0.46732449233532	-0.0030305784879662	0.0006917550171812001	Group D
18:73538892:G:A	18	73538892	A	rs8093969	0.628255164623261	-0.0042916998635888	0.0006139263384955006	Group D
18:74271486:C:T	18	74271486	T	rs17059541	0.690727883577347	0.0	3.09783704807957e-05	Group D
18:74273830:T:C	18	74273830	C	rs3207268	0.350856733322144	0.0	0.0001642431623125	Group D
18:74482432:C:T	18	74482432	T	rs12957632	0.587710100412369	0.0	0.0005412111445357	Group D
18:74722567:A:C	18	74722567	C	rs17576996	0.451782518625259	6.19710631913148e-05	0.00040327493484828517	Group D
18:74842207:G:A	18	74842207	A	rs1667905	0.825648146867752	0.0036160349815906	0.0023972194689142	Group D
18:74900163:A:G	18	74900163	G	rs11877526	0.427304056286812	0.0	0.00031492042756	Group D
18:75636583:T:C	18	75636583	Group D	rs35763378	0.751891589164734	0.0020028510266712	0.0020028510266712	Group D
18:75853450:A:G	18	75853450	G	rs9959171	0.545248749852181	0.0005050347135111	0.00046928009202959996	Group D
18:76181489:A:C	18	76181489	C	rs11877617	0.465010842680931	0.0006147668940323	0.00046827661345189996	Group D
18:77182003:T:G	18	77182003	Group D	rs4799055	0.808830982446671	-7.4166899234766e-05	7.4166899234766e-05	Group D
18:77192116:A:G	18	77192116	G	rs11664725	0.588515502214432	0.0	0.002088041528744	Group D
18:77193246:C:T	18	77193246	T	rs8097537	0.638317906856537	2.39242650831826e-05	0.0024368214285446174	Group D
18:77218855:G:A	18	77218855	Group D	rs11663201	0.768025451898575	0.0048325712421126	0.0048325712421126	Group B
18:77277474:G:A	18	77277474	Group D	rs3826572	0.770308995246887	0.0006376282789701	0.0006376282789701	Group D
18:77359494:G:A	18	77359494	Group D	rs748938	0.810791230201721	-0.0006698061543744	0.0006698061543744	Group D
18:77361400:G:A	18	77361400	Group D	rs55781615	0.825397670269013	-0.0011604743670942	0.0011604743670942	Group D
18:77578191:C:A	18	77578191	A	rs11663602	0.524082377552986	0.0	4.41066518674571e-05	Group D
18:77805949:A:C	18	77805949	C	rs3744873	0.380223006010056	0.0057516171775823	0.0001555688647756001	Group D
18:78007784:T:C	18	78007784	C	rs12970236	0.342926612496376	0.0	0.0005048639815833	Group D
19:301900:G:A	19	301900	A	rs4897942	0.499452605843544	0.0014060372221691	0.00048439833663240016	Group D
19:374016:G:A	19	374016	A	rs2303815	0.559637743234634	-0.0016277308751405	0.0004294388262339999	Group D
19:392840:A:G	19	392840	G	rs10418459	0.468730220198631	-0.0014361451079941	0.0006782833465967999	Group D
19:463025:G:A	19	463025	A	rs1968129	0.546844831109047	0.0	6.40839050392003e-05	Group D
19:464840:C:T	19	464840	T	rs4919825	0.347400400042534	-0.0016766755411695	0.0008613612740462002	Group D
19:482984:A:G	19	482984	Group D	rs10407723	0.750301611423492	-0.0007013942360292	0.0007013942360292	Group D
19:830621:A:C	19	830621	C	rs653847	0.0	0.0	0.0002047511147876	Group D
19:975405:T:C	19	975405	Group D	rs66531020	0.741438525915146	-0.0011795115939811	0.0011795115939811	Group D
19:1018318:G:A	19	1018318	A	rs739884	0.503044414520264	0.0020243400441094	0.0003480367579026997	Group D
19:1074000:A:T	19	1074000	T	rs2074442	0.616877228021622	0.0069105648085408	0.0004453314346352004	Group D
19:1079959:G:A	19	1079959	A	rs36084354	0.588981837034226	-0.0144870900414162	0.0007363701971168004	Group D
19:1090803:A:G	19	1090803	G	rs3787016	0.447164463996887	0.001052320518174	0.0010822916347493	Group D
19:1175396:A:G	19	1175396	G	rs873289	0.681484961509705	-0.0051937365364643	0.00041321324125130014	Group D
19:1220004:A:G	19	1220004	Group D	rs35369365	0.746080935001373	0.0001843292917246	0.0001843292917246	Group D
19:1271274:C:T	19	1271274	T	rs12609287	0.29428171813488	-0.0031148209581904	0.0001732021844017004	Group D
19:1271528:TCAC:T	19	1271528	T	rs767885831	0.0	-0.0019836317099909	0.0005168952079746001	Group D
19:1611856:G:A	19	1611856	A	rs62130064	0.660514771938324	0.0036171713579956	0.0003599660159734003	Group D
19:1723463:A:G	19	1723463	G	rs10413694	0.327398267388344	-9.05133521799084e-06	0.0008054405030564091	Group D
19:2141209:C:T	19	2141209	T	rs3786971	0.448290520906448	-0.0014507319636537	0.0005126883787611	Group D
19:2389872:G:C	19	2389872	C	rs891174	0.484243685007095	0.0	0.0001791106615318	Group D
19:2507028:C:T	19	2507028	T	rs17755082	0.849320155382156	-0.0021516683397919	0.0012707444791165002	Group D
19:2917287:C:A	19	2917287	A	rs2288958	0.456722635030747	-0.0017513940723614	0.0002411269651067	Group D
19:3180770:T:G	19	3180770	G	rs311630	0.607821771502495	0.0	0.0017500218796889	Group D
19:3185563:C:T	19	3185563	T	rs507905	0.91020575761795	0.0028842935568787	0.0024395700308444	Group D
19:3372514:G:A	19	3372514	A	rs11085016	0.43739033639431	-0.0029414310001245	0.0005997369977830003	Group D
19:3611190:C:A	19	3611190	A	rs758017	0.290577465295792	-0.0018688058591584	6.381298604980008e-05	Group D
19:3659872:C:T	19	3659872	Group D	rs2001905	0.292236132919788	-0.0001270567689439	0.0001270567689439	Group D
19:3660619:A:G	19	3660619	G	rs757454	0.25176542699337	-0.0009118706512345	0.0011566540118098001	Group D
19:3688524:C:T	19	3688524	Group D	rs75760304	0.861709046363831	0.0020866541950365	0.0020866541950365	Group D
19:3842327:T:C	19	3842327	C	rs4239603	0.623702651262283	0.0	0.0009741968210747	Group D
19:3844767:A:G	19	3844767	Group D	rs1122500	0.767640918493271	-0.0028986800543177	0.0028986800543177	Group D
19:4236996:G:A	19	4236996	A	rs4740	0.293933288753033	0.0	0.0003080448652717	Group D
19:4246693:A:C	19	4246693	Group D	rs11671900	0.886106735467911	-0.0001578626892065	0.0001578626892065	Group D
19:4294807:G:A	19	4294807	A	rs78320454	0.616232979297638	0.0003117255508035	0.00039956244129270003	Group D
19:4297968:C:T	19	4297968	T	rs6510801	0.495386716723442	-0.0012687469653535	0.0006601573495732	Group D
19:4403017:A:G	19	4403017	Group D	rs243338	0.771470755338669	-0.0008922890445168	0.0008922890445168	Group D
19:4800103:C:A	19	4800103	A	rs4807643	0.462675112485886	-0.000819756580304	0.0006921265915361	Group D
19:4976335:C:T	19	4976335	Group D	rs632616	0.886614096164703	-0.000698177808431	0.000698177808431	Group D
19:5037415:C:T	19	5037415	Group D	rs11085110	0.847305446863174	-0.0023097021371294	0.0023097021371294	Group D
19:5044972:G:T	19	5044972	T	rs263047	0.594679135084152	0.0	0.0021968945821537	Group D
19:5314261:A:G	19	5314261	Group D	rs11085125	0.762780886888504	-0.0005856161059261	0.0005856161059261	Group D
19:5404776:G:T	19	5404776	Group D	rs4807754	0.781174796819687	-0.0002474608185821	0.0002474608185821	Group D
19:5499247:T:C	19	5499247	C	rs406063	0.545442888140678	0.0	6.11739132128085e-05	Group D
19:5822490:C:A	19	5822490	Group D	rs3763045	0.75031515955925	-4.20187455582787e-06	4.20187455582787e-06	Group D
19:6547251:T:G	19	6547251	Group D	rs348375	0.798679465055466	-0.0012591684615149	0.0012591684615149	Group D
19:6620910:A:C	19	6620910	C	rs7257477	0.241340892016888	0.0004617734820007	0.0006004296879398002	Group D
19:6679511:C:T	19	6679511	T	rs2277984	0.279333356022835	0.0022315029260415	0.0002819215168659004	Group D
19:6702598:G:A	19	6702598	A	rs406514	0.49858626127243	0.003248688739669	0.00040819369746539994	Group D
19:6751293:T:G	19	6751293	G	rs1049232	0.701457905769348	0.0	0.0004714373251064	Group D
19:6913811:A:G	19	6913811	G	rs457857	0.274965687096119	0.0	0.000333147702444	Group D
19:6984708:G:A	19	6984708	A	rs7247453	0.484884649515152	0.0008662770710777	0.00043627741612820004	Group D
19:7179320:G:T	19	7179320	T	rs8112883	0.769653075933456	-0.0029364660014521	0.0012284932028974	Group D
19:7224431:G:A	19	7224431	A	rs7248104	0.782067674398422	-0.0012032590283919	0.0011482043136863105	Group D
19:7584223:A:G	19	7584223	G	rs11555037	0.488598397374153	0.0025531379673396	0.0004028839532232999	Group D
19:7722636:G:A	19	7722636	Group D	rs11883223	0.755644625425339	-0.0002919062896548	0.0002919062896548	Group D
19:7743975:C:A	19	7743975	A	rs11882592	0.589599609375	0.0001692524227793	0.0006662451691764999	Group D
19:8159362:G:T	19	8159362	T	rs7245429	0.416709446907043	0.0006430449622112	0.0007958681323743	Group D
19:8160334:G:A	19	8160334	A	rs12608849	0.600741094350815	0.0027755692306461	0.0006086289990137003	Group D
19:8176640:C:T	19	8176640	T	rs12975322	0.349747040867806	-0.0016834880749225	0.0006242338159073999	Group D
19:8250610:T:C	19	8250610	Group D	rs7250249	0.740882098674774	-7.2275522815614e-05	7.2275522815614e-05	Group D
19:8431581:G:A	19	8431581	A	rs2278236	0.502573049068451	0.0005667017591354	0.0009019580650688001	Group D
19:8436164:C:T	19	8436164	T	rs1044250	0.371335145831108	0.0012718630243543	0.0002789101218648	Group D
19:9267319:G:T	19	9267319	T	rs3752199	0.699374341964722	0.0	0.0005909916286308	Group D
19:10071347:C:T	19	10071347	T	rs2277969	0.59202224612236	0.0026467062431759	0.00045368377648010013	Group D
19:10129552:C:G	19	10129552	G	rs1122206	0.629133230447769	0.0003414908377942	0.0004912723772821999	Group D
19:10131999:T:C	19	10131999	C	rs1644731	0.722662681341171	0.0001709744052522	9.86058264161e-05	Group D
19:10224526:C:T	19	10224526	T	rs3745600	0.371177938580513	-0.0013117663695138	0.0003785795283252	Group D
19:10349118:G:A	19	10349118	Group D	rs12610520	0.786465489864349	-0.0003000600544229	0.0003000600544229	Group D
19:10395683:A:G	19	10395683	G	rs5498	0.450402396917343	-0.0117674610003798	0.0005241691896644991	Group D
19:10403368:G:A	19	10403368	A	rs2228615	0.853003543615341	-0.0060857134567875	0.00017105222365439935	Group D
19:10472933:A:G	19	10472933	G	rs280519	0.300253486633301	0.0005129808581063	0.0001600251914746	Group D
19:10475652:C:A	19	10475652	A	rs2304256	0.380902382731438	0.0120145745864779	0.0006321221398215005	Group D
19:11072610:G:A	19	11072610	A	rs11879293	0.810292416810989	0.0023468532396193	0.0017117164645893	Group D
19:11348960:G:A	19	11348960	A	rs12609039	0.717994838953018	1.83385056691517e-05	0.0013586521448070484	Group D
19:11358799:G:A	19	11358799	A	rs12978266	0.670536923408508	0.0	2.99792219137278e-05	Group D
19:11459665:G:GA	19	11459665	GA	rs78738753	0.0	0.0	0.0006928632244701	Group D
19:11465316:G:C	19	11465316	C	rs6887	0.494165545701981	0.0006959726128667	0.0005819412562703001	Group D
19:11558275:G:A	19	11558275	A	rs11557488	0.709368717670441	0.0016226714256571	0.00033439245801260005	Group D
19:11891003:G:A	19	11891003	A	rs799193	0.543516942858696	-0.0018538404522966	0.0007609437746608002	Group D
19:12224172:T:C	19	12224172	C	rs8109273	0.385591396689415	-0.0007070013325718	0.000822095854495	Group D
19:13122612:A:G	19	13122612	G	rs8103241	0.34831175506115	-0.0022041737086008	0.0004598092248649004	Group D
19:13319314:C:G	19	13319314	Group D	rs11666294	0.816319251060486	-0.0013575292037924	0.0013575292037924	Group D
19:13630647:A:G	19	13630647	G	rs8107819	0.300396886467934	0.000464940605159	0.0005575019672419	Group D
19:13637769:T:C	19	13637769	C	rs8112088	0.376786687970161	0.0002052898770187	0.00043397159078570005	Group D
19:13638423:A:C	19	13638423	Group D	rs7259336	0.380891397595406	4.09102669248225e-05	4.09102669248225e-05	Group D
19:13855198:G:A	19	13855198	Group D	rs414530	0.82511899471283	-0.0015470158505161	0.0015470158505161	Group D
19:13885484:A:G	19	13885484	G	rs10104	0.743778920173645	0.0011597372755255	0.0004405333190549	Group D
19:13912062:T:C	19	13912062	C	rs2607272	0.644384062290192	0.0	0.0004922079579271	Group D
19:13929049:G:A	19	13929049	Group D	rs7254517	0.900906753540039	0.0011432934207411	0.0011432934207411	Group D
19:13942221:A:G	19	13942221	G	rs3745453	0.299401322007179	0.0068716838924649	0.0029134212506853998	Group D
19:13954633:T:G	19	13954633	Group D	rs2607276	0.857471656799316	0.0024861473876333	0.0024861473876333	Group D
19:14000170:T:C	19	14000170	C	rs3803892	0.305563634634018	0.0	0.0003993605584444	Group D
19:14143016:G:A	19	14143016	Group D	rs2306192	0.767132598161697	0.0005090026014231	0.0005090026014231	Group D
19:14153293:T:C	19	14153293	C	rs35026308	0.74900985956192	0.0100683931962496	0.0007785518209985996	Group D
19:14185226:T:C	19	14185226	C	rs7258963	0.545892238616943	0.0006487407380875	0.0004993065849839	Group D
19:14195892:A:C	19	14195892	C	rs8100676	0.646540373563767	0.0008695614397143	0.0003584930777959999	Group D
19:14314129:A:G	19	14314129	Group D	rs1808675	0.858725953102112	-0.0001239565296582	0.0001239565296582	Group D
19:14725135:G:T	19	14725135	Group D	rs4072516	0.821935933828354	-0.0001206781999925	0.0001206781999925	Group D
19:14752325:C:T	19	14752325	T	rs45508602	0.662187093496323	0.0	0.0006278932384503	Group D
19:15271771:G:A	19	15271771	A	rs1044009	0.632861191034317	0.0015763967685637	0.0009946306413879998	Group D
19:15411888:G:A	19	15411888	Group D	rs11671056	0.877960205078125	0.0024876027601959	0.0024876027601959	Group D
19:15587185:C:T	19	15587185	T	rs733731	0.470376151800156	-0.0005247189451515	0.00022479618099099995	Group D
19:15643590:G:A	19	15643590	A	rs12980464	0.49716072678566	0.000394712697457	0.0008276459044569	Group D
19:15683228:T:C	19	15683228	C	rs998900	0.329741097986698	-5.7571220404814e-05	0.000588859415552386	Group D
19:16034714:A:G	19	16034714	G	rs8104361	0.472825980186462	0.0	4.51359437679035e-06	Group D
19:16244326:G:C	19	16244326	C	rs1043452	0.653674465417862	0.0002368970406435	0.0003410530790997	Group D
19:16339715:C:T	19	16339715	T	rs3752797	0.243511635065079	0.0021553641701873	0.0006480862401538	Group D
19:16369410:C:T	19	16369410	T	rs4808479	0.582842034101486	0.002159942200272	1.1435387118400014e-05	Group D
19:16425013:G:A	19	16425013	A	rs12973410	0.497341239452362	-0.0006164085143032	0.0023419101733568	Group D
19:16439390:G:A	19	16439390	Group D	rs4808046	0.798617172241211	-0.0022465289343188	0.0022465289343188	Group D
19:16442782:C:T	19	16442782	T	rs34006614	0.267372511327267	-0.0140433368625281	0.0014838941692664007	Group D
19:16449517:C:T	19	16449517	T	rs1000329	0.527050516009331	-0.0081817803743112	0.0005234849816630003	Group D
19:16454110:A:G	19	16454110	G	rs6512102	0.397480458021164	-0.0015573435970421	0.0047816094673122	Group B
19:16527834:T:C	19	16527834	C	rs4808047	0.319649982452393	0.0302790035733097	0.001830971344498302	Group D
19:16555153:A:C	19	16555153	Group D	rs11878602	0.871510201692581	0.00871895514264	0.00871895514264	Group B
19:16589750:T:C	19	16589750	C	rs8103521	0.261645010113716	0.0	0.002147661376614	Group D
19:16842052:G:T	19	16842052	T	rs8107776	0.398446333408356	0.0007253333350468	0.00019366524206860007	Group D
19:17090612:C:A	19	17090612	A	rs9305084	0.367891651391983	-0.0001224385592845	0.0009070005989363	Group D
19:17158694:G:A	19	17158694	A	rs16981571	0.59749863743782	0.0	7.79765578806677e-05	Group D
19:17215648:G:T	19	17215648	Group D	rs12977269	0.749297285079956	-0.0023049458033713	0.0023049458033713	Group D
19:17239566:G:A	19	17239566	A	rs7254359	0.299886417388916	-0.0012594689411552	0.0006742841244624001	Group D
19:17239693:A:G	19	17239693	G	rs7255902	0.518159246444702	0.0	0.0004620990420206	Group D
19:17392894:G:A	19	17392894	A	rs8100241	0.629596126079559	0.0010890332687142	0.00036164148827259987	Group D
19:17450016:T:C	19	17450016	C	rs3810206	0.414775690436363	-0.0004346513207132	0.0004241828788355	Group D
19:17642295:G:T	19	17642295	T	rs62126819	0.369096657633781	0.0002752367373446	0.0008084689917479001	Group D
19:17660300:G:A	19	17660300	A	rs11666267	0.649435043334961	0.0045801250825485	0.0006513022145450001	Group D
19:17729787:T:G	19	17729787	G	rs56257446	0.219028155505657	0.0	0.0004343798905628	Group D
19:17971425:G:A	19	17971425	Group D	rs73020694	0.825359296798706	0.0005221635761294	0.0005221635761294	Group D
19:18123738:T:C	19	18123738	C	rs7259041	0.339371412992477	-0.0057485055932311	0.0005691709905417007	Group D
19:18154576:A:C	19	18154576	C	rs897753	0.63071084022522	0.0	0.0002956351222386	Group D
19:18180451:A:G	19	18180451	G	rs375947	0.458546295762062	0.0070317256824693	0.0003328907214035998	Group D
19:18315831:G:A	19	18315831	Group D	rs2049051	0.755921459197998	0.0001087671858196	0.0001087671858196	Group D
19:18395537:C:T	19	18395537	T	rs4254438	0.288139489293098	-0.0012511575503925	0.0005711986710709	Group D
19:19016108:A:G	19	19016108	G	rs1468460	0.372885477542877	0.0	1.45830308150623e-05	Group D
19:19136541:C:T	19	19136541	T	rs4808907	0.67971323132515	-0.002971399469925	0.00043676249351600003	Group D
19:19413092:C:T	19	19413092	T	rs17751061	0.407653373479843	0.0011316804849174	0.0006905974220925001	Group D
19:19872093:A:G	19	19872093	G	rs166018	0.433778256177902	-0.0003169452415514	0.0004150250070523	Group D
19:20736828:A:G	19	20736828	G	rs2082014	0.328546223044395	0.0	7.42784488922435e-07	Group D
19:22020770:G:A	19	22020770	A	rs11672034	0.55707181096077	-5.13260344965351e-05	0.000662692413860865	Group D
19:23387788:A:C	19	23387788	C	rs8110734	0.359822973608971	0.0015444514187851	0.0005629039395643001	Group D
19:23569858:T:C	19	23569858	C	rs2127370	0.385039341449738	-0.0009165762492368	0.0005012474935229	Group D
19:29738641:C:T	19	29738641	Group D	rs741449	0.785505878925324	-5.02841194252846e-05	5.02841194252846e-05	Group D
19:29956608:A:G	19	29956608	G	rs10419049	0.544400200247765	0.0	4.3517860147252e-05	Group D
19:29989938:G:A	19	29989938	A	rs747430	0.577096924185753	0.0001663716818146	0.0007078663810249	Group D
19:30274623:G:A	19	30274623	A	rs11667347	0.293976536393166	0.0	1.91938593761013e-06	Group D
19:30276911:G:A	19	30276911	A	rs10406613	0.485551202297211	0.0	0.0001902337370507	Group D
19:30577229:T:C	19	30577229	C	rs6509949	0.347523066401482	-0.0008240217679063	0.0006817228779114998	Group D
19:30610400:A:G	19	30610400	G	rs7259325	0.556011661887169	2.8184112318408e-05	0.0005672082341684919	Group D
19:31078219:A:G	19	31078219	G	rs1030687	0.360660260915756	0.0008863679281798	0.0005574557595032	Group D
19:31668659:T:C	19	31668659	C	rs8102512	0.470229896903038	0.0031837124500849	0.0005264630338943001	Group D
19:31793336:T:C	19	31793336	C	rs8108157	0.44528326690197	0.0	0.0003643550608699	Group D
19:32451742:G:A	19	32451742	Group D	rs8103940	0.737172389030457	0.0013434108597648	0.0013434108597648	Group D
19:33751033:C:T	19	33751033	T	rs67228209	0.638638073205948	-0.0020827977459114	0.0013047381110829	Group D
19:33757062:T:C	19	33757062	C	rs736289	0.362955302000046	0.0047700136413966	9.637966663960003e-05	Group D
19:33889369:A:G	19	33889369	G	rs889139	0.383308663964272	-0.0041119121019757	0.0006798068295411994	Group D
19:33938800:C:T	19	33938800	T	rs7258937	0.667698341608048	0.0	1.62726065383045e-05	Group D
19:34364064:A:G	19	34364064	Group D	rs12975931	0.8557224214077	0.002480540671761	0.002480540671761	Group D
19:34364123:A:G	19	34364123	G	rs7247921	0.449596974253655	0.0	0.000429720059039	Group D
19:34365487:G:A	19	34365487	A	rs1017207	0.394907206296921	0.0	0.0003842989289268	Group D
19:34375631:T:C	19	34375631	C	rs4560028	0.372472840547562	0.0	4.94480420842748e-05	Group D
19:35757427:G:A	19	35757427	A	rs34259399	0.595962423086166	0.0	0.000439190539786	Group D
19:35771257:A:G	19	35771257	Group D	rs7256866	0.740867787599564	0.0060666551757866	0.0060666551757866	Group B
19:35772471:C:T	19	35772471	T	rs10414846	0.566469517350197	0.0	0.0042417686668151	Group B
19:35800662:G:T	19	35800662	Group D	rs10411704	0.862213867902756	-0.0002343304703549	0.0002343304703549	Group D
19:35848955:C:T	19	35848955	Group D	rs7251096	0.806833738088608	0.0012661292360069	0.0012661292360069	Group D
19:36135279:C:CT	19	36135279	CT	rs3835005	0.0	-0.0016428797716964	0.00033289735738470014	Group D
19:36900778:A:C	19	36900778	C	rs2271842	0.585769411921501	-0.0033698412155512	0.0006532780738384004	Group D
19:37642922:C:T	19	37642922	T	rs4805206	0.0	0.0009748936037501	0.00019161652664329996	Group D
19:38292369:C:T	19	38292369	T	rs3910952	0.188188730180264	5.2945095563857e-05	0.000343636771415243	Group D
19:38324030:C:T	19	38324030	T	rs2068431	0.307073311507702	6.3572534008495e-06	5.939742373028004e-06	Group D
19:38993372:A:G	19	38993372	G	rs1469695	0.293618734180927	0.0033611823122435	0.0003335769331210001	Group D
19:39616521:T:C	19	39616521	C	rs4803206	0.902517086267471	7.11523541821328e-05	0.0002577174988044672	Group D
19:40030704:C:T	19	40030704	T	rs7252027	0.811142283678055	-0.0005656534124427	0.0006051277011345001	Group D
19:40310497:T:C	19	40310497	C	rs7253739	0.608811730146408	0.0	0.0022875266934008	Group D
19:40315402:G:A	19	40315402	Group D	rs3810383	0.879995685815811	0.003543546187539	0.003543546187539	Group D
19:40805097:G:A	19	40805097	Group D	rs10415181	0.857723891735077	-0.0008264950105823	0.0008264950105823	Group D
19:40835698:T:C	19	40835698	C	rs7248861	0.394945311546326	0.0	0.0008892417825333	Group D
19:40872034:T:G	19	40872034	G	rs4254419	0.622213703393936	0.0003913591211266	0.0011358808088059	Group D
19:40886993:C:T	19	40886993	T	rs11670988	0.662282592058182	0.0031348081502941	0.0008458445581071999	Group D
19:41038574:G:A	19	41038574	A	rs814501	0.389482674002647	0.0009461403049721	0.00023936486504570005	Group D
19:41111069:G:A	19	41111069	A	rs2303729	0.508947831392288	-0.0002778670720042	0.00036989987852269993	Group D
19:41211056:T:C	19	41211056	C	rs3865452	0.49097686111927	-0.0009953407832265	0.0002160727781218999	Group D
19:41574123:T:C	19	41574123	C	rs11672085	0.41528944671154	-2.74177308578572e-05	0.0003728530877304428	Group D
19:41682274:A:G	19	41682274	Group D	rs12977498	0.813860583305359	0.0022524065477453	0.0022524065477453	Group D
19:41869392:T:C	19	41869392	C	rs2241714	0.661820954084396	0.0	0.0001101803557551	Group D
19:41882712:A:G	19	41882712	Group D	rs1046909	0.746211296319962	-0.0003568457173244	0.0003568457173244	Group D
19:42085873:A:G	19	42085873	G	rs2302188	0.154139345884323	-0.0019736281582882	0.0004429079287099997	Group D
19:42728836:T:C	19	42728836	C	rs3810151	0.672656220197678	0.0037671274710949	0.0012818235304996	Group D
19:43775717:T:C	19	43775717	C	rs7256525	0.465693184733391	0.0	0.0002473264128971	Group D
19:44037328:T:C	19	44037328	Group D	rs2682563	0.801335781812668	0.0004843179174236	0.0004843179174236	Group D
19:44153100:A:G	19	44153100	G	rs4760	0.648753666877747	-0.0085612561808885	0.0006954393266792001	Group D
19:44174788:C:T	19	44174788	Group D	rs344781	0.846570837497711	-0.0006021242753927	0.0006021242753927	Group D
19:44194781:C:T	19	44194781	T	rs346043	0.677913069725037	0.0	6.41195863591178e-05	Group D
19:44259361:A:G	19	44259361	Group D	rs346527	0.775534611940384	0.0009915568912954	0.0009915568912954	Group D
19:44278779:T:G	19	44278779	G	rs649540	0.808306103944778	0.0093606655913255	0.0010639819402321008	Group D
19:44792701:T:G	19	44792701	G	rs2125579	0.275688046216965	0.0006242163278972	0.0003363853757305	Group D
19:45129772:A:G	19	45129772	G	rs846859	0.359008753299713	0.0	0.0003797398478456	Group D
19:45143942:A:C	19	45143942	C	rs7260482	0.641383615136147	0.0035406794734397	0.00034952995034220023	Group D
19:45162189:C:A	19	45162189	A	rs35385129	0.604759758710861	0.0011069788743056	0.0004451862260609	Group D
19:45196135:A:G	19	45196135	G	rs2965160	0.733418154716492	-0.0029322865957139	0.0016486643058626002	Group D
19:45326664:C:T	19	45326664	T	rs10405693	0.496917948126793	0.0	0.0009376472480897	Group D
19:45326768:C:T	19	45326768	T	rs1871045	0.349678322672844	0.0	3.19490011356027e-05	Group D
19:45351746:A:G	19	45351746	Group D	rs1871047	0.761422294378281	0.000510409344569	0.000510409344569	Group D
19:45372354:T:G	19	45372354	G	rs8104483	0.902110296487808	-0.0041046857697244	0.0019584457568205997	Group D
19:45414451:T:C	19	45414451	C	rs439401	0.795940858125687	-0.0056444285266222	0.0012999694998002999	Group D
19:45448465:T:G	19	45448465	G	rs5167	0.725389569997788	0.0041679273282945	7.609289715299929e-06	Group D
19:45496303:T:C	19	45496303	C	rs9193	0.824825775623322	0.0010947805192141	0.0005160230105068001	Group D
19:46095651:A:G	19	46095651	G	rs3745818	0.254863710701466	-0.0012561284083262	0.0012753795661886002	Group D
19:46138698:G:A	19	46138698	Group D	rs10853775	0.762622743844986	0.0018344725301078	0.0018344725301078	Group D
19:46191828:C:T	19	46191828	T	rs10403723	0.251828519999981	0.0	7.62399668112683e-06	Group D
19:46429314:A:G	19	46429314	G	rs11673437	0.427581730484962	0.0009353630188945	0.0006635455864779999	Group D
19:46520026:A:G	19	46520026	G	rs2287306	0.614443153142929	0.0023544801766966	0.0005418640542042001	Group D
19:46930025:C:A	19	46930025	Group D	rs10418662	0.839393645524979	0.0005430852126923	0.0005430852126923	Group D
19:47342717:C:T	19	47342717	T	rs312186	0.571373558044434	-0.0020973081069897	0.0006903114912634998	Group D
19:47679798:T:C	19	47679798	C	rs466477	0.3454235881567	-0.007913713404255	0.00046172314067119934	Group D
19:47707427:T:G	19	47707427	G	rs8107443	0.267544128000736	0.0	0.0001074409396817	Group D
19:47759873:T:G	19	47759873	G	rs2287689	0.58485189974308	0.0025689467329151	0.00023107529069020007	Group D
19:48282495:C:T	19	48282495	T	rs10412896	0.677231878042221	-0.001675723492176	0.0005313491522311001	Group D
19:48498337:A:G	19	48498337	G	rs12052135	0.31397605240345	0.0007624545010348	0.00045653913267350006	Group D
19:48537585:A:G	19	48537585	G	rs3745746	0.348312965035439	2.42996641739113e-05	0.0003230188878757887	Group D
19:48598823:A:G	19	48598823	G	rs156631	0.477512893080711	0.0025628446474365	0.0004291143158636	Group D
19:48800914:G:A	19	48800914	A	rs35461177	0.505859661102295	0.0	0.0004888033295353	Group D
19:49116359:T:C	19	49116359	C	rs447802	0.482075875997543	0.0026892909569544	0.0002869559232425	Group D
19:49206674:G:A	19	49206674	A	rs601338	0.423538735508919	-0.0014507859939823	0.0003510518544810001	Group D
19:49416456:G:A	19	49416456	A	rs2387579	0.843889546394348	-0.002694604013376	7.238241076279982e-05	Group D
19:49416936:C:T	19	49416936	T	rs746075	0.621299827098846	0.0010044135794025	0.00042796456224570016	Group D
19:49438363:G:A	19	49438363	A	rs2270941	0.45910567343235	-0.0017826011236089	0.00036529522407860015	Group D
19:49461305:T:C	19	49461305	C	rs2387583	0.556906726956368	0.0022872807718192	0.0031593476505506	Group D
19:49470200:G:A	19	49470200	Group D	rs55945473	0.740681880712509	-0.0027938321126048	0.0027938321126048	Group D
19:49658390:T:C	19	49658390	Group D	rs3745299	0.859373199939728	-0.0014374119300313	0.0014374119300313	Group D
19:49869051:T:G	19	49869051	G	rs2303759	0.152630926668644	-0.0030912794860321	0.0005608348903339	Group D
19:49949652:G:A	19	49949652	A	rs7462	0.347443479299545	9.10424805169714e-05	0.00040917055167872857	Group D
19:50091798:G:T	19	50091798	T	rs2288920	0.515870958566666	-0.0003177557974924	0.0003103031544602	Group D
19:50093248:A:T	19	50093248	T	rs144521999	0.758569711446762	0.0001219569569839	0.0008224670851702	Group D
19:50435862:C:T	19	50435862	T	rs283526	0.464065471291542	0.0008909462170852	0.0002919421103149001	Group D
19:50813169:A:C	19	50813169	C	rs12978083	0.406313785910606	0.0	0.0001159895125125	Group D
19:50820610:G:C	19	50820610	C	rs35577331	0.332159048318863	0.0006923870247777	0.0004986727188951999	Group D
19:50934939:G:A	19	50934939	A	rs3810276	0.5847372174263	0.0	0.000555729523765	Group D
19:51247694:A:G	19	51247694	G	rs10853822	0.514766725897789	0.003624400023254	0.0003713535725832001	Group D
19:51267104:G:A	19	51267104	Group D	rs5013238	0.816257208585739	0.0014140035317639	0.0014140035317639	Group D
19:51281225:A:C	19	51281225	C	rs1465557	0.868423104286194	0.002353717683185	0.0016113476193538997	Group D
19:51412666:C:A	19	51412666	A	rs1654552	0.534611111879349	0.001426151646366	0.0003833868487943999	Group D
19:51451087:A:C	19	51451087	C	rs34338963	0.506201079487801	0.0004215213673706	0.0005843004679305001	Group D
19:51628529:A:G	19	51628529	G	rs2075803	0.505160588026047	-0.0054519393870024	0.0005954385105705002	Group D
19:51728477:C:T	19	51728477	T	rs12459419	0.782854813337326	-0.0058740377933306	9.959570871559929e-05	Group D
19:51728641:A:G	19	51728641	G	rs2455069	0.888916558027268	0.0027728691614998	0.00014839533493730007	Group D
19:51773802:A:G	19	51773802	G	rs1878047	0.394796812534332	-0.0009448011435449	0.0004748296096404	Group D
19:52128795:G:A	19	52128795	A	rs11084096	0.660703653097153	-0.0032270625823481	0.0006814395455687996	Group D
19:52163384:G:A	19	52163384	A	rs6509564	0.246381132304668	0.0	0.0001165140571473	Group D
19:52846212:A:G	19	52846212	G	rs321959	0.312959349155426	0.0005664534210877	0.0007246240615976	Group D
19:53014346:G:A	19	53014346	A	rs161931	0.647138172388077	0.0001404137150594	0.00024596470754730004	Group D
19:53078641:A:G	19	53078641	G	rs162828	0.276652972400188	0.0	0.0001913517046979	Group D
19:53119808:C:T	19	53119808	T	rs10421152	0.480829605460167	0.0010496192397718	0.0006834992547116001	Group D
19:53233273:T:C	19	53233273	C	rs4802987	0.543403142690659	0.0010214513339422	0.0006457610106962999	Group D
19:53331914:T:C	19	53331914	C	rs10423685	0.264668430387974	0.0016019027634421	0.0002291553198292	Group D
19:53367338:G:A	19	53367338	A	rs4803014	0.616668951511383	0.0043861548934024	0.00012550731486179936	Group D
19:53697368:T:G	19	53697368	Group D	rs11669754	0.737260645627976	0.0013982415902301	0.0013982415902301	Group D
19:53958126:T:G	19	53958126	G	rs2708743	0.542838481068611	0.0	0.000416975995076	Group D
19:54313707:G:C	19	54313707	C	rs34971363	0.567906850576401	0.0001445453849867	0.0023920918049487	Group D
19:54345707:A:C	19	54345707	Group D	rs7246490	0.819165003299713	0.0024492892735933	0.0024492892735933	Group D
19:54486773:C:T	19	54486773	T	rs7254456	0.588677078485489	0.0	0.0004908600596274	Group D
19:54553697:T:C	19	54553697	C	rs10500316	0.61883789896965	0.0	0.0002687029171951	Group D
19:54664209:G:C	19	54664209	C	rs1186842628	0.0	-0.0004698525230769	0.00030050145225280004	Group D
19:54962467:G:A	19	54962467	A	rs1035451	0.560369908809662	0.001621914730182	0.00037974046181519995	Group D
19:55128823:A:G	19	55128823	G	rs7246537	0.418950328230858	-0.001213591489157	0.0006732399949721999	Group D
19:55175740:C:T	19	55175740	T	rs3745871	0.411157488822937	0.0	0.0004227072693566	Group D
19:55329892:A:G	19	55329892	G	rs149123986	0.0	0.0045317902643947	0.0005227439493598	Group D
19:55378008:C:T	19	55378008	T	rs3745902	0.516926911473274	0.0	3.4587341202921e-05	Group D
19:55427480:A:C	19	55427480	C	rs269918	0.400696307420731	0.0	0.0003734732101069	Group D
19:55598724:A:G	19	55598724	G	rs1054940	0.72134599685669	-3.94354325456714e-05	0.00014202104171952862	Group D
19:55914374:C:T	19	55914374	T	rs11672075	0.495013719797134	0.0018164114201979	0.0003391158500618001	Group D
19:56374621:G:A	19	56374621	A	rs10853882	0.259890638291836	-0.0003587438225219	0.0007944565774992001	Group D
19:56694505:C:T	19	56694505	T	rs575756	0.538298583030701	0.0	0.0001460063975902	Group D
19:56702323:C:T	19	56702323	T	rs4801296	0.49043056666851	-0.0001400028663107	0.00030569077117969997	Group D
19:56718585:A:G	19	56718585	Group D	rs4801690	0.64313395023346	-7.86061804039315e-05	7.86061804039315e-05	Group D
19:56888101:C:T	19	56888101	T	rs1860568	0.539882019162178	-0.0015851228376891	0.0008811593862103999	Group D
19:57050515:C:G	19	57050515	G	rs7258088	0.529688993096352	0.0	6.58705394516289e-05	Group D
19:57066013:C:T	19	57066013	T	rs10409531	0.427883490920067	-0.0018326470791652	0.00033015053047000015	Group D
19:57546356:C:T	19	57546356	T	rs8103089	0.513532873988152	0.0014183569922481	0.0006981700945569999	Group D
19:57647236:T:C	19	57647236	C	rs7252632	0.428130224347115	0.0	0.0003530220694217	Group D
19:57909827:G:T	19	57909827	T	rs17856896	0.738181114196777	-0.0021954517434044	0.0010412822689410003	Group D
19:58144715:A:G	19	58144715	G	rs9749449	0.723482638597488	0.0013908311276545	0.0004221828965184	Group D
19:58884965:C:T	19	58884965	T	rs7254299	0.11198518872261	-2.31612472744776e-05	0.0009253377748012223	Group D
19:58951123:T:C	19	58951123	C	rs7259841	0.702490448951721	0.0034444550619818	0.00011914570639629972	Group D
20:411842:G:A	20	411842	A	rs2295495	0.346666765213013	-0.0005843340119561	0.0006899232060484001	Group D
20:823792:C:T	20	823792	Group D	rs6038939	0.771061503887177	0.0008281404133512	0.0008281404133512	Group D
20:860802:G:A	20	860802	Group D	rs6140526	0.736622619628906	-0.0007512494849157	0.0007512494849157	Group D
20:892948:G:A	20	892948	A	rs574628	0.47482231259346	0.0001302522420959	0.0006790342758334	Group D
20:1131119:A:G	20	1131119	G	rs6040155	0.626959037780762	-0.0012183042965275	0.000584501231083	Group D
20:1232032:T:C	20	1232032	C	rs6040904	0.358188170194626	-0.0006920053144747	0.0005391437944659	Group D
20:1313762:A:G	20	1313762	G	rs3764712	0.364359000325203	0.0016063398123147	0.00023636353266420014	Group D
20:1364598:A:G	20	1364598	G	rs6041884	0.337662449479103	0.0	0.0002621844726298	Group D
20:1600524:T:C	20	1600524	C	rs1535882	0.722320967912674	0.0003255536757349	0.0001478376353547	Group D
20:1612819:A:G	20	1612819	Group D	rs1535883	0.753367084264755	-0.0008225057948017	0.0008225057948017	Group D
20:1922283:T:G	20	1922283	G	rs6112072	0.738596737384796	-0.0166365054429136	0.004078411372187101	Group A
20:1930704:C:T	20	1930704	T	rs4470399	0.640579676628113	-0.0042851860419953	0.0039394976288631	Group B
20:2205957:G:A	20	2205957	A	rs12480715	0.362470358610153	-0.0002547191647719	0.00044264454277160003	Group D
20:2211673:C:T	20	2211673	T	rs4815056	0.682249075174332	0.0023318397129917	0.0004597448566261999	Group D
20:2527510:T:C	20	2527510	C	rs6083607	0.478567272424698	-0.0007828375009922	0.0005713886626094	Group D
20:2559795:T:C	20	2559795	C	rs34884202	0.623885452747345	0.0	0.0001612879945465	Group D
20:2991560:C:T	20	2991560	T	rs6133002	0.13041255325079	0.0	0.000537241703511	Group D
20:3035797:G:A	20	3035797	A	rs4815560	0.0963747940957546	-0.0002272810379094	0.0004719804248403	Group D
20:3070571:T:C	20	3070571	C	rs6084264	0.363946229219437	-0.0011142301429821	0.0005522317259999	Group D
20:3119133:G:A	20	3119133	A	rs306757	0.231880278885365	0.0	0.0002569517431587	Group D
20:3172246:A:C	20	3172246	C	rs2295547	0.427222684025764	-0.003632144944432	0.00037151092911140004	Group D
20:3193842:C:A	20	3193842	A	rs1127354	0.556115928292275	0.0028460077991042	0.0014580223788401001	Group D
20:3684729:T:C	20	3684729	C	rs625372	0.486887630820274	0.000214581299549	4.311567107970001e-05	Group D
20:3686436:C:T	20	3686436	T	rs6037651	0.356326603889465	0.0016547203896309	0.0003994774673459001	Group D
20:3721456:C:T	20	3721456	T	rs3827077	0.459031742811203	-0.0008498208724926	0.00032261736068649996	Group D
20:3741800:A:G	20	3741800	G	rs621624	0.748888325691223	0.0056477369326979	0.0028069260581364	Group D
20:3745127:A:G	20	3745127	G	rs6116026	0.423556944727898	-0.0031188218974254	0.00035517236351169986	Group D
20:3776175:C:T	20	3776175	T	rs3761218	0.617211979627609	0.0009400423786551	0.0020780620669369	Group D
20:3796136:T:C	20	3796136	C	rs4815613	0.341978403925896	-0.0006514077611334	0.0008058762156941999	Group D
20:4053254:A:G	20	4053254	G	rs6139288	0.576987555623055	0.001845234318843	0.0006486962163764999	Group D
20:4122485:G:A	20	4122485	A	rs1764995	0.504680863022804	0.0010079456856696	0.0005065069539056	Group D
20:4353884:G:T	20	4353884	T	rs192717	0.395744070410728	0.0	0.0002213416620913	Group D
20:4373054:T:C	20	4373054	C	rs4813692	0.375775608420372	0.0	0.0001092490742945	Group D
20:4379086:A:G	20	4379086	G	rs3904864	0.34525955170393	-0.0021316461790185	0.0005621884142273	Group D
20:4514960:G:A	20	4514960	A	rs6037864	0.460338655114174	-1.74190437222508e-05	0.0008406391053292491	Group D
20:4983092:G:A	20	4983092	A	rs1279683	0.897947281599045	-0.0047489429756737	0.0016797595634088	Group D
20:5137905:G:A	20	5137905	Group D	rs1292197	0.874408888816834	0.0013500958558908	0.0013500958558908	Group D
20:5648889:T:C	20	5648889	Group D	rs805753	0.836770731210709	0.0002166512936276	0.0002166512936276	Group D
20:5903323:G:A	20	5903323	A	rs910122	0.596094781160355	0.0	4.16258430464017e-05	Group D
20:6104068:C:T	20	6104068	Group D	rs2295433	0.777394068241119	-0.0007058426112265	0.0007058426112265	Group D
20:6759115:A:T	20	6759115	T	rs235768	0.64245742559433	-0.0001440907998348	0.0002058207608514	Group D
20:6932760:A:G	20	6932760	G	rs6107896	0.288435876369476	0.0	0.000545779588468	Group D
20:7646072:C:T	20	7646072	Group D	rs62197765	0.750532227754593	-0.0015810967099833	0.0015810967099833	Group D
20:8607393:G:A	20	8607393	A	rs4432538	0.2892215102911	-0.0105423274525747	0.00032697561608290016	Group D
20:8607426:T:G	20	8607426	G	rs4419296	0.501702654361725	-0.0011656771984461	0.0004184235059745999	Group D
20:8627642:C:T	20	8627642	Group D	rs6055971	0.754633337259293	-0.0003192083445538	0.0003192083445538	Group D
20:8815580:G:T	20	8815580	T	rs6118346	0.590831595659256	-0.000511298442755	0.0005920755449121	Group D
20:9497057:A:G	20	9497057	G	rs2232267	0.785350149869919	0.0018100473485728	0.0013861106886299999	Group D
20:9950715:G:A	20	9950715	A	rs953021	0.30895102918148	0.0002812424187215	0.0005139053510586	Group D
20:10030188:T:A	20	10030188	A	rs652633	0.523901298642159	-0.0036186706280158	0.00036366016838400034	Group D
20:10036202:G:A	20	10036202	A	rs6087119	0.485164326429367	2.32452273248736e-06	0.0006544683737895126	Group D
20:10369381:T:C	20	10369381	C	rs6039905	0.649244379997253	0.0008137913645588	0.0006731913108708	Group D
20:10412596:C:T	20	10412596	Group D	rs36224662	0.736178994178772	0.0010926973747544	0.0010926973747544	Group D
20:10422353:G:T	20	10422353	T	rs2026316	0.494757002592087	0.0022835793590875	0.0008601170583417998	Group D
20:10428776:T:C	20	10428776	C	rs6039943	0.329805597662926	0.0001124745143268	1.4681321033400009e-05	Group D
20:10729281:G:A	20	10729281	A	rs6074180	0.403265407681465	0.0021871025848861	0.0007015729770527002	Group D
20:10883131:A:G	20	10883131	G	rs6040229	0.392324459552765	0.0	0.0020728964996097	Group D
20:10883427:A:G	20	10883427	Group D	rs1114344	0.743473011255264	0.0027189410901986	0.0027189410901986	Group D
20:11440128:T:C	20	11440128	Group D	rs6108988	0.782096326351166	-0.0002616639843456	0.0002616639843456	Group D
20:11886502:T:C	20	11886502	Group D	rs1232483	0.785952037572861	-0.0007634150761382	0.0007634150761382	Group D
20:11896206:G:T	20	11896206	T	rs6074366	0.464640188217163	0.0	0.0001182706421198	Group D
20:11897415:A:G	20	11897415	G	rs6109184	0.437535294890404	0.0	2.12628242270009e-05	Group D
20:12190021:C:T	20	12190021	T	rs6033344	0.40756259560585	0.0	0.000863126994668	Group D
20:12198231:C:A	20	12198231	Group D	rs765072	0.838772660493851	0.0008145029513144	0.0008145029513144	Group D
20:12264116:C:A	20	12264116	A	rs2423646	0.353112217783928	-1.30340391440813e-05	0.0004665573784406187	Group D
20:12413967:C:T	20	12413967	T	rs761796	0.42841791510582	-0.0027437334378081	0.00048359682239290007	Group D
20:12659183:A:G	20	12659183	G	rs6041538	0.312206029891968	-0.0003476092093805	0.0006008137056035001	Group D
20:12729400:A:C	20	12729400	C	rs6104965	0.504871144890785	0.0005947354245669	0.0002207586730399	Group D
20:12729479:T:C	20	12729479	C	rs17262774	0.502716717123985	0.0042942569647632	0.0013666180542123004	Group D
20:13256786:G:T	20	13256786	T	rs6109792	0.257496951520443	-2.32720906197059e-05	0.00037253263116989414	Group D
20:14476048:A:G	20	14476048	G	rs2327854	0.48137868642807	0.0	0.0003549528957773	Group D
20:15026075:C:A	20	15026075	Group D	rs6135332	0.795209300518036	0.00136385613642	0.00136385613642	Group D
20:15313516:A:G	20	15313516	Group D	rs6079763	0.843979942798615	0.0007447914658454	0.0007447914658454	Group D
20:15443446:A:G	20	15443446	G	rs2224300	0.536540040373802	6.57954727340771e-05	0.00036558959516132293	Group D
20:16795657:A:C	20	16795657	C	rs714509	0.254868696630001	-0.0036439837071973	0.00042916137580940004	Group D
20:17600357:G:A	20	17600357	A	rs11960	0.595200520753861	0.0	0.0004558373341419	Group D
20:17629162:G:A	20	17629162	A	rs6080761	0.845738381147385	0.0033824564835859	0.0028168223389824	Group D
20:17646761:C:T	20	17646761	T	rs8120179	0.608107107877731	0.0	0.0019712422844839	Group D
20:17845921:A:C	20	17845921	C	rs2328223	0.423598936200142	0.0015407453335328	0.0008139037502067001	Group D
20:17850889:A:G	20	17850889	G	rs4813293	0.513270992040634	0.0	0.0001955866082759	Group D
20:17851979:A:C	20	17851979	Group D	rs34155041	0.891779971122742	-0.0009663560199904	0.0009663560199904	Group D
20:17950545:A:T	20	17950545	T	rs11551768	0.869000506401062	0.0050278715806558	0.0006733713829926999	Group D
20:18142462:A:G	20	18142462	G	rs80113248	0.518052726984024	0.0023901511254159	0.0014994908792841	Group D
20:18605728:G:A	20	18605728	Group D	rs7263884	0.816486704349518	-0.0002662948857927	0.0002662948857927	Group D
20:18980368:A:G	20	18980368	G	rs2104197	0.345734119415283	0.0	0.0006824147223511	Group D
20:19406526:G:A	20	19406526	A	rs13044355	0.355431509017944	-0.0023943495127058	0.0004372432274547997	Group D
20:19796386:G:A	20	19796386	Group D	rs6136847	0.783844321966171	-0.0004734637342114	0.0004734637342114	Group D
20:20493550:T:C	20	20493550	C	rs45484900	0.58929446041584	0.0	0.0001114527245333	Group D
20:20856254:T:C	20	20856254	C	rs6075733	0.533389210700989	0.0007510346280738	0.0004188090755676999	Group D
20:21529274:T:C	20	21529274	Group D	rs2145814	0.833885562419891	-0.0003655192824899	0.0003655192824899	Group D
20:23016970:T:G	20	23016970	G	rs3746726	0.634756481647492	-0.003221750833794	0.0005039065980744998	Group D
20:23028724:G:A	20	23028724	A	rs1042579	0.80173887014389	0.0014289819184823	0.0003205596925426001	Group D
20:23185323:G:A	20	23185323	Group D	rs11698127	0.734047430753708	0.000486420086712	0.000486420086712	Group D
20:23424613:T:C	20	23424613	C	rs3746736	0.649790674448013	0.0003288280163678	0.0002469087717471531	Group D
20:23426648:C:T	20	23426648	T	rs761724	0.303488244116306	0.0006008501460041	0.000809205187298	Group D
20:23586360:G:A	20	23586360	A	rs2983640	0.578368344902992	0.0003736781559942	0.00046654232018980004	Group D
20:23749714:C:A	20	23749714	A	rs3884632	0.405855593085289	0.0	0.0002076048988694	Group D
20:23763351:G:A	20	23763351	Group D	rs6138081	0.764199423789978	-0.0006104251564015	0.0006104251564015	Group D
20:24919815:C:T	20	24919815	T	rs4813541	0.437668082118034	0.0	4.92711267618371e-07	Group D
20:24973769:G:A	20	24973769	A	rs6138458	0.449584916234016	-0.000694064012384	0.0005159635936844	Group D
20:25025971:T:G	20	25025971	G	rs77160533	0.698131161928177	0.0	0.0014143154066088	Group D
20:29890480:A:G	20	29890480	G	rs1018403	0.446694415807724	0.0	0.0008341047139609	Group D
20:30517503:C:T	20	30517503	T	rs4911540	0.733564549684525	0.0033260125772876	0.0028741505611112	Group D
20:30648578:T:C	20	30648578	C	rs4911541	0.506742626428604	0.0	0.0002915656729632	Group D
20:30682771:C:T	20	30682771	Group D	rs6089171	0.791069793701172	-0.0007742300200418	0.0007742300200418	Group D
20:30742996:G:T	20	30742996	T	rs1205843	0.825838172435761	-0.0028775032896303	0.001054049350549	Group D
20:31388636:T:C	20	31388636	C	rs2424928	0.48150662779808	0.008022229557871	0.0001885476380930999	Group D
20:31656632:C:G	20	31656632	G	rs6057717	0.261814500391483	0.0	0.000162566798852	Group D
20:31812923:G:A	20	31812923	A	rs3818222	0.668629109859467	-0.0034736275801171	0.0006373251374747002	Group D
20:31897554:G:C	20	31897554	C	rs1999663	0.452928885817528	0.0040852351041954	0.00015077793341209973	Group D
20:32479990:G:A	20	32479990	A	rs734484	0.351751920580864	0.0	0.0006666360573448	Group D
20:32675636:A:C	20	32675636	C	rs6120513	0.33987033367157	0.0	0.000308761298016	Group D
20:33104592:G:C	20	33104592	C	rs2424993	0.900784534215927	0.0013265040143146	0.0001218823238572002	Group D
20:33713674:T:C	20	33713674	Group D	rs6088728	0.774582403898239	0.0006488985195907	0.0006488985195907	Group D
20:34219496:T:C	20	34219496	C	rs6579255	0.367347496747971	-0.0022367622831885	0.0005475126483039999	Group D
20:35414905:G:T	20	35414905	T	rs73109216	0.624925810098648	0.0039200634045314	0.0014306708250157998	Group D
20:35487159:C:A	20	35487159	Group D	rs1146261	0.853091138601303	-0.0002348592827633	0.0002348592827633	Group D
20:35945104:G:A	20	35945104	Group D	rs1043404	0.74665521979332	-0.0001740226878236	0.0001740226878236	Group D
20:36540523:A:G	20	36540523	G	rs6021826	0.521017193794251	0.0	0.000518446603761	Group D
20:36544364:T:C	20	36544364	Group D	rs62201727	0.786907684803009	0.0026148823138835	0.0026148823138835	Group D
20:36796412:C:T	20	36796412	T	rs11086468	0.647320833802223	0.0	0.0005522590476203	Group D
20:36797000:C:T	20	36797000	T	rs761002	0.666945427656174	-4.71786912016341e-06	0.0001602287803733366	Group D
20:36939052:G:C	20	36939052	C	rs5743507	0.534233337640762	0.0	0.0012229707332403	Group D
20:36997632:T:C	20	36997632	C	rs1780627	0.443663218617439	0.0007252150176561	0.00042626599823179995	Group D
20:37271138:A:G	20	37271138	G	rs220531	0.351410928368568	0.0	0.0005560694937129	Group D
20:39255548:T:G	20	39255548	G	rs6029228	0.484270229935646	0.0033371708634855	0.0002407134194356	Group D
20:39268516:C:T	20	39268516	T	rs17820943	0.53958640396595	0.0021403359919731	0.00042866586376869974	Group D
20:40579609:T:C	20	40579609	C	rs4812563	0.355050513148308	0.0013638000524106	0.0006720744429725	Group D
20:41314782:C:A	20	41314782	A	rs3092592	0.566809546947479	0.0	0.0001326282749332	Group D
20:41358953:A:G	20	41358953	G	rs6030445	0.286781053245068	-0.0007694172104987	0.0009454822544365	Group D
20:41927733:T:C	20	41927733	C	rs2223248	0.521848770976067	0.0	0.0004189837161063	Group D
20:42012125:G:A	20	42012125	A	rs6103265	0.589514535665512	-0.0019317959233117	0.0007205946571118003	Group D
20:42792826:G:A	20	42792826	A	rs6103663	0.566132268309593	0.0003093352306552	0.0007389888604832	Group D
20:42838550:A:G	20	42838550	Group D	rs2143606	0.819755709171295	0.0014014703783903	0.0014014703783903	Group D
20:42964420:C:T	20	42964420	T	rs11905257	0.285899084806442	0.0	0.0012907846471352	Group D
20:43365504:C:T	20	43365504	Group D	rs6073534	0.739849853515625	-0.0006000747404612	0.0006000747404612	Group D
20:43378770:A:G	20	43378770	G	rs1111032	0.633843272924423	0.0	0.0007303631840817	Group D
20:43455745:C:T	20	43455745	T	rs2903760	0.343325437605381	-0.0004552288610229	0.0008620260334803999	Group D
20:43836173:T:A	20	43836173	A	rs2301366	0.504566195607185	-0.0018565766550405	0.00033063311488650015	Group D
20:44141331:A:G	20	44141331	G	rs6032259	0.434231540560722	-0.0012890771394901	0.0005747963088313999	Group D
20:44332298:T:G	20	44332298	G	rs432448	0.332959607243538	0.0	0.0002522026198169	Group D
20:44640225:A:G	20	44640225	G	rs17576	0.708861285448074	-0.0044483427818773	0.0005286471131428997	Group D
20:44931929:C:G	20	44931929	G	rs6017767	0.315329879522324	0.0	4.09181856167405e-05	Group D
20:45180392:A:G	20	45180392	Group D	rs6066021	0.742450308799744	0.0018083916490739	0.0018083916490739	Group D
20:45212455:T:G	20	45212455	G	rs389905	0.646825712919235	0.0007164663559978	0.0006583876389453999	Group D
20:45582954:G:A	20	45582954	Group D	rs11696676	0.749793374538422	-8.28334497635766e-05	8.28334497635766e-05	Group D
20:46125266:T:C	20	46125266	C	rs13043637	0.455152559280396	-0.0019257624228213	0.0006206080562690998	Group D
20:46543831:G:T	20	46543831	T	rs6063178	0.621929621696472	0.0022980399427354	0.00032209085960429977	Group D
20:46955963:G:A	20	46955963	A	rs453410	0.69155638217926	0.0	0.0004517632952954	Group D
20:47043709:T:C	20	47043709	Group D	rs4809692	0.805393487215042	-0.0010695045433024	0.0010695045433024	Group D
20:47055269:C:T	20	47055269	T	rs999151	0.621885001659393	0.0	0.0001990180819367	Group D
20:48011008:G:A	20	48011008	A	rs756529	0.490415725111961	-0.0029806373989222	0.0008792687798398003	Group D
20:48016209:T:C	20	48016209	Group D	rs6063397	0.284865748882294	-0.0001455950761579	0.0001455950761579	Group D
20:48402579:T:C	20	48402579	Group D	rs588375	0.741755342483521	-0.0022336595780683	0.0022336595780683	Group D
20:48467716:G:A	20	48467716	A	rs530461	0.670914441347122	0.0	6.73217528213571e-05	Group D
20:48842627:T:C	20	48842627	C	rs6020379	0.44052400290966	0.0035617632420896	0.0006082859649333998	Group D
20:48906516:T:C	20	48906516	C	rs913670	0.483416125178337	0.0	0.0018495677861973	Group D
20:48908292:A:C	20	48908292	Group D	rs913674	0.764177441596985	0.0021471046639379	0.0021471046639379	Group D
20:49100045:A:G	20	49100045	G	rs6067464	0.694049441814423	0.0002830869618277	0.0010491100343485	Group D
20:49119419:T:C	20	49119419	C	rs6020560	0.528770723938942	0.0	0.0028187308001819	Group D
20:49123032:A:G	20	49123032	G	rs6020566	0.466098707914352	0.0	0.0019757942146251	Group D
20:49135987:A:G	20	49135987	Group D	rs6067474	0.780914884805679	0.0056547747638155	0.0056547747638155	Group B
20:49163235:A:G	20	49163235	G	rs941798	0.604405975341797	-0.0026520415242855	9.282318227239999e-05	Group D
20:49258752:G:T	20	49258752	Group D	rs6020661	0.818045854568481	-0.0004510762145254	0.0004510762145254	Group D
20:49303494:A:G	20	49303494	G	rs4809808	0.574451380968094	0.0	0.000410672524386	Group D
20:49489520:G:A	20	49489520	Group D	rs6096137	0.822983413934708	0.001575079249238	0.001575079249238	Group D
20:49729104:C:T	20	49729104	T	rs229997	0.413455080986023	0.0	0.0003383328233117	Group D
20:49782615:C:T	20	49782615	T	rs6096288	0.424097383022308	0.0023612215610984	0.0005888301629844999	Group D
20:49848254:G:T	20	49848254	T	rs970567	0.618160474300385	0.0	0.0002574826395054	Group D
20:49870811:G:A	20	49870811	A	rs2073124	0.441138377785683	-0.0020999673461362	0.00024280399368440016	Group D
20:50155124:A:G	20	50155124	G	rs6021275	0.62140040397644	-0.0010901871667639	0.00048560644452429994	Group D
20:50212534:G:A	20	50212534	A	rs6021304	0.652103680372238	0.0	0.0004224859345024	Group D
20:50217620:A:G	20	50217620	G	rs1048712	0.493485453724861	0.0	3.7700319483269e-06	Group D
20:50401355:G:A	20	50401355	Group D	rs58347405	0.741782855987549	-0.0009678569514394	0.0009678569514394	Group D
20:50407502:A:C	20	50407502	C	rs6126344	0.681700259447098	-0.0029377697786399	0.0009469319759280999	Group D
20:51228187:A:G	20	51228187	G	rs6512851	0.395973923802376	0.0	0.0001168961301528	Group D
20:52192637:T:C	20	52192637	C	rs34323943	0.699271184206009	9.75651627603935e-05	0.0001153388318929065	Group D
20:52193088:C:T	20	52193088	T	rs6063966	0.617228519916534	0.006348524776827	0.0008037003803049005	Group D
20:52564499:C:T	20	52564499	T	rs719203	0.724230068922043	0.0	0.0004478161355948	Group D
20:52716084:T:C	20	52716084	C	rs209960	0.621350741386414	0.0	0.0004535930454763	Group D
20:52721956:A:G	20	52721956	G	rs158528	0.425423344969749	0.0	6.44868773635924e-05	Group D
20:52768496:A:G	20	52768496	G	rs6097805	0.583688944578171	0.000217795827416	0.0005533806613161	Group D
20:52774427:A:G	20	52774427	G	rs1570669	0.581820380687714	0.0	0.0005104831139317	Group D
20:52811816:T:G	20	52811816	Group D	rs12624330	0.740559321641922	0.004257649833758	0.004257649833758	Group B
20:52814510:A:G	20	52814510	G	rs2256781	0.464523920416832	0.0021940251201018	0.0015485709740486	Group D
20:53414539:T:G	20	53414539	G	rs157640	0.484977334737778	0.0	0.0002019799886057	Group D
20:53555183:G:A	20	53555183	A	rs288830	0.653988367319107	0.0004416656419619	0.0006903719448418	Group D
20:54057274:A:G	20	54057274	G	rs11699945	0.259084120392799	-3.33590780047487e-05	0.0001242519166147513	Group D
20:54085557:C:A	20	54085557	A	rs3852929	0.352540588378906	-0.0005207042213496	0.0005844164245319	Group D
20:54410935:T:C	20	54410935	C	rs6069418	0.387186250090599	0.0005748720218375	0.0006516844210701	Group D
20:54961463:T:C	20	54961463	C	rs1047972	0.843314409255981	-0.0017718712203147	0.0008044610305929	Group D
20:55116737:C:T	20	55116737	T	rs6092326	0.0	-0.000489888105214	0.0004522815450999	Group D
20:55134225:A:C	20	55134225	Group D	rs77559563	0.740133804082871	0.0023224730637167	0.0023224730637167	Group D
20:55144039:A:C	20	55144039	Group D	rs68055633	0.733475530147553	-0.0013961965574412	0.0013961965574412	Group D
20:56090805:GTA:G	20	56090805	G	rs746314543	0.0	0.000355488517705	0.00030039300743729994	Group D
20:56098733:T:C	20	56098733	C	rs6025606	0.661065053939819	7.48785303887902e-06	0.00025140818027752094	Group D
20:56322962:C:A	20	56322962	A	rs6015073	0.687487137317658	0.0	0.0001723837314467	Group D
20:56459934:A:G	20	56459934	G	rs913879	0.515770640969276	0.0009176095743817	0.0007022274410836001	Group D
20:56793706:G:A	20	56793706	A	rs584855	0.543082371354103	-0.0011729681595712	0.0007923461508374001	Group D
20:56876973:T:C	20	56876973	C	rs541977	0.470698979496956	0.0	0.0005090624495083	Group D
20:57133194:G:A	20	57133194	A	rs742925	0.564175236225128	0.0	4.96587183166181e-05	Group D
20:57478807:C:T	20	57478807	T	rs7121	0.505754441022873	0.0020729505221666	0.0007320608002989999	Group D
20:57564695:C:T	20	57564695	T	rs17851253	0.65860601067543	0.0002847168742008	0.0011644229094726999	Group D
20:57714225:T:C	20	57714225	C	rs260019	0.570849812030792	-0.0046196980544623	0.0003589930574308996	Group D
20:57829301:T:C	20	57829301	C	rs259956	0.740846872329712	-0.0061809478607258	0.0003715258274226002	Group D
20:57856336:A:G	20	57856336	G	rs154876	0.26364825963974	-0.0022524377924147	0.0003024610022523996	Group D
20:58005983:G:T	20	58005983	T	rs6100445	0.34405489563942	-7.71680991104673e-05	0.0007511013745641328	Group D
20:58297904:A:G	20	58297904	Group D	rs73144831	0.737503123283386	-0.0027125091332535	0.0027125091332535	Group D
20:58472582:A:G	20	58472582	G	rs12481710	0.585901951789856	0.0	8.08476403054655e-05	Group D
20:58719178:T:C	20	58719178	C	rs6123975	0.434718030691147	-0.001962686421858	0.0004768802151352003	Group D
20:58786247:A:G	20	58786247	G	rs560822	0.64729545712471	0.0002518334327154	0.0008032544371289	Group D
20:58893816:T:C	20	58893816	C	rs6027504	0.575788301229477	0.0	0.0005637133601658	Group D
20:58906072:A:G	20	58906072	Group D	rs6027519	0.824617427587509	0.0001275517784801	0.0001275517784801	Group D
20:59357810:C:T	20	59357810	T	rs6124010	0.525136694312096	0.0029818351166847	0.0005116844828731999	Group D
20:59625880:T:C	20	59625880	C	rs6065036	0.383498373627663	-0.0008053413406003	0.0006424453294747999	Group D
20:60334572:C:A	20	60334572	A	rs11907843	0.439938718080521	-0.0001854650288459	0.0009643468604132001	Group D
20:60902389:G:A	20	60902389	A	rs944893	0.694743645191193	0.0018254720476228	0.0006547821373376998	Group D
20:60968547:A:G	20	60968547	G	rs41284972	0.624110358953476	0.0003851914383212	0.0012068369842877001	Group D
20:61519042:T:C	20	61519042	C	rs1056984	0.484506243467331	0.0035192512158388	0.0003497825989505999	Group D
20:61519988:A:G	20	61519988	G	rs3746766	0.253075441718102	0.0	3.07718659982399e-05	Group D
20:61776300:T:C	20	61776300	Group D	rs6062820	0.465366095304489	3.14380259648314e-06	3.14380259648314e-06	Group D
20:61776485:G:A	20	61776485	A	rs6062821	0.407061031460762	0.000129928751789	0.0005606672417799001	Group D
20:61863226:G:A	20	61863226	A	rs2145164	0.651262825727463	-0.0002689387928715	0.0006721377188188	Group D
20:61905015:G:C	20	61905015	Group D	rs77044240	0.760239565372467	0.0012369618358156	0.0012369618358156	Group D
20:61915375:G:T	20	61915375	T	rs11086161	0.656920784711838	0.0	0.0005198948174114	Group D
20:61917425:G:A	20	61917425	A	rs78818145	0.695702815055847	0.0069300442617852	0.0019590656969794	Group D
20:62194030:G:C	20	62194030	C	rs3810483	0.364853611588478	0.0020794079549003	9.575117383849984e-05	Group D
20:62196253:C:A	20	62196253	A	rs310631	0.546497878432274	-0.0022501621631999	0.0004009631760461996	Group D
21:15693476:T:C	21	15693476	C	rs1297152	0.732387572526932	0.0	8.59343932124727e-05	Group D
21:15720497:A:G	21	15720497	G	rs2822613	0.63306474685669	-0.001405595786516	0.0006739740858938	Group D
21:15954593:G:A	21	15954593	A	rs2822786	0.769468313455582	0.0002888037368071	0.0004805695523678	Group D
21:16123230:T:C	21	16123230	C	rs2822895	0.400675940513611	0.000329506136766	6.322193156160002e-05	Group D
21:16339172:G:C	21	16339172	C	rs2229742	0.615126514434815	0.0027239973461816	0.0007112390234145002	Group D
21:16359460:T:C	21	16359460	C	rs1297215	0.583372282981873	0.0053486134092612	0.0004068064847718997	Group D
21:16440962:C:T	21	16440962	T	rs2823032	0.724638551473618	0.0	0.0002266332023631	Group D
21:17664676:T:C	21	17664676	C	rs189457	0.496628817915916	0.0010315551557139	0.0005401845433829998	Group D
21:19403222:A:G	21	19403222	G	rs157740	0.308837214112282	0.0	0.0002374875622094	Group D
21:20675783:A:G	21	20675783	G	rs1012196	0.584080320596695	-0.003322792612812	0.0008648655232406	Group D
21:21208597:G:A	21	21208597	A	rs12172913	0.647389453649521	-0.0018815093273032	0.00044078637804669993	Group D
21:21556476:C:T	21	21556476	T	rs2826065	0.386429846286774	-0.0002855013819782	0.00045938174460299994	Group D
21:21640478:C:A	21	21640478	A	rs2826117	0.432722643017769	-0.0002192398056119	0.0002996842904397	Group D
21:21906975:T:C	21	21906975	Group D	rs9305961	0.746783459186554	0.0003085083642078	0.0003085083642078	Group D
21:25330177:A:G	21	25330177	G	rs2828652	0.293971189856529	0.0014561876195782	0.0005190987876425	Group D
21:25514467:T:C	21	25514467	C	rs12627350	0.383699434995651	0.0	0.0005704414675304	Group D
21:25782618:G:A	21	25782618	Group D	rs2829049	0.739180493354797	0.0003610992453675	0.0003610992453675	Group D
21:25958746:A:G	21	25958746	G	rs9984330	0.267501373589039	0.0	0.0001788816253587	Group D
21:26241604:A:G	21	26241604	G	rs2829442	0.319675347208977	0.0	0.0003412688086122	Group D
21:26273456:T:C	21	26273456	C	rs2829456	0.463474202156067	0.0	0.0001891130893375	Group D
21:27430925:T:C	21	27430925	C	rs2830033	0.394980299472809	-0.0001723870572985	0.000726400688972	Group D
21:27836153:C:T	21	27836153	T	rs2830237	0.385945197939873	0.0	0.0004086801048419	Group D
21:27897399:A:C	21	27897399	C	rs222931	0.471665802598	0.0007533171475141	0.0006518978414464	Group D
21:28124166:A:G	21	28124166	G	rs2830457	0.290003784000874	0.0001787906877964	0.0006457153071088	Group D
21:28133233:G:A	21	28133233	A	rs3017528	0.42024082839489	-0.0001180725454704	0.00043341676085220004	Group D
21:28305212:C:T	21	28305212	T	rs2830585	0.486782830953598	0.0037891976131238	0.0004065327843245001	Group D
21:29485507:T:C	21	29485507	C	rs2831513	0.389953446388245	9.68753061298091e-05	0.0004651530124337909	Group D
21:31554936:G:A	21	31554936	A	rs2832650	0.424918338656426	-0.0021178114204702	0.0008733544492746	Group D
21:31661691:A:G	21	31661691	G	rs8127420	0.34922366142273	0.0	6.70705235719537e-05	Group D
21:32219982:T:C	21	32219982	C	rs2833129	0.287838992476463	0.0	3.3116201863305e-05	Group D
21:32220058:A:G	21	32220058	G	rs2833130	0.374663445353508	-0.0014514297061308	0.0005579560227226001	Group D
21:33392803:T:G	21	33392803	G	rs9305486	0.55738964676857	0.0	0.0001638578471397	Group D
21:33394823:C:A	21	33394823	A	rs2833613	0.423736125230789	0.0	2.8738377139768e-05	Group D
21:33534669:C:T	21	33534669	T	rs12151995	0.486845633387566	0.0	0.0004541318605689	Group D
21:33553000:A:G	21	33553000	G	rs2211676	0.284828846156597	0.0021596488028542	3.22761339077997e-05	Group D
21:33554583:T:C	21	33554583	C	rs2833696	0.502602362632752	0.0012104114322184	0.00040100707513570006	Group D
21:34223288:T:C	21	34223288	C	rs2833980	0.603577363491058	0.0	0.0004072844467838	Group D
21:34415302:C:T	21	34415302	Group D	rs2834074	0.822633510828018	6.96261235050796e-05	6.96261235050796e-05	Group D
21:34610487:T:C	21	34610487	C	rs1131964	0.663674998283386	0.0	0.0002508982827208	Group D
21:34614255:T:G	21	34614255	G	rs1051393	0.620593768358231	-0.0003221461595512	0.0006174068214124	Group D
21:34679731:A:G	21	34679731	G	rs2834179	0.341948673129082	0.0	0.0051315962591483	Group B
21:34681116:G:A	21	34681116	Group D	rs2007849	0.768905454874039	0.0059227046313411	0.0059227046313411	Group B
21:35046662:C:T	21	35046662	T	rs2834245	0.417987507581711	0.0	0.0002387637501973	Group D
21:35281421:T:C	21	35281421	C	rs4842	0.57873033285141	0.0	0.0019033917594632	Group D
21:35320941:T:G	21	35320941	G	rs35184820	0.743431001901627	0.002368631007715	0.002165772290194	Group D
21:35821419:T:C	21	35821419	Group D	rs2070357	0.76490438580513	8.59965040860606e-05	8.59965040860606e-05	Group D
21:35821821:T:C	21	35821821	C	rs1805127	0.636580908298492	0.0	0.0006276567364616	Group D
21:35822368:C:T	21	35822368	Group D	rs55857049	0.733546763658524	0.0008785336189466	0.0008785336189466	Group D
21:35894227:G:A	21	35894227	A	rs6517238	0.459136813879013	0.0014095617789329	0.0002219794349307999	Group D
21:35921365:C:T	21	35921365	T	rs2834528	0.588131913542748	0.0007392749715609	0.0009689508662054999	Group D
21:35979307:T:C	21	35979307	C	rs8134779	0.431485748291016	-0.000753671115733	8.786206486419991e-05	Group D
21:36229637:G:A	21	36229637	A	rs2834652	0.579037240147591	0.0029777273371782	0.0007852696790574998	Group D
21:36530416:T:C	21	36530416	C	rs4459802	0.504757910966873	0.0	0.0006605218303285	Group D
21:36561598:T:G	21	36561598	Group D	rs12483023	0.735173839330673	0.0025193890279159	0.0025193890279159	Group D
21:37395405:T:C	21	37395405	C	rs762363	0.314154286682606	-0.0003401667906996	0.0003191664913356	Group D
21:37485062:A:C	21	37485062	C	rs4817775	0.656387406587601	-0.0014321282768512	0.0005787562329091999	Group D
21:37518706:G:A	21	37518706	A	rs1056892	0.242092880606651	-0.0020191389578415	8.108496531199997e-05	Group D
21:37577586:G:A	21	37577586	A	rs2247051	0.30982413738966	0.0034782957329477	0.0005886431336452995	Group D
21:37617724:C:A	21	37617724	A	rs3746866	0.631859755516052	0.0004526772830704	0.0005230694659245	Group D
21:37802629:T:C	21	37802629	Group D	rs218642	0.825863510370255	0.0016581448755296	0.0016581448755296	Group D
21:38732228:T:C	21	38732228	C	rs7281206	0.461090907454491	0.0	0.0003748306470709	Group D
21:39017068:A:G	21	39017068	Group D	rs1709814	0.761458045244217	-0.0001658425961241	0.0001658425961241	Group D
21:40169706:T:C	21	40169706	C	rs1209944	0.878886127471924	0.0018916303524105	0.0017721054920668	Group D
21:40241311:G:A	21	40241311	Group D	rs7275685	0.820654386281967	-0.0001421192744056	0.0001421192744056	Group D
21:40466570:G:A	21	40466570	Group D	rs2836882	0.82728745341301	-0.0005976326575249	0.0005976326575249	Group D
21:40604429:C:G	21	40604429	G	rs2836950	0.381417652964592	0.0025372925066222	0.0003839803505986	Group D
21:41280938:G:A	21	41280938	Group D	rs2299775	0.739992153644562	-0.0003727033233706	0.0003727033233706	Group D
21:41968812:C:T	21	41968812	T	rs1018359	0.341436243057251	0.0014062679735939	0.0004670974333207999	Group D
21:42201615:T:C	21	42201615	C	rs2898425	0.572151505947113	-0.0003077653351107	0.0004436448688628	Group D
21:42803858:A:G	21	42803858	Group D	rs463856	0.827046775817871	-0.0001599451126532	0.0001599451126532	Group D
21:42817930:G:A	21	42817930	A	rs469390	0.461295804381371	0.0009634861477059	0.0004114121214663	Group D
21:43286209:T:C	21	43286209	C	rs2839396	0.472150215506554	0.0	0.0003627211698091	Group D
21:43473602:A:C	21	43473602	C	rs9981939	0.361653980612755	0.0017723447134574	0.0007051122103586998	Group D
21:43478099:G:A	21	43478099	A	rs220256	0.710263878107071	-0.0045255483377682	0.0002038613750365006	Group D
21:43519032:G:A	21	43519032	A	rs220312	0.597766810655594	0.0002021713875585	0.0002697115246313	Group D
21:43578888:C:T	21	43578888	T	rs220189	0.580167558789253	0.0001153509498645	0.0002083257772745	Group D
21:43584476:G:A	21	43584476	A	rs220321	0.185605013370514	8.85308785848035e-05	0.00046224156224509646	Group D
21:43805656:T:C	21	43805656	C	rs8130564	0.452246749401093	-2.01371258788307e-05	6.0364741676005994e-06	Group D
21:43836186:G:A	21	43836186	A	rs11203203	0.745068979263306	-0.0065014685806071	0.0012639137508373005	Group D
21:43869663:G:A	21	43869663	A	rs2839520	0.665938061475754	0.0	0.0004523908119815	Group D
21:43870045:C:A	21	43870045	Group D	rs2839523	0.776718586683273	0.0005795078713915	0.0005795078713915	Group D
21:43875734:G:A	21	43875734	A	rs4920106	0.789288604259491	0.001376329569013	0.0009585871710383001	Group D
21:43915541:T:C	21	43915541	Group D	rs2839538	0.734541815519333	-0.0004196532039954	0.0004196532039954	Group D
21:43916339:G:A	21	43916339	A	rs1573413	0.849212962388992	0.0	0.000178190100754	Group D
21:44187744:A:C	21	44187744	C	rs2284975	0.40923515856266	0.0019829270289917	0.0005957673034160003	Group D
21:44362904:G:T	21	44362904	T	rs8130292	0.480939105153084	0.0	0.0004780259678595	Group D
21:44779969:A:G	21	44779969	G	rs2838285	0.634026712179184	0.0	0.0005008330273194	Group D
21:44870150:C:T	21	44870150	Group D	rs11088981	0.765363258123398	-0.0006608494530306	0.0006608494530306	Group D
21:44872454:A:G	21	44872454	G	rs17004553	0.686353892087936	0.0	0.0012021009017864	Group D
21:45596207:C:T	21	45596207	Group D	rs4819384	0.740312564373016	0.0009105355479552	0.0009105355479552	Group D
21:45613825:T:C	21	45613825	C	rs2838517	0.592691144347191	0.0	0.0031517481873483	Group D
21:45615917:T:C	21	45615917	Group D	rs2838521	0.740498757362366	0.0047470242085521	0.0047470242085521	Group B
21:46086377:A:G	21	46086377	G	rs2838622	0.320206767320633	-0.0020362080901571	0.00030555441839150025	Group D
21:46328099:T:C	21	46328099	C	rs760462	0.858230233192444	-0.0030995627785453	0.00041599601746070006	Group D
21:46498863:G:A	21	46498863	Group D	rs8129315	0.845630264282227	-0.0008599677415375	0.0008599677415375	Group D
21:46647078:G:A	21	46647078	A	rs914210	0.450689694285393	0.0	0.0002107494350409	Group D
21:47665116:GAAGA:G	21	47665116	G	rs150712767	0.0	0.0007452472774887	0.00027249910770869997	Group D
21:47734659:G:A	21	47734659	A	rs13047478	0.170409379899502	0.0040256252114817	0.00040435323932120053	Group D
21:47863757:A:C	21	47863757	C	rs2073380	0.269206158816814	0.0	0.0004261457420565	Group D
21:47938065:G:A	21	47938065	A	rs1892692	0.187242047488689	-0.0012373774112331	0.0001352049666706	Group D
22:17785300:A:G	22	17785300	G	rs737971	0.728138256072998	0.0	0.0006913986758598	Group D
22:17887725:G:A	22	17887725	Group D	rs2522310	0.815303522348404	-0.0007807134119479	0.0007807134119479	Group D
22:18648937:T:C	22	18648937	Group D	rs5993030	0.783923321962357	0.0011211503788518	0.0011211503788518	Group D
22:18650682:C:T	22	18650682	T	rs3180408	0.64513583779335	0.0	0.000546609270379	Group D
22:19567776:C:T	22	19567776	T	rs5748311	0.862913113832474	0.0044262463656194	0.0020359143484936	Group D
22:19569995:G:A	22	19569995	A	rs5746789	0.496766903996468	0.0	0.0013176099865036	Group D
22:19654452:G:A	22	19654452	Group D	rs1541326	0.773640304803848	-0.0012616593594303	0.0012616593594303	Group D
22:19951271:G:A	22	19951271	A	rs4680	0.623173278570175	0.002614816606684	0.00030082606807040014	Group D
22:19969106:A:G	22	19969106	G	rs2240717	0.639674913883209	0.0056707359429701	0.0020071459422588995	Group D
22:20012968:T:C	22	20012968	Group D	rs2531718	0.776997578144074	-0.002671408435594	0.002671408435594	Group D
22:20098359:T:G	22	20098359	G	rs1640299	0.645782697200775	0.0	0.0019618728210486	Group D
22:20098882:T:C	22	20098882	Group D	rs720014	0.740661209821701	-0.002610880467868	0.002610880467868	Group D
22:20784217:C:T	22	20784217	T	rs882745	0.70402507185936	0.0	0.0005932147136989	Group D
22:20789688:G:A	22	20789688	A	rs1477178	0.583722373843193	0.0	0.0009676174006694	Group D
22:20791438:C:A	22	20791438	Group D	rs12628193	0.740425443649292	-0.0027859010676615	0.0027859010676615	Group D
22:21106055:G:A	22	21106055	A	rs5751852	0.418188166618347	0.0	0.000414940796729	Group D
22:21128576:G:A	22	21128576	A	rs178029	0.32860726416111	0.0	0.001354016799497	Group D
22:21212208:A:G	22	21212208	Group D	rs178068	0.831910753250122	0.0024499387147956	0.0024499387147956	Group D
22:21274338:G:A	22	21274338	Group D	rs929202	0.757061833143234	-0.0005156345858119	0.0005156345858119	Group D
22:21337325:G:A	22	21337325	A	rs13054014	0.659605062007904	-0.0014742515040367	0.0004755129874462001	Group D
22:21385985:C:T	22	21385985	Group D	rs402931	0.735252594947815	0.000426962274472	0.000426962274472	Group D
22:21400282:G:C	22	21400282	C	rs12170538	0.881012517213821	-0.0005305325856583	0.0012756700109139	Group D
22:21923144:A:C	22	21923144	Group D	rs140492	0.887223207950592	-0.0085929055225884	0.0085929055225884	Group B
22:21943938:T:C	22	21943938	Group D	rs1034329	0.861099052429199	-0.0001943874691551	0.0001943874691551	Group D
22:21982892:C:T	22	21982892	T	rs2298428	0.792861026525497	-0.0127852637236398	0.0091842643044411	Group A
22:22049783:C:T	22	22049783	T	rs12484060	0.665628582239151	-6.6236373161247e-05	0.000445069634689453	Group D
22:22550450:C:G	22	22550450	G	rs2073447	0.0	-0.0003703900226765	0.00021265265229929994	Group D
22:22868493:G:T	22	22868493	T	rs361666	0.0	0.0037500102285711	0.0004005630718318994	Group D
22:23258994:G:A	22	23258994	A	rs364402	0.730317002534866	0.0	0.0039265519602702	Group B
22:23261819:G:A	22	23261819	Group D	rs374015	0.759790390729904	-0.0059381978231485	0.0059381978231485	Group B
22:23503170:A:G	22	23503170	G	rs5759612	0.553743812441826	0.0013293240166429	0.0017375592584084002	Group D
22:23510804:C:A	22	23510804	Group D	rs5759624	0.806926828622818	-0.0026396501896564	0.0026396501896564	Group D
22:23569063:G:A	22	23569063	A	rs2156921	0.593023291230202	0.0003721965937679	7.01173725863e-05	Group D
22:24240340:G:A	22	24240340	Group D	rs5760093	0.828424817323685	0.0002633567362065	0.0002633567362065	Group D
22:24622648:T:C	22	24622648	C	rs2275984	0.36788926422596	-0.0012864070244221	0.0024931873019364	Group D
22:24681555:C:T	22	24681555	Group D	rs9624447	0.876275074481964	-0.0066970024559388	0.0066970024559388	Group B
22:24719605:T:C	22	24719605	C	rs2298378	0.62572021484375	0.0	0.0028004871571139	Group D
22:25095452:C:A	22	25095452	A	rs915611	0.597812634706497	0.0007115768430988	0.0005412228789335	Group D
22:25099115:G:A	22	25099115	A	rs9612740	0.60485879778862	0.0	0.0006543478298413	Group D
22:25231422:G:A	22	25231422	A	rs4822549	0.677540576457977	0.0	9.77895360962805e-05	Group D
22:25479479:T:C	22	25479479	C	rs5760834	0.504318681359291	-0.000786630278201	0.0004949043921915	Group D
22:25608548:T:C	22	25608548	Group D	rs4820621	0.736580663919449	-0.000315752394124	0.000315752394124	Group D
22:25611005:C:T	22	25611005	T	rs6519574	0.398013776540756	0.0	6.71753727410703e-06	Group D
22:25910555:A:C	22	25910555	C	rs484400	0.644589817523956	0.0	0.0007369617632793	Group D
22:25923169:G:A	22	25923169	Group D	rs2103527	0.733459120988846	-0.0001099805423984	0.0001099805423984	Group D
22:26157068:C:G	22	26157068	G	rs61734946	0.70923079252243	0.0005008651050579	0.0006380626468438001	Group D
22:26249277:A:G	22	26249277	Group D	rs5752235	0.774811917543411	-0.0003595362245815	0.0003595362245815	Group D
22:26338940:T:C	22	26338940	Group D	rs9613045	0.830083203315735	-0.0017127623091362	0.0017127623091362	Group D
22:27240025:G:T	22	27240025	T	rs136511	0.604654359817505	0.0003511264024009	0.0008894095072732001	Group D
22:27287053:T:C	22	27287053	C	rs5761818	0.645098519325256	0.0	4.42278570937235e-05	Group D
22:27890684:G:A	22	27890684	Group D	rs6005471	0.737179565429688	0.0022344082324294	0.0022344082324294	Group D
22:28181436:A:C	22	28181436	C	rs382819	0.624386632442474	-0.0006869139691455	0.0004742476572445999	Group D
22:28398528:A:G	22	28398528	G	rs138657	0.638336098194122	0.0	0.0004629972190976	Group D
22:28423378:C:A	22	28423378	A	rs4140571	0.733106684684753	-0.0027728619546251	0.0021649645988317	Group D
22:29033545:T:C	22	29033545	C	rs12165893	0.466894692182541	-0.0006542681199461	0.008094390301169601	Group B
22:29037864:C:A	22	29037864	A	rs9625520	0.550618535280228	-0.0053094682475443	0.0051999987020904	Group B
22:29141241:C:T	22	29141241	T	rs5762767	0.584630906581879	0.0	0.0008551119681915	Group D
22:29171298:G:A	22	29171298	A	rs5762784	0.571487951278687	0.0	0.0003655544901643	Group D
22:29198151:T:G	22	29198151	Group D	rs3788409	0.752148079872131	-0.0028572111217716	0.0028572111217716	Group D
22:29453027:A:G	22	29453027	G	rs3178915	0.6290167927742	-0.0041369802904652	0.0016558335422037001	Group D
22:29628741:C:T	22	29628741	Group D	rs1997719	0.757179367542267	-0.0023843186172196	0.0023843186172196	Group D
22:29630337:G:A	22	29630337	A	rs3950176	0.567864549160004	0.0	0.0007422358463739	Group D
22:29653611:G:A	22	29653611	A	rs2744465	0.42451139986515	-0.0039927737903839	0.0024304523657035	Group D
22:29734696:T:G	22	29734696	Group D	rs174766	0.748664504289627	0.0006030403561744	0.0006030403561744	Group D
22:29762240:G:A	22	29762240	Group D	rs6006108	0.759572052955627	0.002017331981809	0.002017331981809	Group D
22:29835060:T:C	22	29835060	C	rs16987627	0.0	-0.0020849857566915	0.0005185774244568001	Group D
22:29913272:C:T	22	29913272	T	rs737976	0.408038890361786	-0.0014161720968691	0.00018704671006770012	Group D
22:30019726:C:T	22	30019726	Group D	rs9608799	0.775407445430756	-0.002332579188802	0.002332579188802	Group D
22:30057574:A:G	22	30057574	G	rs2857641	0.675443887710571	-0.0007983507206035	0.0020121833606730997	Group D
22:30057820:C:T	22	30057820	T	rs2857642	0.551654174923897	-6.78028097098008e-06	0.00012089353169621991	Group D
22:30206291:C:A	22	30206291	A	rs36576	0.643503320217133	-0.0040891018114956	0.0004326919411440002	Group D
22:30405983:G:A	22	30405983	A	rs41158	0.437640938162804	0.000726259855235	0.0006688298797693	Group D
22:30493882:G:A	22	30493882	A	rs5763767	0.429029384255409	0.0	0.0001087383747586	Group D
22:30512478:G:A	22	30512478	A	rs4823074	0.626482117176056	0.0	0.0004047358702057	Group D
22:30529631:C:A	22	30529631	A	rs2412973	0.601549714803696	0.0	0.006229562674151	Group B
22:30592487:C:G	22	30592487	Group D	rs713875	0.808428549766541	-0.0078639965631289	0.0078639965631289	Group B
22:30598552:C:G	22	30598552	G	rs17728461	0.283577789366245	0.0	0.0001637538257366	Group D
22:30601243:G:A	22	30601243	A	rs9614159	0.418592584133148	0.0	0.000392789586682	Group D
22:30934816:T:C	22	30934816	C	rs5753190	0.540524408221245	0.0040861593886817	0.0009160055823773999	Group D
22:31521404:G:A	22	31521404	A	rs2240432	0.499919798970223	0.0016886828370972	0.0005141600899122999	Group D
22:32024980:A:G	22	32024980	G	rs11703808	0.692159247398377	0.0005574073810425	0.0003069694047542	Group D
22:32904927:T:C	22	32904927	C	rs3213515	0.656789511442184	0.0004701701773957	0.0006950148563265999	Group D
22:32932905:C:T	22	32932905	T	rs135472	0.517487096786499	-0.0011209813589138	0.0002847961454467999	Group D
22:33243656:G:T	22	33243656	T	rs2283883	0.533470138907433	1.28918475988848e-05	0.0010276967956961152	Group D
22:33774359:T:C	22	33774359	C	rs2413181	0.329878595471382	0.0	2.71246017594106e-06	Group D
22:33796882:G:A	22	33796882	A	rs7285067	0.420025563240051	0.0	1.38336608591683e-05	Group D
22:33798202:G:A	22	33798202	A	rs2283899	0.301555410027504	-0.0017855413470158	0.0008216142485852999	Group D
22:34077092:T:C	22	34077092	C	rs2267259	0.481753492355347	0.0003108560298604	0.00047469270544780003	Group D
22:34315423:T:G	22	34315423	Group D	rs2267325	0.910117888450623	-0.0010541353841799	0.0010541353841799	Group D
22:34722570:A:G	22	34722570	G	rs2032461	0.451681539416313	-0.0002846910879542	0.00041441706390699996	Group D
22:34790067:C:T	22	34790067	T	rs1569426	0.264987003803253	0.0009365893056305	0.0001160189390359	Group D
22:35238768:C:A	22	35238768	A	rs742296	0.47519348859787	0.0	0.0002656358513717	Group D
22:36556823:G:T	22	36556823	T	rs132653	0.829793167114258	0.005934938120261	0.0010040624863783005	Group D
22:36576223:G:A	22	36576223	Group D	rs132684	0.76095085144043	0.001009586955448	0.001009586955448	Group D
22:36597744:A:C	22	36597744	C	rs9610445	0.915809452533722	-0.0064335381693206	0.0004105000943942002	Group D
22:36669095:C:T	22	36669095	T	rs4821475	0.543443402647972	0.0007164740023229	0.0011218275087535	Group D
22:36710183:T:C	22	36710183	C	rs3752462	0.576810657978058	0.0003340273504128	0.0006431253177395	Group D
22:36924714:A:G	22	36924714	Group D	rs5995298	0.873175579309464	-0.0011949335270913	0.0011949335270913	Group D
22:36941065:G:A	22	36941065	A	rs5750269	0.623256933689117	0.0	0.000104460439103	Group D
22:37193986:C:A	22	37193986	A	rs9610583	0.604100447893143	0.0006360733031819	0.00045669671095009993	Group D
22:37363200:C:T	22	37363200	T	rs8141779	0.7738884806633	0.0	0.0003288588331925	Group D
22:37469590:C:T	22	37469590	T	rs387907018	0.0	0.0004856094241957	0.0006527729592275	Group D
22:37485724:T:C	22	37485724	C	rs2235324	0.292514018714428	-0.0003060103837506	0.0006050007922922	Group D
22:37533786:C:G	22	37533786	G	rs228957	0.521839272975922	-0.0015739643783145	0.00020857477131080017	Group D
22:37544486:G:A	22	37544486	A	rs3218255	0.784639692306519	-0.002393886361843	0.0019529465240092	Group D
22:37619000:A:G	22	37619000	Group D	rs9610671	0.767408645153046	0.0002830671403437	0.0002830671403437	Group D
22:37633775:G:A	22	37633775	A	rs5756573	0.686106222867966	0.0	9.50211655745601e-05	Group D
22:37637653:G:C	22	37637653	Group D	rs2239774	0.879103153944016	-0.0009129964866789	0.0009129964866789	Group D
22:37641996:G:A	22	37641996	Group D	rs2213432	0.749779522418976	-0.0010328025902033	0.0010328025902033	Group D
22:37677949:C:A	22	37677949	Group D	rs8141057	0.869269347190857	-0.0001760575878425	0.0001760575878425	Group D
22:37678204:C:T	22	37678204	T	rs5756587	0.615444818139076	0.0	0.0003114270234574	Group D
22:37678378:A:G	22	37678378	Group D	rs3213555	0.832675594091415	3.91658687221773e-05	3.91658687221773e-05	Group D
22:37679671:C:T	22	37679671	T	rs1041894	0.907974493503571	-0.0033431014749884	0.0018609698666849999	Group D
22:38130459:G:T	22	38130459	T	rs8140207	0.629140448570252	-0.0006136792147071	0.0006810033490883	Group D
22:38517405:T:C	22	38517405	C	rs2076116	0.356753608584404	0.0	0.001004602132026	Group D
22:38569006:A:G	22	38569006	Group D	rs738322	0.773039466142654	-0.0012548322725097	0.0012548322725097	Group D
22:39287355:C:T	22	39287355	Group D	rs469987	0.744898021221161	-0.0012288367880834	0.0012288367880834	Group D
22:39306630:C:A	22	39306630	A	rs4820357	0.446076658368111	0.0	0.0002351788574391	Group D
22:39481187:C:T	22	39481187	T	rs2413570	0.554149743914604	0.0016958980751068	0.0019198229891464	Group D
22:39482371:C:G	22	39482371	G	rs17496046	0.646232891082764	0.0	0.0004937606677955	Group D
22:39496412:G:C	22	39496412	Group D	rs139294	0.793246823549271	-0.0032917456821648	0.0032917456821648	Group D
22:39498038:G:C	22	39498038	C	rs139302	0.598675799369812	0.0	0.002059508310738	Group D
22:39537932:T:C	22	39537932	C	rs139393	0.767308193445206	-0.0060561655402632	0.0031239916845955	Group D
22:39542292:G:A	22	39542292	A	rs877529	0.686856657266617	0.0	0.0001253319924151	Group D
22:39549426:T:G	22	39549426	G	rs12158877	0.714501363039017	0.0	0.0005790956654933	Group D
22:39573724:C:A	22	39573724	A	rs7287160	0.581606182456017	-8.35602573057488e-05	0.0016698228731431512	Group D
22:39581277:C:A	22	39581277	Group D	rs738470	0.756133717298508	-0.0008299284743027	0.0008299284743027	Group D
22:39875966:T:G	22	39875966	G	rs4821901	0.454912340641022	0.0013307551180429	0.00044599235110190003	Group D
22:39947068:T:C	22	39947068	C	rs2092168	0.670832258462906	0.0003288113692953	0.00020769983336729996	Group D
22:40010806:C:T	22	40010806	T	rs8140185	0.31455761641264	-0.0008234233772849	8.770950710509993e-05	Group D
22:40026141:C:A	22	40026141	A	rs5750861	0.484119760990143	0.0003136472230433	0.0006404210277708	Group D
22:40632047:A:C	22	40632047	Group D	rs4821935	0.736080646514893	-0.0001830849768225	0.0001830849768225	Group D
22:40673999:C:T	22	40673999	T	rs2413621	0.457592779397965	-0.0070696359460087	0.0008448213421551002	Group D
22:40744053:A:G	22	40744053	Group D	rs17001846	0.809895616769791	-0.0045420154028594	0.0045420154028594	Group B
22:40778778:A:G	22	40778778	G	rs11913132	0.567565974593163	0.0	0.0022969312288849	Group D
22:41451185:A:C	22	41451185	C	rs8138132	0.423274773359299	-0.0009951387497476	0.0008409524082016	Group D
22:41548008:A:G	22	41548008	G	rs20551	0.685139709711075	0.0032487497050804	0.0004565985228708997	Group D
22:42076381:C:A	22	42076381	A	rs5758405	0.418186140060425	-3.5914676039673e-05	0.000407443449483527	Group D
22:42089623:T:C	22	42089623	C	rs739134	0.642214548587799	0.0	3.39639262692525e-06	Group D
22:42234937:C:T	22	42234937	T	rs7287010	0.483193725347519	0.0002431262228432	0.0007832434758697001	Group D
22:42336172:G:A	22	42336172	A	rs5758511	0.881899076700211	-0.0016193545877027	0.00011155679566630006	Group D
22:42996149:G:A	22	42996149	Group D	rs4822173	0.803383564949036	0.0004984362158174	0.0004984362158174	Group D
22:43010817:G:A	22	43010817	A	rs28627172	0.872708517313004	-0.0005374262832304	0.0007206575455649001	Group D
22:43089849:T:C	22	43089849	C	rs11541159	0.592505288124085	0.0	0.0008105610857882	Group D
22:43319158:T:C	22	43319158	Group D	rs738384	0.894349539279938	0.0009291845121674	0.0009291845121674	Group D
22:43529314:G:C	22	43529314	C	rs13815	0.716330307722092	0.0001168200156568	0.0002250469660434	Group D
22:43568512:C:T	22	43568512	T	rs34074034	0.509463304281235	-0.0054341191959678	0.0007596041636937995	Group D
22:43670386:G:A	22	43670386	A	rs139043	0.655046761035919	0.0020019288743471	0.0007887782271202002	Group D
22:44219944:A:C	22	44219944	C	rs4149445	0.624006080627441	0.0001491212410436	0.0008155598150875	Group D
22:44282276:A:G	22	44282276	G	rs739231	0.275081090629101	0.0015981748032804	0.0002282870084539001	Group D
22:44286531:T:C	22	44286531	C	rs713964	0.547380009293556	0.0010919646454265	0.0007172268314224	Group D
22:44368122:A:G	22	44368122	G	rs3761472	0.437941667437553	-0.004314470375711	0.0005694017816211001	Group D
22:44761797:T:A	22	44761797	A	rs5765809	0.551269933581352	-0.0014412825981868	0.0002897500426066002	Group D
22:44996472:A:G	22	44996472	G	rs9306482	0.607307732105255	0.0	0.0002704911651017	Group D
22:45057826:C:T	22	45057826	T	rs136904	0.721908175945282	-0.0030310453322355	0.00048522079110850007	Group D
22:45240256:T:G	22	45240256	G	rs136678	0.49794824719429	0.0	0.0002212876231711	Group D
22:45749983:G:T	22	45749983	T	rs5764698	0.677561491727829	-0.0002827107482497	0.00038558367108590006	Group D
22:45974913:T:C	22	45974913	C	rs5765490	0.56200110912323	-0.001286364179521	0.0008065392500919998	Group D
22:46318479:A:G	22	46318479	Group D	rs9723264	0.742679399251938	-0.0001579542263555	0.0001579542263555	Group D
22:46349015:C:T	22	46349015	Group D	rs28460001	0.732664352655411	-0.0012947067765488	0.0012947067765488	Group D
22:46370765:T:C	22	46370765	C	rs34315830	0.484004670381546	0.000332074108843	0.0008313146138879	Group D
22:46403383:C:T	22	46403383	Group D	rs28685663	0.788792812824249	-0.000777220151733	0.000777220151733	Group D
22:46922134:C:A	22	46922134	A	rs4823560	0.562511557340622	0.0	0.0004719675233229	Group D
22:47301789:A:G	22	47301789	G	rs5767396	0.496927234530449	-0.0004840468599803	0.0008263688031516	Group D
22:47687618:T:C	22	47687618	C	rs1005241	0.279786467552185	-0.0022604537478921	0.0005506615311411996	Group D
22:48543566:C:T	22	48543566	T	rs106953	0.500568222999573	0.0	0.0004628227124364	Group D
22:49230481:C:T	22	49230481	T	rs79264393	0.775007957220078	0.0046373930237247	0.004615080488355909	Group B
22:49506256:T:C	22	49506256	C	rs13054207	0.414223018288612	0.0002216288001945	0.0008726589742072	Group D
22:49806863:G:A	22	49806863	A	rs6009666	0.410900729894638	-0.0016211408378819	0.0006244474063272999	Group D
22:50015327:C:T	22	50015327	T	rs7288869	0.255656057596207	0.0011144633038736	0.0003623417551371999	Group D
22:50034477:C:T	22	50034477	T	rs2071904	0.353974191844463	0.0004742768057695	0.0010463300037417	Group D
22:50625800:A:G	22	50625800	Group D	rs738338	0.782721656560898	-0.0025126390245366	0.0025126390245366	Group D
22:50658698:T:A	22	50658698	A	rs5771107	0.396314227581024	0.0	0.0022516915466754	Group D
22:50717129:T:G	22	50717129	G	rs28718510	0.650403767824173	0.0046342864136614	0.00027737762171050045	Group D
22:50728062:T:C	22	50728062	C	rs28379706	0.660896158218384	0.0020073061483962	0.0002717095821802003	Group D
22:50960682:C:T	22	50960682	T	rs140524	0.465354415774345	0.0016656894022752	0.0012404246012772998	Group D
22:50980818:C:A	22	50980818	Group D	rs5770874	0.749807441234589	0.0023486231492083	0.0023486231492083	Group D
22:51009953:C:T	22	51009953	T	rs470117	0.554099842905998	-0.0010673677252093	0.0006306454284679	Group D
22:51048400:A:G	22	51048400	G	rs2269380	0.442292934656143	0.0008210217722351	0.0006515282969573001	Group D
22:51094926:C:T	22	51094926	Group D	rs9616810	0.903259444236755	0.0027909581538179	0.0027909581538179	Group D
22:51117580:T:C	22	51117580	C	rs9616915	0.494888219237328	-0.0031817680046574	0.0011376739479887002	Group D
22:51123505:G:A	22	51123505	A	rs9616816	0.426449772715569	0.0	0.0017453055088663	Group D
22:51138753:A:G	22	51138753	G	rs1001469	0.587439426779747	0.0	0.0005768230847073	Group D
22:51148424:G:A	22	51148424	Group D	rs9616945	0.757642316818237	0.0010406287262026	0.0010406287262026	Group D
22:51148993:C:T	22	51148993	Group D	rs76870387	0.752452164888382	-0.0001160694629713	0.0001160694629713	Group D
X:2847133:A:G	23	2847133	G	rs3747394	0.0	0.0003132246740134	0.0005142036816245001	Group D
X:3002687:A:G	23	3002687	G	rs5983003	0.0	0.0	0.0001763949472359	Group D
X:3021798:T:C	23	3021798	C	rs1869561	0.0	-0.0004330186867832	0.0003882142430186	Group D
X:3115554:G:A	23	3115554	A	rs12559961	0.0	-0.0001291674665835	0.0006503571441409	Group D
X:3631167:A:G	23	3631167	G	rs3752362	0.0	-0.0014131361758845	8.45833112816999e-05	Group D
X:3664074:T:C	23	3664074	C	rs6641876	0.0	-0.0086025865211735	0.0005343928346291989	Group D
X:3664764:A:G	23	3664764	G	rs59003681	0.0	-0.0061390925660745	0.00017367933205019934	Group D
X:3697065:C:T	23	3697065	T	rs6608351	0.0	-0.0034429452971236	0.0005886378185280005	Group D
X:4469798:A:G	23	4469798	G	rs4086429	0.0	0.0030247326353728	0.0006783691858307998	Group D
X:6621885:G:C	23	6621885	C	rs5989546	0.0	0.0016021515222823	0.0004385335841068001	Group D
X:6638790:C:T	23	6638790	T	rs5948738	0.0	0.0	7.09632487419941e-06	Group D
X:6696168:G:A	23	6696168	A	rs6529981	0.0	1.53463347774034e-05	0.0005543577458537967	Group D
X:8504833:C:T	23	8504833	T	rs808119	0.0	-0.0012577265413428	0.0003105544928068999	Group D
X:8895826:T:G	23	8895826	G	rs17269655	0.0	0.0	0.0005782977351535	Group D
X:8913826:T:C	23	8913826	C	rs5934505	0.0	-0.0027645254042713	0.00036377313463110007	Group D
X:9341848:C:T	23	9341848	T	rs715171	0.0	0.0020020522995306	0.0004082877173203002	Group D
X:9371882:C:A	23	9371882	A	rs5934606	0.0	0.0006335586329895	0.0003095157279327	Group D
X:9531042:C:T	23	9531042	T	rs2521413	0.0	0.0	0.0001006872008371	Group D
X:9825109:G:A	23	9825109	A	rs17255244	0.0	0.0	0.0002286930262395	Group D
X:12367544:C:G	23	12367544	G	rs56919142	0.0	3.26678380495219e-05	0.0007561497927653781	Group D
X:13002907:G:A	23	13002907	A	rs5934048	0.0	0.0009310065165849	0.0005339729607251	Group D
X:13267079:G:A	23	13267079	A	rs5979841	0.0	0.0	0.0004408655882151	Group D
X:13337059:C:T	23	13337059	T	rs4830842	0.0	-0.0035538258970997	6.48803516593e-05	Group D
X:13421364:G:A	23	13421364	A	rs4830853	0.0	0.0	0.0004198296512046	Group D
X:13541226:C:A	23	13541226	A	rs6633004	0.0	0.0	0.0005090281457587	Group D
X:13563981:C:T	23	13563981	T	rs1431723	0.0	0.0	0.0001020969818252	Group D
X:13763653:G:A	23	13763653	A	rs5979958	0.0	0.0031183765584214	0.0003473334664769001	Group D
X:16042764:A:G	23	16042764	G	rs12846884	0.0	0.0	6.98378868863664e-05	Group D
X:17560052:T:C	23	17560052	C	rs1894579	0.0	0.0006808979229519	0.00025926042256310005	Group D
X:17602968:T:C	23	17602968	C	rs5909437	0.0	0.0	0.000333408481302	Group D
X:18152685:A:G	23	18152685	G	rs5909150	0.0	-0.0003826219026437	0.00017629315491070005	Group D
X:18212905:A:G	23	18212905	G	rs5909165	0.0	-0.0030520341576431	0.00037578232701449997	Group D
X:20071046:T:C	23	20071046	C	rs34519770	0.0	-0.001650752953224	0.0003380329388272998	Group D
X:23303645:G:C	23	23303645	C	rs10521926	0.0	0.0009157757490906	0.00023080015357900008	Group D
X:23322621:C:A	23	23322621	A	rs886546	0.0	-0.0001137422266136	0.00029566201200629996	Group D
X:23747478:A:G	23	23747478	G	rs5925887	0.0	0.0	0.000469768165601	Group D
X:23788151:C:T	23	23788151	T	rs5970791	0.0	-0.0001361649488752	0.0006641924176805	Group D
X:23928489:C:T	23	23928489	T	rs2707164	0.0	0.0	0.000137983150348	Group D
X:24075862:A:G	23	24075862	G	rs16997659	0.0	-1.51516165304665e-05	0.0003743946787277335	Group D
X:25751456:C:A	23	25751456	A	rs5944138	0.0	-0.0005043392351614	0.00045058730902769993	Group D
X:25820816:G:A	23	25820816	A	rs73195057	0.0	0.0016468648532709	0.0005177503347585002	Group D
X:26882296:C:A	23	26882296	A	rs11798748	0.0	3.17130607605167e-05	0.0004778191344109833	Group D
X:27839572:T:C	23	27839572	C	rs1368769	0.0	0.0	0.0002507745556109	Group D
X:29199951:G:A	23	29199951	A	rs5943606	0.0	0.0	2.61964909579109e-05	Group D
X:32159841:C:T	23	32159841	T	rs2701794	0.0	0.0004933380278167	0.00011220792354039999	Group D
X:32172371:C:T	23	32172371	T	rs1718053	0.0	0.0003043213710708	0.0003856859411621	Group D
X:32315137:C:T	23	32315137	T	rs331323	0.0	0.0002787068622781	0.00039067405278010004	Group D
X:32318547:C:T	23	32318547	T	rs331321	0.0	0.0	0.000165983905905	Group D
X:32531441:G:T	23	32531441	T	rs228327	0.0	0.0	0.0007063340358445	Group D
X:32580579:C:T	23	32580579	T	rs808576	0.0	-0.0001527008117348	0.0002877866701246	Group D
X:32580932:T:C	23	32580932	C	rs7057273	0.0	-0.0025547652107859	0.00032433490698079983	Group D
X:32776681:G:A	23	32776681	A	rs2748318	0.0	0.0	0.0003539369914613	Group D
X:33643762:G:A	23	33643762	A	rs143580525	0.0	0.0004832580055526	0.0011042363440046002	Group D
X:34936091:C:T	23	34936091	T	rs6632121	0.0	0.0	0.0003114028950902	Group D
X:37779569:C:T	23	37779569	T	rs17246442	0.0	0.0	5.91725192421009e-05	Group D
X:37852073:C:T	23	37852073	T	rs5964274	0.0	0.0	6.45380130743911e-05	Group D
X:38923442:G:A	23	38923442	A	rs909381	0.0	0.0002004244193536	0.0005405504937337001	Group D
X:39739615:C:A	23	39739615	A	rs5963701	0.0	-0.0002832924094641	0.0006562143397109	Group D
X:39878737:G:C	23	39878737	C	rs5917919	0.0	0.0015392100097487	0.00015272462340620006	Group D
X:39901104:A:C	23	39901104	C	rs12689666	0.0	0.0007729201035807	0.0005589317860238001	Group D
X:41024003:T:C	23	41024003	C	rs3788881	0.0	0.0021162704942692	0.0013636377523649997	Group D
X:41156925:C:T	23	41156925	T	rs5963946	0.0	-0.0007324939686628	0.0004632027744148001	Group D
X:41163139:A:G	23	41163139	G	rs6610534	0.0	-0.0008664087100604	0.0003704330842199	Group D
X:41573566:T:C	23	41573566	C	rs6609159	0.0	0.0	0.0002695605785504	Group D
X:42790627:A:G	23	42790627	G	rs205845	0.0	-0.000707126596007	0.0006991598000161	Group D
X:44311862:G:A	23	44311862	A	rs909658	0.0	0.0005948595118455	0.0006439483914172001	Group D
X:44592980:T:C	23	44592980	C	rs5905875	0.0	-0.0001950723959134	0.0004354362272212	Group D
X:44833841:C:A	23	44833841	A	rs6611055	0.0	0.0	0.0001046241565802	Group D
X:46598739:T:G	23	46598739	G	rs4824410	0.0	0.0015087487166717	0.0004681871280405	Group D
X:46768969:T:C	23	46768969	C	rs5906288	0.0	0.0001672009625922	7.35365698879e-05	Group D
X:46923384:C:G	23	46923384	G	rs5952412	0.0	0.0001590220930637	0.0008756910413553001	Group D
X:51241672:C:T	23	51241672	T	rs5945619	0.0	-0.0010778611333823	0.00017412916378300005	Group D
X:51344295:G:A	23	51344295	A	rs5945652	0.0	-0.0011625841193632	0.00034894578563730004	Group D
X:51779102:A:G	23	51779102	G	rs4986573	0.0	0.0	0.00018727394191	Group D
X:54951464:C:T	23	54951464	T	rs45448595	0.0	0.0	0.0001456820209143	Group D
X:64259911:T:G	23	64259911	G	rs144558257	0.0	0.0009903317846175	0.0016196278071583998	Group D
X:65824986:C:T	23	65824986	T	rs1385699	0.0	0.0	0.0003389986948786	Group D
X:67469451:T:C	23	67469451	C	rs5965529	0.0	0.0012050930474757	0.0010609195555221999	Group D
X:67652748:C:T	23	67652748	T	rs41303733	0.0	0.0	0.0004691575569034	Group D
X:68381264:C:A	23	68381264	A	rs11539157	0.0	0.0007393544354091	0.0002747475430777	Group D
X:68439495:G:A	23	68439495	A	rs6625416	0.0	-0.0007152904291037	0.0005486463861993	Group D
X:68892916:G:A	23	68892916	A	rs5936487	0.0	0.0021616733231992	0.0004400376626192003	Group D
X:70173688:C:T	23	70173688	T	rs5936612	0.0	0.0002667302810618	0.00027203091885819996	Group D
X:72374634:A:G	23	72374634	G	rs67056036	0.0	0.0	1.35182805627387e-06	Group D
X:78426988:T:C	23	78426988	C	rs3827440	0.0	0.001163630953781	0.0002162428943489	Group D
X:79281202:G:A	23	79281202	A	rs34244923	0.0	0.0	0.0004847582767006	Group D
X:82330656:T:C	23	82330656	C	rs4828220	0.0	-0.0006747749206365	0.0005835618169934999	Group D
X:83542707:C:T	23	83542707	T	rs12688565	0.0	0.0003988105205005	0.0004995966856454	Group D
X:83809094:T:C	23	83809094	C	rs1406988	0.0	0.0003160128426965	0.00013373292207680002	Group D
X:84363140:A:G	23	84363140	G	rs10126146	0.0	-0.0080036608738277	0.00019454851764909992	Group D
X:86599254:A:G	23	86599254	G	rs503848	0.0	0.0009013394816575	0.00039126588349440005	Group D
X:86620004:CA:C	23	86620004	C	rs34128578	0.0	-3.87599079020642e-05	0.0003803447950389358	Group D
X:87220675:C:T	23	87220675	T	rs5969411	0.0	0.0020819555917107	0.0007386968952762	Group D
X:87601463:A:C	23	87601463	C	rs4304477	0.0	0.0022872545720888	0.0003079401153136003	Group D
X:87620893:G:A	23	87620893	A	rs11093075	0.0	7.64090387859925e-05	0.0005343982906711076	Group D
X:90508153:T:C	23	90508153	C	rs2558640	0.0	0.0003088405894864	0.0005844112465539999	Group D
X:90685734:C:T	23	90685734	T	rs5941910	0.0	-0.0022724919213802	0.00017240735052679972	Group D
X:91015570:T:C	23	91015570	C	rs2628516	0.0	0.000230652354484	0.00022685579031030001	Group D
X:91145052:G:A	23	91145052	A	rs2563416	0.0	0.0006390785653194	0.0002797542954544	Group D
X:91258004:A:G	23	91258004	G	rs2563177	0.0	0.0	3.91425709512243e-05	Group D
X:91402220:T:C	23	91402220	C	rs2573905	0.0	-0.0010642756606841	0.00015336258799040006	Group D
X:92077339:T:C	23	92077339	C	rs2506336	0.0	0.0002684228397806	0.000638478538013	Group D
X:92523186:T:C	23	92523186	C	rs1850987	0.0	0.0004271862022729	0.00048756036062949995	Group D
X:96343710:A:C	23	96343710	C	rs661342	0.0	0.0005230231620967	0.00037059694068930006	Group D
X:97080344:T:G	23	97080344	G	rs318177	0.0	0.0	0.0001802855678735	Group D
X:99890204:C:T	23	99890204	T	rs1802288	0.0	0.0	0.0003954063689887	Group D
X:100265713:T:C	23	100265713	C	rs7885599	0.0	-0.000294390341125	0.00044473286211799996	Group D
X:100350683:TA:T	23	100350683	T	rs34994578	0.0	0.0	1.66045842129072e-05	Group D
X:101382005:G:C	23	101382005	C	rs5944856	0.0	0.0046865551054309	0.0001436148910320999	Group D
X:102827273:T:C	23	102827273	C	rs12012342	0.0	0.0016830529975704	0.0004857231246383001	Group D
X:108708552:A:G	23	108708552	G	rs12008095	0.0	0.0027221580907457	0.00042523903908829987	Group D
X:111698036:T:C	23	111698036	C	rs6568050	0.0	0.0	6.8161059867667e-05	Group D
X:113278805:A:G	23	113278805	G	rs5974224	0.0	0.0	0.0006419979529836	Group D
X:114426765:C:T	23	114426765	T	rs11795689	0.0	0.0036565377956887	0.0003877067389719004	Group D
X:114710567:G:A	23	114710567	A	rs112561107	0.0	-0.0016537141320243	0.0004148632555375999	Group D
X:115093352:C:T	23	115093352	T	rs7065954	0.0	-0.0009088949251003	0.00042099162765550007	Group D
X:117024713:T:A	23	117024713	A	rs5956807	0.0	0.0	1.40543580035664e-05	Group D
X:117632776:A:G	23	117632776	G	rs12558710	0.0	-0.0015033223307559	0.0003746075518416001	Group D
X:119503451:G:A	23	119503451	A	rs3788941	0.0	0.0006254806835945	0.00043154723718090004	Group D
X:119588151:G:T	23	119588151	T	rs42895	0.0	0.0	0.0001475802448058	Group D
X:119931818:G:A	23	119931818	A	rs5956251	0.0	0.0024920941532329	0.0004437080338613999	Group D
X:119958089:T:C	23	119958089	C	rs12841685	0.0	-0.0010765068961415	0.0004915243380752999	Group D
X:121579673:G:A	23	121579673	A	rs2840658	0.0	0.0	0.0004197658113987	Group D
X:121980825:T:C	23	121980825	C	rs4553047	0.0	0.0018398703324767	0.00038219573751669994	Group D
X:122110584:A:C	23	122110584	C	rs5909942	0.0	0.0	0.000342431527563	Group D
X:122725180:C:T	23	122725180	T	rs56233537	0.0	0.0013869700495638	0.0008321232046153001	Group D
X:122758528:AG:A	23	122758528	A	rs1210253969	0.0	0.0003090696082407	0.0003103639688594999	Group D
X:123034511:A:C	23	123034511	C	rs5956583	0.0	-0.0023926799493961	0.00024961334227179997	Group D
X:123675495:C:T	23	123675495	T	rs5958513	0.0	0.0	0.0011364474394219	Group D
X:123904594:A:G	23	123904594	G	rs62604295	0.0	0.0013965833193059	0.00037886874944770017	Group D
X:124302565:A:G	23	124302565	G	rs5912002	0.0	-0.0008909814503227	0.0005107544962905	Group D
X:124604731:C:A	23	124604731	A	rs1017715	0.0	0.0	0.0001375016234103	Group D
X:124784218:C:T	23	124784218	T	rs79658279	0.0	0.0001530024423515	0.0003547353541984	Group D
X:125115300:G:A	23	125115300	A	rs1305003	0.0	0.0006081207879342	0.0002911570882392	Group D
X:125299467:G:T	23	125299467	T	rs10126452	0.0	0.0	0.0001407384629873	Group D
X:126620634:G:A	23	126620634	A	rs5974912	0.0	-0.0003647043556191	0.0004804327535868	Group D
X:128495865:C:G	23	128495865	G	rs7064427	0.0	0.0	0.0004231524552175	Group D
X:129349295:T:G	23	129349295	G	rs209238	0.0	-0.0023332635810257	0.0004494255323436	Group D
X:129848168:A:G	23	129848168	G	rs5975223	0.0	0.0	0.0005834140314354	Group D
X:132438872:C:A	23	132438872	A	rs1129980	0.0	0.0027867925704014	0.0003334871882541999	Group D
X:135667719:T:C	23	135667719	C	rs2518884	0.0	0.0036442423277546	0.0006579596004901	Group D
X:135706075:C:G	23	135706075	G	rs5930970	0.0	-1.48967271095186e-05	0.00027058429086698136	Group D
X:136225349:C:T	23	136225349	T	rs5931073	0.0	0.0002988725599496	0.000345759211185	Group D
X:137002815:C:T	23	137002815	T	rs5931238	0.0	-0.0001491432677263	0.00048764537533469994	Group D
X:137984544:T:C	23	137984544	C	rs507988	0.0	-0.0005621843911363	0.0004140385470943	Group D
X:139185642:G:A	23	139185642	A	rs1886366	0.0	0.0003208080880721	0.00044059577566919994	Group D
X:140008747:T:C	23	140008747	C	rs5907091	0.0	0.0006007150857023	0.0005066255114326	Group D
X:140363100:C:T	23	140363100	T	rs5907859	0.0	-0.002631825074779	0.0003478661907543	Group D
X:140470070:A:G	23	140470070	G	rs6636278	0.0	0.0002950588714045	0.0001106103200928	Group D
X:140551468:C:T	23	140551468	T	rs6528869	0.0	-0.000238280225623	0.00045299213789849995	Group D
X:140826288:T:G	23	140826288	G	rs5907175	0.0	-0.0006735374358505	0.00029107996029450003	Group D
X:141432817:G:A	23	141432817	A	rs11798760	0.0	0.0019409620226441	0.0003291116882187001	Group D
X:141945401:A:G	23	141945401	G	rs2143041	0.0	0.0008909041607598	0.0005793898883684	Group D
X:142148488:T:C	23	142148488	C	rs12840560	0.0	0.0010379283167522	0.0006492453933477	Group D
X:142431962:A:G	23	142431962	G	rs5955000	0.0	0.0	6.97417059818929e-05	Group D
X:142447547:G:A	23	142447547	A	rs4825158	0.0	0.0002536186725431	0.0003258619998613	Group D
X:142502247:C:T	23	142502247	T	rs4598387	0.0	0.0010102333978261	0.00040916113640200005	Group D
X:142967468:T:G	23	142967468	G	rs237520	0.0	-0.0015979588146332	0.00025420585584629983	Group D
X:143869526:A:G	23	143869526	G	rs4430214	0.0	0.0	0.0003897170616442	Group D
X:143944567:T:C	23	143944567	C	rs10482174	0.0	0.0	6.96782275786551e-06	Group D
X:144479949:C:A	23	144479949	A	rs1454679	0.0	0.000118718642003	0.0005967458800424	Group D
X:150184756:G:A	23	150184756	A	rs5925465	0.0	0.000885814581154	0.0005776248444351	Group D
X:150544915:C:T	23	150544915	T	rs2369717	0.0	0.0	0.0001002597956819	Group D
X:150579221:T:C	23	150579221	C	rs5924934	0.0	-0.0007578305551394	0.0003890535713264	Group D
X:150817094:C:G	23	150817094	G	rs5924658	0.0	-0.0003194381589155	0.0001225838347947	Group D
X:150909307:G:T	23	150909307	T	rs35350051	0.0	0.0040970264023594	0.00029585238467950015	Group D
X:151021873:C:T	23	151021873	T	rs6526041	0.0	0.0	0.0003116878886238	Group D
X:151066999:T:C	23	151066999	C	rs5970151	0.0	0.0006620188952814	0.00030313491182039993	Group D
X:153041544:T:C	23	153041544	C	rs5987155	0.0	0.0005806688647939	0.00034246326685629996	Group D
X:153056311:C:CAG	23	153056311	CAG	rs17430	0.0	-0.0001213477705436	0.00037237412703189994	Group D
X:153220360:A:G	23	153220360	G	rs1051152	0.0	-0.0109270055713936	0.00017430184930850023	Group D
X:153689893:G:A	23	153689893	A	rs35285799	0.0	0.0010870779349083	0.0014275318511153998	Group D
X:153711305:C:A	23	153711305	A	rs5945432	0.0	0.0014661865798496	0.00040300013025680007	Group D
X:153881525:G:C	23	153881525	C	rs17328091	0.0	-0.0020394448697539	0.00021613790493760004	Group D
